fecha,indicativo,p_max,n_cub,hr,n_gra,n_fog,inso,q_max,nw_55,q_mar,q_med,tm_min,ta_max,ts_min,nt_30,nv_0050,n_des,w_racha,np_100,n_nub,p_sol,nw_91,np_001,ta_min,w_rec,e,np_300,nv_1000,evap,p_mes,n_llu,n_tor,w_med,nt_00,ti_max,n_nie,tm_mes,tm_max,nv_0100,q_min,np_010,glo
1985-10,0076,36.0(27),7,78,0,0,5.3,1028.3(11),2,1020.0,1019.4,13.5,28.4(03),18.6,0,0,4,04/20.0(27),7,20,47,0,12,8.0(30),144,168,1,0,571,170.8,12,8,9,0,16.8,0,18.3,23.1,0,1008.4(31),10,
1985-11,0076,36.8(12),9,76,0,0,4.2,1025.7(14),1,1013.7,1013.1,6.3,24.8(05),13.0,0,0,2,26/16.9(01),3,19,43,0,8,-1.4(20),164,104,1,0,464,81.8,10,2,9,2,8.4,0,10.9,15.4,0,1003.3(12),8,
1985-12,0076,25.2(08),3,75,0,1,5.3,1030.3(02),0,1018.9,1018.3,4.8,21.6(03),7.8,0,0,10,06/15.0(29),1,18,57,0,7,-1.4(31),154,92,0,0,522,37.2,9,1,10,1,8.0,0,10.1,15.4,0,998.9(28),5,
1985-13,0076,37.9(21/abr),63,73,,5,,1032.5(23/feb),,1016.0,1015.4,10.4,33.5(29/jul),21.6,2,0,70,,16,232,,,66,-7.2(16/ene),,142,4,0,,511.7,,25,12,19,0.8,,15.1,19.8,0,,57,
1985-1,0076,5.3(12),10,68,,0,3.8,1028.8(30),2,1012.6,1012.0,0.4,16.6(23),8.0,0,0,5,27/20.0(18),0,16,40,0,4,-7.2(16),235,66,0,0,,11.1,,0,13,16,0.8,,5.1,9.9,0,997.9(18),3,
1985-2,0076,7.8(18),7,73,,3,4.9,1032.5(23),2,1017.7,1017.1,6.1,22.2(15),11.6,0,0,2,29/21.9(13),0,19,46,0,3,2.0(24),180,96,0,0,717,16.3,,0,10,0,9.4,,10.6,15.2,0,992.3(11),3,
1985-3,0076,23.0(15),5,65,,0,6.8,1026.5(09),,1014.8,1014.1,5.1,19.0(27),10.0,0,0,4,,1,22,57,,7,0.6(19),,84,0,0,,32.7,,2,15,0,8.0,,10.1,15.1,0,992.8(21),7,
1985-4,0076,37.9(21),8,70,,0,7.3,1024.8(02),1,1014.2,1013.6,8.4,22.5(09),11.6,0,0,8,29/16.4(09),1,14,55,0,5,5.2(15),216,114,1,0,786,52.3,,1,15,0,14.0,,13.2,18.0,0,999.6(21),4,
1985-5,0076,31.0(16),7,74,,0,6.6,1018.4(01),2,1012.4,1011.8,10.6,23.7(29),15.0,0,0,1,29/20.0(05),3,23,46,0,9,5.5(12),176,133,1,0,660,70.1,,4,13,0,13.6,,14.8,19.0,0,997.2(06),8,
1985-6,0076,6.5(27),2,77,0,0,8.3,1021.6(25),1,1015.8,1015.2,15.6,26.0(30),18.0,0,0,1,09/16.1(19),0,27,55,0,6,13.0(09),175,192,0,0,641,21.7,9,2,14,0,21.6,0,19.7,23.8,0,,5,
1985-7,0076,8.2(30),2,72,0,0,10.2,1024.8(21),1,1016.4,1015.8,18.7,33.5(29),20.4,2,0,14,06/16.1(03),0,15,68,0,2,16.2(01),154,226,0,0,900,9.1,5,4,12,0,25.2,0,23.4,28.2,0,,1,
1985-8,0076,3.6(25),1,72,0,0,10.1,1023.7(26),0,1016.6,1016.0,17.9,29.6(20),21.6,0,0,7,07/13.6(25),0,23,73,0,1,13.2(07),156,217,0,0,,3.6,2,1,14,0,24.6,0,22.8,27.6,0,1003.2(06),1,
1985-9,0076,4.0(26),2,75,0,1,,1024.7(30),0,1019.3,1018.7,17.5,29.0(07),21.6,0,0,12,07/13.9(26),0,16,,0,2,14.6(18),151,210,0,0,778,5.0,5,0,11,0,25.0,0,22.3,27.1,0,,2,
1986-10,0076,32.0(02),2,81,0,1,5.8,1026.6(27),,1018.6,1018.2,13.9,28.0(10),18.5,0,0,3,,2,26,52,,9,8.0(26),,171,1,0,,77.7,11,4,12,0,17.5,0,18.1,22.3,0,1007.4(23),7,
1986-11,0076,8.6(17),2,73,0,0,4.6,1030.0(27),0,1021.4,1020.8,7.9,21.0(02),14.4,0,0,5,27/15.0(23),0,23,46,0,5,4.0(03),,114,0,0,547,26.8,6,1,14,0,14.2,0,13.0,18.1,0,1007.8(23),5,
1986-12,0076,40.9(08),1,71,0,0,5.0,1036.0(04),,1023.6,1022.9,3.7,18.0(19),6.6,0,0,13,,1,17,54,,4,0.0(23),,84,1,0,,49.0,5,0,9,3,9.5,0,9.1,14.4,0,1011.0(14),3,
1986-13,0076,63.8(11/abr),37,74,0,7,6.9,1036.0(04/dic),,1016.4,1015.8,10.6,33.5(18/ago),23.4,6,0,59,,15,269,55,,62,-1.6(10/feb),,144,6,0,,571.2,92,16,14,6,5.0,0,15.4,20.1,0,974.1(30/ene),48,
1986-1,0076,35.5(28),3,69,0,0,4.4,1031.5(18),4,1015.6,1015.0,3.6,17.4(15),8.4,0,0,3,28/23.9(06),1,25,46,0,2,0.3(07),179,79,1,0,698,36.3,5,0,13,0,5.0,0,8.5,13.4,0,974.1(30),1,
1986-2,0076,7.9(21),7,72,0,0,5.3,1022.1(12),,1007.3,1006.6,3.4,23.2(23),11.0,0,0,2,,0,19,50,,8,-1.6(10),210,82,0,0,534,22.6,12,0,13,3,8.0,0,8.2,13.0,0,991.9(01),5,
1986-3,0076,11.9(19),6,73,0,1,7.0,1027.0(21),,1017.0,1016.4,6.1,20.5(24),10.2,0,0,4,,2,21,58,,6,3.0(26),,100,0,0,567,33.7,7,0,16,0,11.5,0,11.1,16.0,0,993.8(01),5,
1986-4,0076,63.8(11),6,72,0,1,6.3,1019.2(20),6,1010.3,1009.7,6.5,20.0(22),10.6,0,0,2,07/20.0(06),2,22,47,0,6,0.2(13),224,104,1,0,509,92.4,8,1,17,0,8.0,0,11.5,16.6,0,998.7(06),6,
1986-5,0076,33.7(28),3,76,0,3,9.2,1024.2(09),,1017.6,1017.0,12.1,25.5(26),16.8,0,0,4,,1,24,64,,4,7.2(05),,161,1,0,498,35.3,7,0,14,0,16.6,0,17.0,21.9,0,1007.8(04),1,
1986-6,0076,1.8(05),1,72,0,1,9.4,1020.7(08),,1015.5,1014.9,15.0,30.0(28),19.0,1,0,9,,0,20,62,,2,11.5(06),,179,0,0,,3.2,4,0,14,0,19.4,0,19.6,24.1,0,1001.3(05),2,
1986-7,0076,14.6(12),2,72,0,0,9.2,1021.0(04),,1016.8,1016.2,18.1,30.0(04),23.4,2,0,9,,1,20,62,,4,14.5(19),145,214,0,0,909,23.4,6,3,13,0,24.4,0,22.8,27.4,0,1008.7(23),3,
1986-8,0076,26.1(27),2,74,0,0,9.0,1023.1(30),1,1014.9,1014.3,19.4,33.5(18),22.2,3,0,5,24/16.1(18),2,24,65,0,6,15.0(29),155,230,0,0,855,62.5,9,3,14,0,21.0,0,23.6,27.8,0,1005.2(18),5,
1986-9,0076,51.3(30),2,77,0,0,7.4,1026.8(20),,1017.7,1017.1,17.5,29.5(17),19.5,0,0,0,,3,28,59,,6,13.5(29),,208,1,0,688,108.3,12,4,13,0,23.6,0,21.9,26.3,0,1009.4(16),5,
1987-10,0076,175.1(03),8,76,0,0,4.0,1021.9(25),,1013.6,1013.1,13.8,27.0(08),17.8,0,0,2,,7,21,36,,11,9.2(18),,158,3,0,649,411.3,12,8,14,0,18.5,0,18.1,22.3,0,992.9(10),10,
1987-11,0076,32.7(08),5,74,0,0,5.1,1032.1(19),0,1015.9,1015.3,7.7,21.5(01),14.0,0,0,8,23/11.9(03),2,17,52,0,4,1.6(30),252,108,1,0,553,54.1,6,0,10,0,10.4,0,12.4,17.1,0,987.0(24),3,
1987-12,0076,25.5(13),7,79,0,0,3.9,1035.8(27),,1018.2,1017.6,7.0,20.6(18),13.0,0,0,4,,3,20,42,,10,1.2(01),,105,0,0,385,79.4,12,0,10,0,11.5,0,11.3,15.6,0,998.9(14),9,
1987-13,0076,175.1(03/oct),61,74,0,3,6.7,1035.8(27/dic),,1015.7,1015.2,11.1,32.5(15/ago),22.5,12,0,70,,27,232,54,,81,-3.5(20/feb),,144,5,1,,984.8,100,19,12,9,5.4,2,15.6,20.1,0,986.3(14/ene),62,
1987-1,0076,25.7(10),6,72,0,0,4.7,1030.3(25),,1014.8,1014.2,3.1,19.0(27),8.2,0,0,8,,3,17,49,,6,-1.0(12),,77,0,0,540,66.1,8,1,13,6,5.4,2,7.9,12.8,0,986.3(14),6,
1987-2,0076,22.8(11),7,77,0,0,5.5,1027.7(08),0,1013.6,1013.0,4.8,21.0(28),10.4,0,0,3,28/13.9(19),3,18,51,0,10,-3.5(20),251,91,0,0,362,94.1,11,1,9,3,6.6,0,9.1,13.4,0,989.1(12),10,
1987-3,0076,22.5(20),7,76,0,1,5.0,1024.2(01),,1016.7,1016.1,6.8,25.5(02),10.5,0,0,2,,1,20,42,,11,2.4(16),248,102,0,0,534,37.6,13,1,13,0,9.4,0,11.0,15.1,0,1005.8(19),5,
1987-4,0076,3.3(03),6,76,0,0,7.4,1026.8(15),0,1016.9,1016.3,8.8,22.5(27),12.8,0,0,4,27/13.1(04),0,20,55,0,3,5.0(04),,123,0,0,621,5.6,5,0,15,0,14.5,0,13.4,18.0,0,990.0(03),2,
1987-5,0076,22.2(16),4,72,0,0,8.7,1021.0(30),0,1015.3,1014.7,10.5,24.0(29),15.0,0,0,7,24/15.0(30),3,20,60,0,7,6.6(04),,132,0,1,755,52.0,9,0,14,0,14.4,0,15.1,19.6,0,1007.9(15),5,
1987-6,0076,28.4(08),1,72,0,0,10.4,1024.0(16),1,1016.9,1016.3,14.4,27.4(30),18.0,0,0,7,25/18.1(15),1,22,68,0,6,8.0(16),225,175,0,0,,33.7,6,1,12,0,20.5,0,19.0,23.7,0,1006.3(14),4,
1987-7,0076,29.0(20),5,71,0,1,9.0,1021.0(27),0,1015.1,1014.5,18.5,31.0(17),22.4,3,0,7,08/13.1(17),2,19,61,0,7,14.2(01),,212,0,0,886,49.7,8,2,11,0,21.5,0,23.0,27.4,0,1003.0(17),4,
1987-8,0076,2.6(23),4,72,0,1,8.9,1019.7(28),1,1014.8,1014.2,18.9,32.5(15),22.5,6,0,10,08/15.3(27),0,17,65,0,3,15.6(25),238,221,0,0,889,3.6,6,1,12,0,23.5,0,23.6,28.3,0,1002.7(24),1,
1987-9,0076,69.4(30),1,75,0,0,8.2,1023.4(18),,1017.1,1016.5,18.5,30.5(19),20.6,3,0,8,,2,21,65,,3,16.2(30),,220,1,0,,97.6,4,4,12,0,21.8,0,23.3,28.0,0,1002.6(26),3,
1988-10,0076,12.2(11),7,80,0,2,4.9,1022.6(20),3,1015.7,1015.1,14.0,26.8(07),20.6,0,0,3,06/23.1(15),1,21,44,0,8,8.5(20),276,170,0,1,621,33.3,13,3,13,0,19.2,0,18.5,23.0,0,1006.2(19),7,
1988-11,0076,45.6(12),6,75,0,1,4.1,1026.2(28),3,1019.1,1018.5,8.2,20.6(02),16.0,0,0,5,34/18.1(12),5,19,42,0,9,-1.2(24),289,116,1,0,460,120.7,11,2,12,5,11.0,0,12.7,17.2,0,1001.9(30),8,
1988-12,0076,0.1(01),0,65,0,0,6.2,1036.0(30),1,1023.7,1023.1,3.3,17.2(06),7.0,0,0,14,36/22.8(20),0,17,67,0,1,0.4(19),327,75,0,0,665,0.1,1,0,12,0,10.6,0,8.9,14.5,0,994.0(01),0,
1988-13,0076,45.6(12/nov),50,73,1,10,6.9,1036.0(30/dic),,1016.2,1015.6,10.7,32.4(03/ago),23.4,14,0,92,,13,224,57,,67,-1.5(27/feb),,144,3,3,8555,426.0,88,22,13,10,9.0,0,15.7,20.7,0,994.0(01/dic),48,
1988-1,0076,3.6(06),4,76,0,0,4.9,1029.0(09),0,1015.6,1014.9,3.6,16.0(15),6.4,0,0,13,34/13.3(23),0,14,51,0,2,0.8(01),312,87,0,0,479,4.7,3,0,12,0,9.0,0,8.8,13.9,0,995.5(29),2,
1988-2,0076,0.3(29),0,64,0,1,7.3,1027.5(21),,1017.3,1016.7,3.8,21.6(05),8.5,0,0,8,,0,21,69,,1,-1.5(27),,79,0,0,838,0.3,1,0,14,3,11.0,0,9.5,15.1,0,1002.6(06),0,
1988-3,0076,2.8(29),3,67,0,3,7.4,1028.3(11),3,1016.4,1015.8,5.6,24.5(17),11.2,0,0,2,31/18.6(30),0,26,62,0,5,-1.4(01),297,95,0,1,890,5.4,6,0,16,2,11.5,0,11.4,17.2,0,1001.5(30),3,
1988-4,0076,13.5(26),10,79,0,1,5.6,1019.1(13),2,1012.9,1012.3,9.1,21.6(23),12.0,0,0,1,05/22.2(03),2,19,42,0,13,4.0(02),251,127,0,0,570,68.6,15,4,13,0,13.5,0,13.6,18.2,0,1002.8(03),11,
1988-5,0076,9.7(10),9,79,0,2,6.1,1021.4(20),1,1012.3,1011.7,12.6,24.8(29),14.6,0,0,1,08/16.9(06),0,21,42,0,7,8.8(02),227,161,0,1,578,33.0,12,3,12,0,18.5,0,16.9,21.2,0,1002.4(12),6,
1988-6,0076,32.0(26),5,74,0,0,8.2,1019.5(02),0,1013.1,1012.5,15.0,27.8(20),19.5,0,0,4,25/15.0(26),1,21,54,0,13,10.8(08),230,183,1,0,729,53.8,17,6,13,0,18.6,0,19.8,24.6,0,1006.2(30),6,
1988-7,0076,0.6(23),0,69,0,0,10.9,1021.2(25),1,1015.8,1015.2,18.1,31.0(21),20.4,1,0,18,23/15.6(02),0,13,74,0,1,14.6(06),226,212,0,0,945,0.6,1,0,14,0,25.4,0,23.1,28.1,0,1003.5(05),0,
1988-8,0076,1.9(21),2,72,0,0,9.0,1018.6(01),0,1014.2,1013.7,18.8,32.4(03),23.4,11,0,12,27/13.1(03),0,17,65,0,1,16.0(21),225,228,0,0,967,1.9,3,0,14,0,24.0,0,23.8,28.8,0,1004.0(03),1,
1988-9,0076,45.2(29),4,73,1,0,8.3,1025.2(25),1,1018.1,1017.5,15.9,30.4(06),19.0,2,0,11,10/18.9(30),4,15,67,0,6,10.2(15),237,191,1,0,813,103.6,5,4,13,0,21.0,0,21.0,26.0,0,1002.3(01),4,
1989-10,0076,5.0(10),2,76,0,1,6.9,1026.3(17),,1019.7,1019.1,12.7,25.8(08),16.0,0,0,8,,0,21,62,,4,10.4(14),,158,0,0,591,8.4,5,0,12,0,19.0,0,17.8,22.9,0,1002.4(08),3,
1989-11,0076,58.0(16),13,77,0,4,3.6,1024.7(10),,1013.7,1013.2,10.5,22.8(01),13.5,0,0,1,,4,16,36,,11,6.0(06),,129,1,0,551,142.6,13,3,13,0,14.4,0,14.4,18.3,0,998.8(22),11,
1989-12,0076,16.4(27),5,77,0,0,3.9,1031.7(02),,1013.8,1013.2,8.8,20.0(17),13.2,0,0,2,,1,24,42,,7,3.0(25),,114,0,0,928,27.9,8,0,14,0,12.8,0,12.4,15.8,0,998.0(18),5,
1989-13,0076,71.2(03/jun),61,74,0,10,6.8,1041.9(12/feb),,1017.0,1016.4,11.8,32.6(22/ago),24.0,18,0,64,,15,240,55,,76,0.8(01/ene),,151,3,0,8612,573.2,102,22,14,0,9.0,0,16.4,21.0,0,976.1(25/feb),60,
1989-1,0076,3.6(06),4,76,0,0,4.9,1037.6(15),0,1029.7,1029.1,3.6,16.0(15),6.4,0,0,13,34/13.3(23),0,14,51,0,2,0.8(01),312,86,0,0,479,4.7,3,0,12,0,9.0,0,8.8,14.0,0,1015.5(06),2,
1989-2,0076,3.6(25),2,71,0,1,6.8,1041.9(12),6,1022.0,1021.3,4.7,20.2(19),8.6,0,0,4,27/23.1(26),0,22,64,0,5,1.6(25),301,91,0,0,629,8.3,8,0,14,0,13.6,0,10.3,15.9,0,976.1(25),3,
1989-3,0076,6.1(30),6,75,0,0,6.0,1024.8(11),6,1016.9,1016.3,7.6,23.0(22),12.0,0,0,1,07/24.4(30),0,24,50,0,6,4.0(13),327,111,0,0,712,32.9,9,2,18,0,13.4,0,12.5,17.4,0,1002.4(16),6,
1989-4,0076,21.8(24),9,68,0,2,6.8,1019.1(30),7,1009.1,1008.5,8.0,21.5(11),12.5,0,0,1,29/21.1(13),2,20,51,0,10,3.8(04),330,106,0,0,877,63.6,12,2,18,0,13.4,0,12.9,17.8,0,991.8(03),6,
1989-5,0076,9.4(13),7,74,0,0,8.6,1024.6(14),6,1016.9,1016.3,12.0,24.5(23),17.8,0,0,9,06/23.9(24),0,15,59,0,4,6.0(01),281,154,0,0,830,14.4,9,2,17,0,17.6,0,16.7,21.5,0,1007.9(31),3,
1989-6,0076,71.2(03),4,76,0,0,10.0,1020.3(11),0,1015.8,1015.2,15.5,28.2(25),20.0,0,0,8,22/15.0(22),3,18,66,0,6,10.4(04),217,196,1,0,718,114.2,7,3,14,0,19.0,0,20.1,24.7,0,1009.8(01),5,
1989-7,0076,1.7(02),1,70,0,0,10.5,1019.5(21),0,1016.7,1016.1,20.1,30.5(27),23.2,5,0,12,07/11.9(06),0,18,71,0,1,17.2(19),231,234,0,0,871,1.7,5,1,13,0,26.6,0,24.4,28.6,0,1011.3(01),1,
1989-8,0076,63.4(30),2,74,0,0,8.4,1020.5(18),,1013.7,1013.2,20.8,32.6(22),24.0,13,0,4,,2,25,61,,9,17.0(31),234,243,1,0,647,95.7,10,7,12,0,24.0,0,25.0,29.3,0,1005.6(05),8,
1989-9,0076,19.8(07),6,75,0,2,5.7,1021.0(20),,1015.6,1015.0,16.7,28.6(01),20.5,0,0,1,,3,23,46,,11,12.6(11),243,193,0,0,779,58.8,13,2,13,0,22.6,0,21.1,25.6,0,1005.4(11),7,
1990-10,0076,77.2(07),8,74,0,0,4.9,1021.0(05),,1011.4,1010.8,14.2,27.6(30),19.0,0,0,4,,7,19,44,,15,10.0(27),,161,2,0,3041,212.0,18,6,15,0,18.0,0,18.4,22.6,0,997.5(29),12,
1990-11,0076,21.3(10),4,76,0,1,5.9,1024.5(12),,1014.4,1013.8,8.7,20.3(19),13.5,0,0,2,,3,24,60,,5,3.2(27),,114,0,0,,61.5,6,0,10,0,10.5,0,12.7,16.7,0,991.6(25),5,
1990-12,0076,13.2(08),3,71,0,2,4.9,1026.0(20),,1016.8,1016.2,3.6,18.4(29),9.0,0,0,9,,1,19,53,,2,0.0(12),,79,0,0,2597,17.8,3,1,13,1,6.5,0,8.1,12.6,0,993.6(09),2,
1990-13,0076,77.2(07/oct),47,71,0,16,6.8,1039.2(04/mar),,1017.2,1016.6,12.4,33.8(03/ago),24.0,22,0,68,,24,250,55,,64,0.0(12/dic),,146,4,3,,684.2,84,18,13,1,6.5,0,16.7,20.9,0,991.6(25/nov),56,
1990-1,0076,8.4(03),3,72,0,0,5.4,1034.2(08),,1023.4,1022.8,5.5,19.0(25),11.6,0,0,7,,0,21,56,,4,1.8(23),,90,0,0,2354,17.4,6,0,14,0,10.8,0,10.0,14.6,0,1004.1(28),4,
1990-2,0076,0.0(--),2,72,0,5,5.2,1035.3(23),,1020.9,1020.3,8.7,24.5(27),13.8,0,0,4,,0,22,49,,0,5.7(27),,109,0,2,814,0.0,0,0,15,0,14.0,0,13.1,17.5,0,1001.3(14),0,
1990-3,0076,6.7(02),6,69,0,2,7.0,1039.2(04),,1026.1,1025.5,8.0,22.6(21),12.8,0,0,8,,0,17,58,,4,1.6(03),,104,0,0,958,18.4,7,0,13,0,13.6,0,12.6,17.1,0,1012.9(27),4,
1990-4,0076,24.5(02),2,68,0,1,7.3,1024.4(01),,1013.0,1012.4,9.2,22.5(15),12.4,0,0,3,,3,25,55,,7,5.2(22),,107,0,0,,62.8,8,0,16,0,12.4,0,13.5,17.7,0,997.5(06),5,
1990-5,0076,58.2(23),1,69,0,0,8.7,1025.4(02),,1016.5,1016.0,13.5,26.0(18),18.2,0,0,7,,2,23,60,,3,9.8(01),,151,2,0,1000,110.2,6,0,12,0,20.0,0,18.1,22.6,0,1007.9(12),3,
1990-6,0076,17.2(05),5,72,0,4,7.2,1021.2(25),,1014.5,1013.9,17.3,29.5(25),20.6,0,0,3,,3,22,47,,7,14.4(01),,190,0,0,,44.2,9,0,9,0,20.6,0,21.3,25.2,0,1006.6(05),5,
1990-7,0076,18.0(05),1,67,0,0,10.1,1021.2(07),,1016.2,1015.6,19.9,31.4(24),24.0,9,0,16,,1,14,68,,3,16.5(12),,215,0,0,1712,27.7,4,0,14,0,23.4,0,24.1,28.3,0,1007.9(26),3,
1990-8,0076,23.0(07),5,68,0,0,8.6,1021.6(17),,1017.2,1016.6,21.1,33.8(03),23.6,11,0,4,,2,22,62,,7,17.0(31),,223,0,0,2400,51.6,8,5,13,0,23.0,0,25.3,29.4,0,1011.9(06),6,
1990-9,0076,25.3(07),7,74,0,1,6.1,1023.8(28),,1015.9,1015.3,18.8,30.0(05),22.6,2,0,1,,2,22,49,,7,16.2(27),,210,0,1,1256,60.6,9,6,12,0,20.1,0,22.8,26.8,0,1007.0(23),7,
1991-10,0076,43.3(05),3,,0,0,6.1,1025.2(03),,,1014.5,10.2,25.6(10),19.0,0,0,6,,2,22,54,,9,4.1(22),,,1,0,2192,79.2,11,6,12,0,14.6,0,15.2,20.1,0,1001.3(11),7,
1991-11,0076,32.0(29),6,,0,0,4.7,1030.9(07),,,1016.1,6.7,25.2(04),14.0,0,0,5,,2,19,48,,5,1.4(23),,,1,0,756,73.7,6,2,12,0,9.7,0,11.5,16.1,0,1002.3(15),4,
1991-12,0076,23.2(11),6,,0,0,3.4,1038.6(15),,,1025.4,5.3,18.5(22),11.4,0,0,11,,4,14,37,,7,1.0(29),,,0,0,1090,85.8,8,1,14,0,9.7,0,9.1,12.9,0,1012.6(01),7,
1991-13,0076,45.8(01/mar),56,,0,9,6.8,1038.6(15/dic),,,1016.2,10.5,30.0(21/jul),24.2,2,0,72,,23,237,55,,82,-0.8(15/feb),,,4,0,17342,628.0,99,21,,2,9.5,0,14.9,19.3,0,987.2(24/mar),70,
1991-1,0076,13.2(12),8,71,0,0,3.8,1031.0(19),,1022.9,1022.2,5.5,18.4(10),9.4,0,0,5,,2,18,40,,9,1.8(24),,87,0,0,1610,37.0,10,0,13,0,9.5,0,9.6,13.6,0,1013.0(07),7,
1991-2,0076,24.9(02),7,74,0,1,5.7,1029.2(24),,1015.7,1014.9,5.3,16.5(07),11.0,0,0,4,,3,17,53,,7,-0.8(15),,89,0,0,524,52.6,12,1,15,2,9.8,0,9.4,13.4,0,998.8(17),6,
1991-3,0076,45.8(01),9,,0,4,5.7,1026.2(19),,,1010.1,7.8,19.8(09),10.5,0,0,1,,4,21,47,,7,3.4(16),,,1,0,1474,112.9,8,0,14,0,11.8,0,11.8,15.8,0,987.2(24),7,
1991-4,0076,16.8(17),6,,0,1,7.8,1025.8(10),,,1014.4,7.1,20.7(06),13.0,0,0,5,,1,19,58,,11,2.4(21),,,0,0,2189,34.9,12,2,18,0,13.4,0,11.9,16.6,0,998.2(17),8,
1991-5,0076,6.0(17),6,,0,1,8.2,1031.5(21),,,1015.9,8.2,22.3(24),11.4,0,0,8,,0,17,56,,7,4.2(03),,,0,0,886,19.5,6,0,,0,10.5,0,13.0,17.7,0,1001.7(09),7,
1991-6,0076,4.8(16),1,,0,1,9.2,1023.6(30),,,1015.7,14.8,27.9(13),19.0,0,0,9,,0,20,61,,6,11.5(19),,,0,0,1624,14.0,6,0,14,0,17.9,0,18.9,23.0,0,999.9(07),5,
1991-7,0076,15.6(29),1,,0,1,9.8,1023.0(01),,,1014.6,17.9,30.0(21),21.1,1,0,7,,1,23,66,,4,12.8(04),,,0,0,1861,19.4,6,0,15,0,23.3,0,22.7,27.5,0,1005.0(29),3,
1991-8,0076,25.2(09),2,,0,0,9.6,1020.3(10),,,1015.6,19.6,29.7(04),24.2,0,0,6,,2,23,70,,5,14.7(09),,,0,0,979,43.2,6,4,12,0,24.9,0,23.8,28.0,0,1010.3(08),4,
1991-9,0076,33.2(04),1,,0,0,8.1,1022.6(02),,,1014.8,17.5,30.0(10),21.6,1,0,5,,2,24,65,,5,10.2(27),,,1,0,2157,55.8,8,5,11,0,19.1,0,22.1,26.5,0,997.2(29),5,
1992-10,0076,48.4(31),5,,0,0,4.3,1021.5(24),,,1008.9,10.7,24.6(01),15.9,0,0,0,,2,26,39,,15,5.1(18),,,1,0,820,115.0,18,4,13,0,14.1,0,15.0,19.3,0,991.0(17),14,
1992-11,0076,0.0(--),1,,0,2,5.5,1031.2(06),,,1020.0,8.0,20.9(26),10.8,0,0,11,,0,18,56,,0,4.2(18),,,0,0,660,0.0,2,0,10,0,13.3,0,12.9,17.7,0,1005.0(15),0,
1992-12,0076,2.4(24),7,,0,0,3.3,1026.9(27),5,,1016.2,5.8,18.1(03),11.2,0,0,7,28/20.0(05),0,17,36,0,6,-0.7(30),,,0,1,663,7.1,11,0,16,1,9.3,0,9.7,13.6,0,995.0(05),4,
1992-13,0076,51.0(01/jun),48,,0,4,6.5,1038.6(02/ene),,,1016.7,10.4,31.6(03/ago),22.0,3,0,83,,14,234,53,,78,-1.6(21/feb),,,4,1,9826,534.7,104,26,13,4,5.0,0,14.8,19.1,0,988.7(31/mar),60,
1992-1,0076,26.8(21),4,,0,0,4.4,1038.6(02),,,1024.6,2.4,15.0(26),8.1,0,0,12,,2,15,46,,7,0.1(06),,,0,0,666,64.5,8,3,14,0,5.0,0,7.0,11.6,0,1011.2(09),6,
1992-2,0076,6.6(25),5,,0,0,4.9,1032.5(23),,,1024.7,3.6,16.7(06),7.5,0,0,10,,0,14,47,,3,-1.6(21),,,0,0,653,9.4,6,0,12,3,8.4,0,8.5,13.3,0,1013.5(13),2,
1992-3,0076,13.4(08),6,,0,0,5.5,1033.2(10),,,1017.3,6.0,20.3(23),9.7,0,0,2,,1,23,46,,6,2.3(26),,,0,0,770,22.4,9,1,14,0,11.8,0,10.8,15.4,0,988.7(31),5,
1992-4,0076,10.8(04),3,,0,2,9.0,1023.1(17),,,1012.4,7.7,24.5(18),12.3,0,0,8,,1,19,67,,6,3.8(17),,117,0,0,851,20.8,7,1,15,0,13.4,0,12.7,17.6,0,991.5(01),5,
1992-5,0076,31.3(02),6,,0,0,8.0,1028.6(17),,,1015.6,13.0,23.8(17),17.4,0,0,7,,2,18,55,,9,9.1(03),,,1,0,883,63.8,11,4,12,0,13.8,0,16.8,20.6,0,1007.7(28),6,
1992-6,0076,51.0(01),6,,0,0,6.7,1017.7(20),,,1012.1,13.6,24.2(17),17.5,0,0,3,,3,21,44,,12,8.7(05),,,1,0,922,117.1,14,5,13,0,16.2,0,17.6,21.5,0,1003.5(01),9,
1992-7,0076,32.4(01),3,,0,0,9.3,1021.0(18),,,1016.0,17.4,30.1(20),20.9,1,0,13,,2,14,63,,5,12.7(07),,,1,0,896,69.9,6,2,13,0,21.5,0,21.5,25.7,0,1008.8(05),4,
1992-8,0076,24.0(09),0,,0,0,9.6,1021.6(05),,,1015.0,19.4,31.6(03),22.0,2,0,5,,1,26,69,,4,13.8(30),,,0,0,1079,30.6,6,4,14,0,26.2,0,23.9,28.4,0,1005.0(29),2,
1992-9,0076,8.4(08),2,,0,0,7.7,1024.2(02),,,1017.5,16.6,27.0(22),21.1,0,0,5,,0,23,62,,5,10.8(29),,,0,0,963,14.1,6,2,13,0,20.5,0,20.7,24.9,0,1005.7(26),3,
1993-10,0076,12.8(28),10,72,0,0,5.3,1025.2(19),1,1012.2,1011.6,11.5,24.0(12),16.2,0,0,1,26/16.1(02),2,20,47,0,13,6.0(26),255,134,0,0,789,42.5,15,5,14,0,9.5,0,15.7,19.9,0,996.4(02),7,
1993-11,0076,9.1(19),5,78,0,0,3.6,1025.8(15),,1016.6,1016.0,7.9,20.0(05),14.2,0,0,5,,0,20,37,,12,2.0(22),,113,0,0,493,29.6,15,0,11,0,10.0,0,11.5,15.1,0,999.8(06),7,
1993-12,0076,0.0(--),1,71,0,0,5.5,1030.2(19),3,1020.0,1019.4,5.4,17.0(31),8.0,0,0,6,28/25.0(25),0,24,59,0,0,0.8(28),238,90,0,0,670,0.0,1,0,13,0,7.4,0,9.8,14.1,0,997.5(25),0,
1993-13,0076,134.7(23/sep),49,,1,4,7.0,,,,,10.5,32.0(20/ago),23.0,8,0,78,,18,238,56,,73,-1.4(25/feb),,,8,1,9618,695.8,97,29,14,5,3.9,1,14.8,19.1,0,,54,
1993-1,0076,0.0(--),2,,0,0,4.9,1037.4(16),0,,1027.0,2.9,15.8(12),10.1,0,0,12,35/13.9(03),0,17,51,0,0,-0.9(05),,,0,0,630,0.0,1,0,12,2,6.2,0,7.9,12.9,0,1014.4(29),0,
1993-2,0076,28.1(04),3,,0,0,5.7,,3,,,3.9,14.9(18),10.6,0,0,9,06/16.1(01),1,16,53,0,6,-1.4(25),,,0,0,568,48.7,9,0,16,3,8.5,0,8.4,12.8,0,,5,
1993-3,0076,36.4(01),7,,0,0,6.8,1031.7(16),1,,1018.0,5.3,19.5(18),11.3,0,0,13,01/15.8(26),4,11,56,0,8,0.2(01),,,1,1,617,84.6,8,1,14,0,3.9,1,9.9,14.4,0,992.5(01),7,
1993-4,0076,16.7(30),5,,0,4,7.2,1023.9(18),1,,1011.2,7.8,19.9(11),11.7,0,0,4,31/17.5(02),2,21,54,0,9,2.1(02),,,0,0,714,51.9,11,7,14,0,12.8,0,12.2,16.5,0,996.2(25),8,
1993-5,0076,5.1(10),4,,0,0,8.8,1021.2(21),1,,1012.3,11.7,26.8(28),16.2,0,0,2,11/17.2(04),0,25,60,0,4,8.3(21),,,0,0,806,9.8,10,2,14,0,16.0,0,16.1,20.3,0,999.8(13),2,
1993-6,0076,7.7(22),0,,0,0,9.5,1022.3(16),,,1015.1,15.7,27.6(29),17.9,0,0,9,,0,21,63,,5,10.5(01),,,0,0,1095,11.9,7,3,15,0,21.7,0,20.1,24.5,0,1008.2(22),3,
1993-7,0076,34.6(01),1,67,0,0,9.9,1023.9(13),0,1017.4,1016.7,17.6,31.0(04),22.4,2,0,6,08/13.9(03),1,24,67,0,2,13.4(11),241,200,1,0,1280,35.6,5,0,15,0,22.6,0,22.1,26.6,0,1005.6(10),2,
1993-8,0076,46.0(14),3,68,1,0,9.0,1022.8(30),2,1016.1,1015.5,19.9,32.0(20),23.0,6,0,8,34/18.6(15),3,20,65,0,5,15.0(31),221,213,3,0,1158,114.7,5,5,13,0,23.0,0,24.0,28.2,0,1007.3(23),5,
1993-9,0076,134.7(23),8,72,0,0,7.4,1019.4(20),,1011.8,1011.3,15.9,28.5(08),21.5,0,0,3,,5,19,59,,9,10.0(29),,178,3,0,798,266.5,10,6,12,0,16.2,0,20.0,24.1,0,998.9(13),8,
1994-10,0076,70.6(19),10,78,0,2,5.5,1025.8(13),1,1015.9,1015.3,13.8,24.4(03),18.0,0,0,2,26/16.9(19),3,19,50,0,10,9.8(25),209,160,1,2,541,152.0,11,4,13,0,18.2,0,17.4,20.9,0,999.4(20),10,
1994-11,0076,8.5(28),5,77,0,0,5.0,1030.6(24),0,1019.8,1019.2,11.3,22.0(10),16.8,0,0,9,30/13.9(10),0,16,51,0,5,7.4(27),207,134,0,0,565,18.5,6,0,12,0,15.5,0,14.9,18.6,0,1003.9(04),4,
1994-12,0076,2.0(19),1,73,0,0,5.4,1032.5(11),1,1023.3,1022.7,7.0,20.0(31),14.6,0,0,7,23/15.6(31),0,23,58,0,3,0.2(23),,99,0,0,652,4.6,5,0,13,0,7.0,0,10.7,14.4,0,1002.1(31),3,
1994-13,0076,70.6(19/oct),43,70,1,7,7.5,1035.9(29/ene),,1017.2,1016.6,12.7,34.0(11/ago),24.6,28,0,81,,15,241,61,,68,0.2(23/dic),,148,3,3,,561.4,78,27,14,0,7.0,0,16.8,20.9,0,988.0(06/ene),49,
1994-1,0076,16.8(17),2,67,0,0,6.0,1035.9(29),3,1019.2,1018.6,4.7,17.2(03),10.0,0,0,10,28/23.1(01),2,19,62,0,6,0.4(22),245,83,0,0,,31.8,7,0,14,0,9.0,0,9.1,13.6,0,988.0(06),2,
1994-2,0076,9.4(13),4,72,0,1,5.6,1026.5(09),,1014.6,1014.0,5.9,19.5(25),9.0,0,0,3,,0,21,52,,9,3.2(06),,94,0,0,553,30.8,9,1,14,0,10.0,0,10.3,14.7,0,991.7(04),5,
1994-3,0076,29.0(21),2,74,0,4,8.0,1030.6(23),,1022.4,1021.8,8.8,24.4(29),10.4,0,0,8,,1,21,67,,1,7.0(03),,115,0,1,537,29.0,2,1,13,0,14.0,0,13.2,17.5,0,1009.0(01),1,
1994-4,0076,14.0(19),4,61,0,0,7.8,1027.1(28),7,1014.1,1013.5,8.9,24.7(01),12.6,0,0,4,30/21.1(10),2,22,59,0,7,6.0(14),,100,0,0,1016,35.5,7,0,17,0,12.0,0,13.8,18.7,0,998.1(10),5,
1994-5,0076,11.8(08),8,73,0,0,8.5,1022.6(01),0,1013.3,1012.8,14.2,26.8(18),18.0,0,0,1,23/13.9(01),1,22,59,0,4,11.4(18),,157,0,0,730,24.2,8,3,13,0,16.8,0,18.1,21.9,0,1004.1(18),4,
1994-6,0076,13.0(25),1,67,0,0,10.2,1024.4(22),,1018.3,1017.7,17.0,32.2(02),19.5,1,0,10,,1,19,67,,4,11.4(12),,182,0,0,1057,21.9,4,4,15,0,21.0,0,21.2,25.3,0,1007.1(25),3,
1994-7,0076,0.8(31),0,66,0,0,10.5,1020.1(15),1,1015.8,1015.2,21.7,31.6(16),24.0,14,0,14,18/21.9(02),0,17,71,0,2,20.0(01),202,230,0,0,1176,1.3,2,2,14,0,27.0,0,25.7,29.7,0,1008.8(31),0,
1994-8,0076,1.8(13),1,71,1,0,10.1,1018.7(05),0,1014.7,1014.1,21.8,34.0(11),24.6,12,0,10,11/15.0(13),0,20,73,0,6,18.6(15),217,246,0,0,,5.0,5,4,15,0,27.0,0,25.8,29.8,0,1004.4(10),2,
1994-9,0076,56.9(29),5,66,0,0,7.2,1022.0(05),2,1014.5,1013.9,17.4,33.4(08),22.6,1,0,3,18/19.2(13),5,22,57,0,11,13.0(19),270,174,2,0,959,206.8,12,8,17,0,18.2,0,21.2,25.1,0,1002.2(22),10,
1995-10,0076,15.6(21),4,81,0,2,6.0,1027.4(18),0,1021.4,1020.8,15.6,24.6(02),18.0,0,0,4,33/10.0(05),2,23,54,0,5,13.6(12),,184,0,0,433,39.1,11,3,11,0,19.5,0,19.1,22.6,0,1013.4(29),5,
1995-11,0076,15.3(25),5,74,0,0,5.1,1027.7(06),0,1016.3,1015.7,10.1,22.6(02),15.4,0,0,5,03/11.9(22),2,20,51,0,10,4.9(28),,123,0,0,478,39.2,11,4,14,0,13.0,0,14.0,18.0,0,1004.1(26),5,
1995-12,0076,15.0(15),9,78,0,1,3.5,1028.1(02),1,1013.1,1012.5,8.7,20.5(25),15.2,0,0,3,05/15.6(08),2,19,37,0,17,3.0(14),,111,0,0,349,54.6,19,1,14,0,7.4,0,11.9,15.2,0,995.5(30),8,
1995-13,0076,62.3(05/sep),47,70,0,10,7.0,1034.2(22/mar),8,1016.9,1016.3,12.7,32.4(12/ago),23.5,13,0,63,22/20.3(17/mar),17,255,57,0,78,0.4(05/ene),,145,3,0,9145,536.1,113,36,15,0,7.4,0,16.6,20.5,0,994.2(12/may),51,
1995-1,0076,10.1(01),3,62,0,0,5.6,1030.6(13),1,1021.5,1020.9,5.9,19.8(23),11.0,0,0,9,35/18.6(12),1,19,58,0,4,0.4(05),,81,0,0,1508,13.8,6,0,15,0,8.2,0,10.1,14.4,0,1001.5(01),2,
1995-2,0076,8.2(21),2,68,0,1,6.7,1032.9(03),1,1019.9,1019.3,7.5,22.2(25),15.2,0,0,3,31/20.0(26),0,23,63,0,2,3.8(28),,98,0,0,510,14.6,3,0,15,0,13.0,0,12.0,16.6,0,998.9(26),2,
1995-3,0076,0.3(06),0,67,0,3,7.9,1034.2(22),4,1018.0,1017.4,7.5,24.5(29),12.0,0,0,4,22/20.3(17),0,27,66,0,1,4.4(09),,95,0,0,939,0.3,3,0,19,0,13.8,0,11.7,15.8,0,1005.5(05),0,
1995-4,0076,41.6(23),5,69,0,2,8.5,1030.7(01),0,1015.7,1015.1,9.6,22.8(08),12.6,0,0,8,22/13.6(02),1,17,64,0,4,6.6(22),,114,1,0,579,51.7,8,2,16,0,15.0,0,13.8,18.0,0,1003.1(19),4,
1995-5,0076,17.5(11),5,68,0,1,8.8,1024.7(04),1,1016.3,1015.7,13.6,27.0(09),17.4,0,0,3,27/18.6(12),1,23,60,0,6,8.5(14),,143,0,0,765,32.9,12,4,15,0,17.4,0,17.6,21.5,0,994.2(12),5,
1995-6,0076,13.8(10),5,69,0,0,7.2,1022.1(21),0,1015.7,1015.1,16.4,28.6(22),20.5,0,0,7,05/15.0(26),1,18,48,0,8,12.2(14),,172,0,0,777,39.7,9,2,14,0,17.2,0,19.9,23.3,0,1007.0(23),5,
1995-7,0076,0.8(13),1,69,0,0,9.6,1020.7(19),0,1015.0,1014.5,20.6,31.9(21),23.5,8,0,11,20/15.0(07),0,19,65,0,2,16.0(05),,227,0,0,803,1.1,4,2,15,0,23.6,0,24.5,28.4,0,1005.8(03),0,
1995-8,0076,29.0(24),4,70,0,0,7.7,1021.6(11),0,1015.2,1014.6,20.7,32.4(12),23.0,4,0,4,05/15.0(07),2,23,56,0,11,17.4(25),,223,0,0,1448,82.7,13,6,15,0,23.4,0,24.4,28.0,0,1008.9(17),8,
1995-9,0076,62.3(05),4,68,0,0,7.3,1023.6(26),0,1014.4,1013.8,16.2,30.0(07),20.4,1,0,2,26/14.2(08),5,24,59,0,8,10.2(26),,169,2,0,556,166.4,14,12,15,0,20.2,0,20.2,24.3,0,1002.6(07),7,
1996-10,0076,107.3(14),4,74,0,0,6.0,1027.7(31),0,1018.1,1017.5,12.9,25.5(01),16.6,0,0,4,15/12.2(14),1,23,54,0,6,9.0(31),,145,1,0,536,123.6,7,1,13,0,18.0,0,16.7,20.6,0,1002.8(14),5,
1996-11,0076,42.7(16),10,75,0,1,4.4,1030.3(09),5,1015.5,1014.9,9.6,20.4(04),14.4,0,0,6,08/19.4(17),4,14,44,0,13,3.0(29),,118,2,0,410,142.5,13,3,16,0,9.5,0,13.2,16.9,0,996.6(11),10,
1996-12,0076,22.8(18),12,80,0,0,3.4,1026.2(27),2,1009.5,1008.9,8.2,18.5(02),12.4,0,0,2,03/23.1(08),4,17,37,0,15,2.6(27),302,111,0,1,258,115.6,20,1,14,0,7.6,0,11.3,14.4,0,995.6(24),10,
1996-13,0076,107.3(14/oct),75,72,0,8,6.7,1030.3(09/nov),9,1014.4,1013.8,12.4,32.6(24/jul),24.6,8,0,51,03/23.1(08/dic),28,240,54,0,115,-1.0(21/feb),,142,8,3,8484,1025.5,133,33,14,1,7.6,0,16.2,19.9,0,992.5(06/feb),82,
1996-1,0076,27.4(29),14,81,0,1,3.1,1026.3(16),0,1009.9,1009.3,8.7,18.6(28),13.2,0,0,1,27/15.0(01),2,16,33,0,18,4.0(20),,114,0,0,238,86.7,18,1,15,0,11.8,0,11.6,14.4,0,996.6(01),10,
1996-2,0076,21.5(13),2,66,0,1,6.6,1026.6(15),1,1013.4,1012.8,5.6,16.0(02),10.6,0,0,6,27/18.1(13),1,21,62,0,6,-1.0(21),,82,0,0,502,35.0,7,0,16,1,8.6,0,9.6,13.6,0,992.5(06),3,
1996-3,0076,8.1(15),10,75,0,1,5.4,1023.4(05),0,1013.4,1012.8,7.9,19.4(27),12.2,0,0,2,07/12.5(24),0,19,45,0,14,5.0(05),,104,0,1,2232,29.0,16,3,13,0,10.4,0,11.4,14.9,0,999.4(14),9,
1996-4,0076,58.2(17),9,71,0,3,7.0,1023.5(08),1,1014.6,1014.0,10.9,22.4(23),15.0,0,0,0,30/18.1(03),3,21,53,0,10,4.4(05),,120,1,1,385,110.2,14,1,15,0,14.5,0,14.7,18.5,0,997.9(01),9,
1996-5,0076,67.2(11),2,70,0,1,10.3,1026.8(21),0,1013.6,1013.0,12.8,24.2(19),17.0,0,0,7,27/13.9(02),3,22,71,0,7,8.0(03),,145,1,0,578,99.2,6,3,15,0,16.2,0,17.1,21.3,0,1000.3(02),5,
1996-6,0076,38.8(02),1,67,0,0,8.9,1023.8(12),0,1018.8,1018.2,17.3,32.5(21),21.4,3,0,8,30/13.9(21),3,21,59,0,5,13.0(24),,183,1,0,1015,69.1,7,4,14,0,19.2,0,21.6,25.8,0,1002.8(21),4,
1996-7,0076,0.0(--),2,65,0,0,10.0,1025.1(09),0,1017.1,1016.6,19.2,32.6(24),24.6,5,0,10,27/13.6(07),0,19,67,0,0,15.4(08),,202,0,0,989,0.0,3,1,14,0,23.5,0,23.3,27.5,0,1000.6(07),0,
1996-8,0076,64.6(28),3,71,0,0,8.8,1021.0(31),0,1015.4,1014.8,20.4,29.6(10),23.4,0,0,5,27/11.1(07),4,23,64,0,12,14.6(31),,219,1,0,713,143.8,12,10,14,0,21.0,0,23.8,27.2,0,1009.7(21),10,
1996-9,0076,30.0(17),6,68,0,0,6.9,1025.4(29),0,1013.1,1012.5,15.3,27.4(05),18.2,0,0,0,08/13.9(11),3,24,55,0,9,12.4(23),,162,1,0,628,70.8,10,5,14,0,21.2,0,19.5,23.8,0,998.9(21),7,
1997-10,0076,10.4(23),6,72,0,0,6.8,1023.6(29),,1015.2,1014.6,16.0,30.4(10),19.6,1,0,6,,1,19,60,,5,6.4(30),,173,0,0,795,19.0,6,0,14,0,14.2,0,19.8,23.5,0,1000.0(20),3,
1997-11,0076,36.3(25),9,71,0,0,4.7,1021.1(01),,1009.9,1009.3,10.3,22.0(06),16.2,0,0,4,,1,17,47,,9,5.6(24),,118,1,0,556,57.0,10,0,14,0,14.6,0,14.2,18.1,0,988.6(06),6,
1997-12,0076,56.9(16),8,72,1,0,4.0,1030.3(24),,1014.8,1014.1,7.1,20.4(02),11.6,0,0,3,,3,20,43,,9,2.8(07),,96,1,0,585,109.6,11,1,13,0,7.8,0,10.7,14.3,0,1000.0(18),6,
1997-13,0076,56.9(16/dic),63,72,1,7,7.3,1036.4(27/feb),,1016.9,1016.3,13.2,31.4(14/ago),23.6,9,0,71,,14,231,58,,70,2.8(07/dic),,152,2,2,7979,456.8,85,13,15,0,7.8,0,17.0,20.8,0,988.6(06/nov),50,
1997-1,0076,28.1(08),11,82,0,0,3.5,1032.6(29),,1017.1,1016.5,7.4,16.0(22),13.6,0,0,4,,3,16,36,,15,3.4(05),,104,0,0,209,91.2,17,0,15,0,8.8,0,10.2,13.0,0,992.2(03),12,
1997-2,0076,0.0(--),4,75,0,1,6.9,1036.4(27),,1026.9,1026.3,7.4,20.4(15),11.5,0,0,10,,0,14,65,,0,3.8(08),,106,0,0,1229,0.0,1,0,15,0,13.2,0,11.7,16.0,0,1008.4(15),0,
1997-3,0076,8.1(24),1,72,0,3,8.4,1034.9(12),0,1023.8,1023.2,8.9,21.0(18),11.2,0,0,15,21/13.1(28),0,15,70,0,2,6.0(10),298,112,0,2,580,9.1,4,0,15,0,14.4,0,13.1,17.4,0,1009.8(24),2,
1997-4,0076,18.5(18),6,72,0,0,8.4,1030.4(09),,1016.9,1016.3,11.1,21.2(28),15.4,0,0,5,,2,19,63,,3,7.4(10),,127,0,0,577,36.1,3,1,18,0,14.2,0,14.8,18.5,0,998.2(21),3,
1997-5,0076,7.2(31),6,66,0,0,8.8,1026.1(02),3,1014.7,1014.1,14.5,28.0(05),18.2,0,0,6,24/20.0(07),0,19,60,0,7,7.2(08),350,148,0,0,821,12.6,9,2,18,0,17.6,0,18.5,22.5,0,999.9(06),3,
1997-6,0076,26.7(18),6,71,0,0,8.3,1020.8(09),,1011.5,1011.0,17.9,28.0(11),21.0,0,0,1,,2,23,55,,7,13.2(29),,189,0,0,604,60.3,8,3,16,0,18.2,0,21.4,24.9,0,1001.2(26),5,
1997-7,0076,18.0(24),0,68,0,1,10.0,1025.7(05),1,1017.1,1016.5,19.1,30.9(31),23.0,3,0,8,22/22.5(24),1,23,68,0,4,15.0(05),300,203,0,0,712,24.2,6,1,15,0,22.0,0,23.1,26.9,0,1009.5(02),3,
1997-8,0076,12.0(24),2,72,0,0,9.3,1022.1(12),0,1016.0,1015.4,21.0,31.4(14),23.6,5,0,6,25/13.9(28),1,23,67,0,6,15.0(29),281,236,0,0,640,26.1,7,4,13,0,25.0,0,24.9,28.7,0,1005.6(28),4,
1997-9,0076,7.6(13),4,75,0,2,8.4,1025.9(30),,1018.9,1018.3,18.1,28.2(12),21.2,0,0,3,,0,23,67,,3,14.8(27),,208,0,0,671,11.6,3,1,13,0,23.0,0,22.0,25.8,0,1011.3(12),3,
1998-10,0076,13.9(05),2,71,0,0,7.6,1028.7(27),0,1018.3,1017.7,13.0,27.5(25),17.8,0,0,2,27/12.8(02),2,27,69,0,5,9.4(20),302,145,0,0,970,32.5,7,5,15,0,19.3,0,17.4,21.9,0,1002.2(05),3,
1998-11,0076,6.0(15),6,66,0,0,5.1,1031.2(08),,1018.5,1017.8,7.8,24.1(03),14.8,0,0,5,,0,19,51,,6,2.6(23),,99,0,0,916,10.8,9,0,13,0,8.2,0,12.2,16.6,0,1003.3(04),3,
1998-12,0076,97.2(03),4,68,0,0,5.2,1034.0(13),3,1021.6,1021.0,5.6,18.2(13),10.8,0,0,4,05/23.9(03),2,23,56,0,3,1.4(26),366,84,2,0,667,146.7,3,2,14,0,9.4,0,9.9,14.2,0,1000.9(20),2,
1998-13,0076,97.2(03/dic),48,69,0,5,7.5,1035.2(12/feb),,1017.7,1017.1,12.6,32.0(11/ago),23.4,25,0,65,,17,252,61,,55,1.4(26/dic),,143,3,0,12188,501.7,81,27,15,0,7.2,0,16.8,21.0,0,996.7(10/mar),36,
1998-1,0076,23.4(27),9,75,0,0,4.6,1032.4(09),1,1019.5,1018.9,7.1,20.0(03),11.6,0,0,3,26/15.6(02),5,19,48,0,7,2.0(22),,101,0,0,483,91.0,10,2,14,0,7.2,0,10.9,14.8,0,1004.1(31),7,
1998-2,0076,1.8(02),3,74,0,4,6.9,1035.2(12),0,1025.6,1024.9,6.8,18.0(26),10.0,0,0,9,07/13.9(22),0,16,64,0,2,4.4(08),,102,0,0,456,2.9,5,0,12,0,13.0,0,11.1,15.5,0,999.0(03),2,
1998-3,0076,10.6(12),5,71,0,0,7.3,1031.9(19),,1022.2,1021.6,8.5,24.0(08),12.4,0,0,11,,1,15,61,,4,3.6(13),,109,0,0,678,16.0,4,2,14,0,13.0,0,12.9,17.2,0,996.7(10),3,
1998-4,0076,5.4(26),4,60,0,0,8.2,1023.2(24),4,1009.7,1009.1,9.8,24.5(23),13.8,0,0,0,29/20.0(17),0,26,61,0,6,5.0(14),,104,0,0,2812,8.6,8,1,17,0,14.4,0,14.6,19.5,0,996.7(10),3,
1998-5,0076,27.5(27),5,66,0,0,7.8,1025.2(08),0,1014.3,1013.8,14.2,26.2(22),17.8,0,0,3,09/13.3(13),2,23,54,0,4,9.8(02),306,146,0,0,888,53.6,12,2,14,0,18.0,0,18.3,22.4,0,1003.0(04),4,
1998-6,0076,2.2(14),3,69,0,0,8.6,1027.5(17),1,1017.3,1016.7,18.0,30.4(30),21.0,1,0,8,09/17.8(05),0,19,57,0,4,13.4(12),315,191,0,0,911,2.9,7,2,16,0,20.0,0,21.9,25.7,0,1008.2(10),1,
1998-7,0076,0.6(13),0,67,0,0,10.8,1021.9(04),,1015.1,1014.5,20.8,31.0(19),23.0,7,0,11,,0,20,73,,2,18.4(06),,222,0,0,1057,0.9,2,2,16,0,26.6,0,24.9,28.9,0,1005.0(01),0,
1998-8,0076,21.4(18),1,67,0,0,9.9,1023.2(04),0,1016.8,1016.2,20.8,32.0(11),23.4,16,0,7,17/11.4(03),3,23,72,0,6,15.6(03),283,223,0,0,1323,58.0,7,4,14,0,23.4,0,25.1,29.3,0,1010.9(27),4,
1998-9,0076,48.1(25),6,69,0,1,7.9,1023.6(19),3,1013.1,1012.6,18.2,30.4(07),23.0,1,0,2,31/16.7(13),2,22,63,0,6,14.6(30),333,192,1,0,1027,77.8,7,5,15,0,23.0,0,22.3,26.3,0,1001.9(07),4,
1999-10,0076,42.7(17),8,72,0,0,6.0,1028.3(27),1,1016.3,1015.7,14.6,24.8(02),17.4,0,0,2,21/17.5(20),2,21,53,0,8,11.0(19),300,157,1,0,872,73.7,9,3,14,0,19.4,0,18.5,22.3,0,995.8(20),6,
1999-11,0076,24.2(12),3,69,0,0,5.4,1032.0(25),3,1019.5,1018.9,6.8,21.7(02),15.8,0,0,6,31/19.4(19),2,21,54,0,9,0.0(22),330,96,0,0,925,65.7,7,3,13,1,4.6,2,11.2,15.5,0,1003.7(19),8,
1999-12,0076,2.7(15),4,66,0,0,5.0,1029.2(22),2,1019.6,1019.0,6.0,20.2(26),16.0,0,0,7,29/25.8(28),0,20,54,1,2,1.0(09),363,85,0,0,911,3.8,4,1,16,0,10.0,0,10.1,14.3,0,998.1(27),2,
1999-13,0076,53.8(14/sep),43,68,0,11,7.3,1033.9(03/feb),,1016.5,1015.9,12.6,32.3(08/ago),24.2,11,0,55,,8,267,60,,67,-0.2(01/feb),,143,4,4,12138,385.2,83,28,,3,4.6,2,16.7,20.8,0,994.6(19/sep),49,
1999-1,0076,34.7(09),5,70,0,2,5.9,1030.6(25),,1019.3,1018.7,5.6,18.0(29),9.0,0,0,10,,2,16,61,,4,1.0(31),,88,1,0,703,64.1,4,1,,0,8.4,0,10.0,14.3,0,995.3(10),4,
1999-2,0076,1.7(28),1,58,0,0,7.6,1033.9(03),1,1019.8,1019.2,5.6,22.2(22),10.2,0,0,4,27/18.1(22),0,23,72,0,2,-0.2(01),335,76,0,0,1113,1.9,3,1,14,2,8.6,0,9.9,14.3,0,999.7(09),1,
1999-3,0076,2.1(25),4,67,0,1,6.5,1027.1(01),1,1013.6,1013.0,8.4,22.2(16),12.8,0,0,5,29/15.6(05),0,22,54,0,6,4.2(07),352,100,0,1,1173,6.5,9,0,17,0,14.0,0,12.5,16.6,0,998.2(04),3,
1999-4,0076,9.6(15),4,67,0,3,8.6,1027.5(05),2,1015.8,1015.2,10.3,24.4(13),13.6,0,0,1,06/23.1(28),0,25,64,0,8,5.2(16),340,114,0,1,1093,15.1,11,1,18,0,14.2,0,14.8,19.2,0,1001.1(17),3,
1999-5,0076,5.8(16),4,72,0,5,8.2,1022.2(23),0,1015.1,1014.5,15.1,26.0(25),19.0,0,0,0,06/14.4(28),0,27,56,0,6,11.8(01),321,161,0,2,947,15.0,8,2,16,0,19.0,0,19.0,23.0,0,1002.1(17),5,
1999-6,0076,6.8(09),3,67,0,0,8.3,1024.0(08),0,1017.9,1017.3,17.7,29.2(02),20.6,0,0,4,34/12.8(01),0,23,55,0,4,14.8(11),292,179,0,0,1210,12.5,7,1,15,0,21.0,0,21.5,25.3,0,1008.6(05),3,
1999-7,0076,7.0(18),1,68,0,0,9.7,1023.2(07),0,1015.0,1014.4,20.5,29.6(22),22.0,0,0,5,21/11.4(09),0,25,65,0,4,17.2(02),291,219,0,0,1202,9.1,5,2,15,0,26.0,0,24.4,28.2,0,1007.1(04),2,
1999-8,0076,1.9(26),3,70,0,0,8.8,1019.1(11),0,1013.3,1012.7,22.3,32.3(08),24.2,8,0,3,24/13.3(08),0,25,64,0,4,19.2(13),289,239,0,0,1137,5.4,6,2,14,0,25.6,0,25.8,29.3,0,1002.6(06),3,
1999-9,0076,53.8(14),3,69,0,0,7.8,1022.8(10),0,1013.3,1012.7,18.5,31.0(10),21.8,3,0,8,24/12.5(29),2,19,63,0,10,14.8(20),287,196,2,0,852,112.4,10,11,14,0,24.4,0,22.8,27.1,0,994.6(19),9,
2000-10,0076,22.4(22),8,76,0,0,5.4,1027.1(17),0,1016.6,1016.0,12.8,24.0(06),17.2,0,0,3,31/13.6(11),2,20,48,0,13,9.7(14),317,145,0,0,621,66.7,13,1,14,0,13.8,0,16.3,19.8,0,995.4(11),10,
2000-11,0076,4.8(29),7,68,0,0,5.8,1026.6(10),2,1013.7,1013.1,8.2,21.6(26),13.0,0,0,2,27/19.2(06),0,21,58,0,5,5.3(04),314,98,0,0,604,17.3,6,1,13,0,12.0,0,12.0,15.8,0,993.9(06),5,
2000-12,0076,14.2(23),3,72,0,0,4.6,1031.4(10),0,1014.7,1014.1,7.0,17.4(14),10.4,0,0,3,34/13.3(30),2,25,50,0,7,2.7(31),295,98,0,0,820,36.9,7,0,13,0,10.8,0,10.9,14.7,0,989.4(27),6,
2000-13,0076,54.2(02/sep),46,71,0,10,7.4,1036.6(04/feb),7,1017.3,1016.7,12.1,34.0(24/ago),22.6,4,0,63,27/19.2(06/nov),11,257,60,0,78,1.0(23/ene),308,141,1,0,9999,404.6,91,21,14,0,6.4,0,16.1,20.0,0,989.4(27/dic),58,
2000-1,0076,15.2(25),2,71,0,1,6.3,1033.5(11),0,1024.6,1023.9,4.1,17.0(30),7.8,0,0,12,08/12.8(15),1,17,65,0,6,1.0(23),364,79,0,0,893,21.8,6,1,14,0,6.4,0,8.3,12.6,0,1012.5(18),3,
2000-2,0076,0.6(11),4,72,0,2,6.8,1036.6(04),1,1026.1,1025.4,7.6,21.8(17),10.0,0,0,4,31/16.4(16),0,21,64,0,3,4.5(05),287,102,0,0,1030,1.2,4,0,14,0,12.4,0,11.8,16.0,0,1010.5(17),0,
2000-3,0076,18.6(31),2,71,0,3,7.2,1031.6(06),0,1020.2,1019.6,8.8,21.4(10),11.6,0,0,7,06/12.5(22),1,22,60,0,5,5.2(03),318,108,0,0,807,31.5,5,1,16,0,12.4,0,12.9,17.0,0,1006.6(31),4,
2000-4,0076,22.6(27),6,69,0,2,7.8,1022.6(07),0,1009.3,1008.7,10.2,22.4(23),13.8,0,0,1,26/14.4(23),2,23,58,0,9,6.8(07),326,118,0,0,841,55.8,9,2,16,0,13.6,0,14.3,18.4,0,991.8(03),7,
2000-5,0076,9.6(21),6,74,0,2,8.0,1022.4(31),0,1016.3,1015.7,14.2,25.0(26),17.5,0,0,1,03/13.3(10),0,24,55,0,8,10.0(01),284,161,0,0,729,29.0,12,1,12,0,17.4,0,18.0,21.7,0,1008.9(05),7,
2000-6,0076,5.4(09),3,70,0,0,8.9,1024.7(14),1,1018.9,1018.3,17.0,29.2(16),20.6,0,0,11,10/18.6(10),0,16,59,0,7,13.0(11),301,185,0,0,892,17.2,11,4,14,0,20.2,0,20.9,24.7,0,1004.1(10),5,
2000-7,0076,2.8(23),2,67,0,0,10.2,1022.0(31),0,1014.5,1013.9,18.6,29.6(03),21.4,0,0,8,30/14.4(10),0,21,69,0,2,14.8(12),302,196,0,0,1101,3.2,2,1,14,0,22.6,0,22.4,26.2,0,1001.8(10),1,
2000-8,0076,13.9(05),1,71,0,0,10.0,1022.7(05),2,1017.4,1016.8,19.6,34.0(24),22.6,4,0,7,08/16.1(30),1,23,73,0,6,15.8(05),296,221,0,0,919,28.9,7,4,14,0,24.4,0,23.9,28.3,0,1009.0(26),3,
2000-9,0076,54.2(02),2,72,0,0,7.8,1022.8(09),1,1015.7,1015.1,17.1,28.0(15),20.8,0,0,4,30/16.9(20),2,24,63,0,7,12.4(21),289,184,1,0,742,95.1,9,5,14,0,21.2,0,20.9,24.7,0,1000.2(19),7,
2001-10,0076,21.6(17),1,74,0,0,6.7,1029.9(11),0,1019.6,1019.0,14.8,25.3(07),17.7,0,0,3,34/12.2(09),2,27,60,0,6,11.3(25),274,161,0,0,711,46.3,6,5,12,0,20.1,0,18.5,22.2,0,1005.0(20),6,
2001-11,0076,30.6(11),5,65,0,0,5.2,1031.1(21),3,1019.6,1019.0,7.0,19.0(02),13.9,0,0,7,06/38.6(15),3,18,53,1,5,1.8(10),351,87,1,0,611,69.4,7,2,15,0,11.6,0,10.9,14.8,0,1001.4(11),5,
2001-12,0076,23.0(14),6,67,0,0,5.7,1032.2(10),1,1022.3,1021.7,2.6,16.5(05),8.0,0,0,10,06/15.8(14),1,15,61,0,4,-3.6(25),442,66,0,0,798,27.8,4,0,14,10,3.4,1,6.5,10.2,0,1010.6(30),2,
2001-13,0076,48.4(30/ago),37,68,1,5,,1037.8(11/feb),14,1017.1,1016.5,11.5,30.2(30/jul),22.0,2,0,66,06/38.6(15/nov),17,262,,1,56,-3.6(25/dic),322,131,4,2,9438,474.9,74,18,14,10,3.4,1,15.3,19.1,0,991.1(02/mar),44,
2001-1,0076,38.2(15),6,69,0,0,4.9,1026.7(20),0,1014.7,1014.1,6.1,18.0(24),10.2,0,0,3,08/14.4(12),2,22,51,0,6,2.5(09),297,87,1,0,494,60.4,8,1,13,0,10.0,0,10.0,13.8,0,993.0(28),4,
2001-2,0076,7.6(24),4,69,0,2,6.6,1037.8(11),2,1019.9,1019.3,5.7,17.4(05),10.8,0,0,6,06/18.1(15),0,18,62,0,3,0.4(26),344,85,0,1,700,11.6,3,0,15,0,9.0,0,9.7,13.7,0,996.6(27),3,
2001-3,0076,4.3(01),4,70,0,1,7.1,1023.1(31),2,1011.1,1010.5,9.1,22.7(22),12.3,0,0,2,30/21.7(29),0,25,59,0,6,4.9(01),348,109,0,1,776,12.4,9,0,16,0,12.0,0,13.2,17.3,0,991.1(02),4,
2001-4,0076,13.8(20),3,66,0,1,9.1,1025.6(09),3,1016.4,1015.8,9.2,25.4(23),13.0,0,0,3,26/18.6(30),2,24,69,0,3,4.4(21),340,106,0,0,643,27.9,5,2,16,0,12.6,0,13.3,17.3,0,1003.0(23),3,
2001-5,0076,12.8(04),4,69,1,1,8.5,1025.0(28),1,1015.9,1015.3,12.6,25.7(30),17.6,0,0,4,08/20.0(01),1,23,59,0,7,6.6(01),300,138,0,0,843,34.1,9,3,14,0,14.6,0,16.2,19.8,0,1005.8(04),5,
2001-6,0076,2.8(16),0,66,0,0,10.4,1023.9(04),1,1017.4,1016.8,16.3,28.3(16),19.6,0,0,10,23/15.6(07),0,20,68,0,1,14.2(20),304,169,0,0,883,2.8,3,0,14,0,21.0,0,20.0,23.7,0,1008.9(09),1,
2001-7,0076,38.5(14),0,68,0,0,9.9,1023.1(01),0,1015.9,1015.3,18.5,30.2(30),21.1,2,0,11,24/14.4(15),2,20,67,0,5,13.8(19),288,194,1,0,870,73.1,5,1,13,0,19.8,0,22.2,26.0,0,1005.3(05),4,
2001-8,0076,48.4(30),2,69,0,0,8.8,1024.0(11),1,1016.9,1016.3,20.2,29.9(02),22.0,0,0,7,01/15.6(30),1,22,64,0,2,17.7(30),281,210,1,0,1021,54.3,4,2,13,0,25.0,0,23.6,27.0,0,1008.5(29),2,
2001-9,0076,19.8(22),2,69,0,0,,1022.7(26),0,1015.9,1015.3,16.0,25.6(03),19.4,0,0,0,22/14.4(15),3,28,,0,8,10.5(18),298,160,0,0,1088,54.8,11,2,14,0,19.8,0,19.5,23.0,0,1000.2(23),5,
2002-10,0076,124.8(08),4,74,0,0,6.5,1030.4(28),1,1016.1,1015.6,14.0,25.2(01),17.1,0,0,2,24/16.4(22),3,25,59,0,5,9.2(18),322,161,2,0,1005,181.8,5,3,13,0,20.0,0,18.5,23.1,0,996.1(09),4,
2002-11,0076,20.9(24),5,72,0,1,5.7,1024.0(01),,1012.5,1011.9,10.0,24.3(03),14.3,0,0,2,,2,23,57,,9,6.4(27),,123,0,0,922,56.2,10,0,12,0,14.0,0,14.7,19.3,0,988.9(14),8,
2002-12,0076,30.6(10),8,74,0,0,4.4,1025.9(13),2,1016.4,1015.8,7.3,20.6(24),12.0,0,0,1,30/17.5(28),1,22,48,0,6,3.7(04),320,103,1,0,811,41.3,9,1,11,0,12.7,0,11.7,16.0,0,1000.7(27),3,
2002-13,0076,124.8(08/oct),61,71,0,6,6.9,1035.8(09/ene),,1017.0,1016.5,11.6,30.3(09/sep),21.0,3,0,57,,23,247,57,,84,1.6(17/ene),,136,5,0,10560,773.3,96,29,13,0,8.3,0,15.7,19.7,0,988.9(14/nov),67,
2002-1,0076,8.7(02),5,73,0,1,5.2,1035.8(09),2,1027.3,1026.7,4.6,18.0(27),8.0,0,0,5,30/25.0(24),0,21,54,0,7,1.6(17),356,82,0,0,438,28.1,7,0,11,0,9.6,0,8.5,12.4,0,1009.7(23),5,
2002-2,0076,10.7(16),2,70,0,1,7.5,1031.5(01),3,1021.6,1021.0,5.5,18.7(27),9.6,0,0,6,31/18.9(06),1,20,71,0,4,3.0(18),337,86,0,0,479,17.2,4,3,14,0,8.3,0,9.8,14.0,0,1008.2(06),3,
2002-3,0076,20.8(04),6,74,0,0,6.0,1027.4(21),3,1017.6,1017.0,8.0,22.0(19),11.2,0,0,3,07/20.6(04),3,22,50,0,7,4.5(03),354,103,0,0,522,58.4,8,0,15,0,11.0,0,11.6,15.1,0,998.5(05),7,
2002-4,0076,35.1(03),8,74,0,1,7.3,1029.6(22),4,1013.5,1012.9,9.5,20.9(25),12.6,0,0,6,06/20.0(02),4,16,54,0,10,7.0(17),361,114,1,0,541,85.6,11,0,15,0,12.0,0,13.0,16.5,0,991.0(11),7,
2002-5,0076,18.6(07),9,71,0,0,7.8,1026.0(15),3,1015.2,1014.6,11.2,22.7(27),13.6,0,0,6,07/23.1(07),2,16,54,0,11,7.9(04),349,128,0,0,822,79.5,11,4,14,0,13.2,0,14.9,18.4,0,1002.7(08),10,
2002-6,0076,12.1(07),3,63,0,1,9.2,1021.9(13),1,1016.9,1016.4,15.7,28.5(25),19.8,0,0,10,24/15.6(09),1,17,61,0,4,10.8(09),304,161,0,0,1366,23.5,5,0,13,0,16.4,0,20.0,24.3,0,1000.3(04),2,
2002-7,0076,65.2(31),3,65,0,1,8.6,1020.3(06),2,1016.0,1015.4,17.9,27.9(21),20.5,0,0,10,09/19.2(13),2,18,58,0,3,14.9(14),304,180,1,0,1397,81.0,6,3,13,0,22.2,0,21.7,25.4,0,1010.7(09),3,
2002-8,0076,25.5(24),4,71,0,0,7.7,1020.0(31),0,1015.4,1014.8,18.2,30.0(16),21.0,1,0,3,25/13.9(08),3,24,56,0,13,13.0(11),300,200,0,0,1116,90.8,13,11,13,0,19.9,0,22.1,26.0,0,1006.7(10),11,
2002-9,0076,14.3(16),4,72,0,0,7.4,1024.4(30),0,1015.9,1015.4,17.4,30.3(09),20.7,2,0,3,13/13.3(18),1,23,59,0,5,11.7(26),305,192,0,0,1141,29.9,7,4,12,0,21.8,0,21.6,25.8,0,1006.1(22),4,
2003-10,0076,48.7(16),9,73,0,0,5.1,1022.7(07),5,1013.2,1012.6,13.4,27.6(02),20.8,0,0,0,09/23.9(17),6,22,45,0,12,8.1(24),411,154,2,0,866,167.4,14,0,17,0,12.0,0,17.2,21.0,0,985.8(31),12,27375
2003-11,0076,6.7(16),3,77,0,0,4.8,1028.2(04),2,1016.8,1016.2,11.1,21.6(04),16.6,0,0,6,36/33.1(28),0,21,48,1,9,6.8(29),323,135,0,0,690,16.1,11,0,13,0,15.5,0,14.9,18.6,0,990.7(01),3,22929
2003-12,0076,41.3(03),6,71,0,0,3.7,1028.6(25),2,1018.6,1018.0,6.8,17.7(06),10.0,0,0,4,34/17.5(22),1,21,40,0,7,2.1(23),364,96,1,0,800,56.6,7,0,13,0,11.0,0,10.9,14.9,0,1002.5(28),6,
2003-13,0076,64.8(27/sep),54,69,0,6,7.2,1034.0(14/ene),29,1017.5,1016.9,13.2,37.3(13/ago),25.8,71,0,77,36/33.1(28/nov),20,234,57,2,71,-1.1(13/ene),351,154,6,0,11944,651.6,88,10,14,4,7.7,1,17.4,21.7,0,985.8(31/oct),55,
2003-1,0076,21.2(05),3,63,0,1,5.5,1034.0(14),3,1017.3,1016.7,4.2,21.1(02),12.7,0,0,8,31/22.5(31),1,20,57,0,5,-1.1(13),374,75,0,0,830,26.9,7,0,13,3,8.1,0,9.2,14.1,0,995.9(06),3,
2003-2,0076,23.7(13),8,72,0,1,4.5,1029.6(24),3,1019.3,1018.7,5.2,17.3(04),11.7,0,0,1,30/25.8(04),5,19,43,1,11,-0.5(17),376,87,0,0,579,100.6,14,0,13,1,7.7,1,9.1,12.9,0,999.3(20),10,
2003-3,0076,4.8(28),3,77,0,1,7.9,1033.6(16),1,1022.4,1021.8,8.1,20.9(02),13.6,0,0,8,07/17.5(15),0,20,66,0,4,4.9(17),329,115,0,0,648,9.7,5,0,13,0,14.9,0,12.6,17.1,0,1009.0(28),3,
2003-4,0076,8.1(09),6,70,0,1,7.7,1023.1(17),5,1014.7,1014.1,10.2,23.4(18),15.0,0,0,7,33/22.5(03),0,17,58,0,4,4.8(04),405,125,0,0,883,22.4,4,0,16,0,14.3,0,14.7,19.1,0,1003.9(09),4,
2003-5,0076,23.9(06),8,70,0,2,8.6,1029.1(21),2,1018.4,1017.8,14.7,26.8(28),18.2,0,0,6,06/23.6(06),2,17,59,0,7,11.8(26),344,159,0,0,1043,46.0,9,3,14,0,18.5,0,18.6,22.6,0,1007.0(06),4,
2003-6,0076,0.0(--),1,66,0,0,9.6,1021.5(06),0,1016.2,1015.6,20.5,33.4(20),24.3,17,0,8,24/14.4(30),0,21,63,0,0,16.9(04),312,228,0,0,1283,0.0,0,0,13,0,25.2,0,25.1,29.7,0,1006.9(30),0,
2003-7,0076,0.2(04),1,64,0,0,10.4,1022.4(29),1,1016.5,1015.9,22.9,34.2(16),25.8,24,0,11,30/15.6(01),0,19,70,0,1,20.2(07),322,242,0,0,1522,0.2,4,0,14,0,27.0,0,27.0,31.0,0,1007.5(01),0,
2003-8,0076,39.6(31),2,60,0,0,10.5,1021.8(13),3,1016.6,1016.0,22.8,37.3(13),25.0,30,0,14,32/23.1(31),1,15,76,0,2,19.3(17),298,242,1,0,1644,48.0,2,2,13,0,28.5,0,27.8,32.8,0,1004.6(28),2,
2003-9,0076,64.8(27),4,69,0,0,7.5,1024.4(04),2,1019.4,1018.8,17.9,28.8(09),20.5,0,0,4,31/19.4(09),4,22,60,0,9,16.0(16),348,195,2,0,1156,157.7,11,5,12,0,22.0,0,22.2,26.4,0,1005.9(09),8,
2004-10,0076,10.7(30),1,68,0,0,7.0,1024.0(02),2,1013.7,1013.1,15.5,28.3(04),20.0,0,0,4,35/19.4(13),1,26,63,0,5,9.5(30),335,163,0,0,1019,28.0,7,2,13,0,18.4,0,19.7,23.9,0,1000.2(28),4,38023
2004-11,0076,5.0(01),2,65,0,0,5.9,1031.1(17),0,1019.6,1019.0,8.2,20.2(02),12.2,0,0,9,34/14.4(13),0,19,60,0,4,4.6(30),352,98,0,0,828,7.2,5,2,12,0,11.6,0,12.7,17.2,0,1004.7(10),1,
2004-12,0076,15.1(08),5,70,0,0,4.7,1031.5(30),5,1018.8,1018.2,7.6,19.5(10),12.6,0,0,6,07/29.4(11),1,20,51,1,9,1.5(29),424,99,0,0,694,47.1,9,0,16,0,9.6,0,11.5,15.4,0,997.0(26),9,17997
2004-13,0076,35.2(29/mar),48,69,1,6,7.1,1037.1(04/feb),25,1017.4,1016.8,13.1,34.0(12/ago),24.8,26,0,60,07/29.4(11/dic),19,258,58,2,79,-0.2(01/mar),355,150,1,0,11130,507.5,92,13,14,1,9.4,1,17.2,21.2,0,993.4(03/may),59,
2004-1,0076,3.4(30),0,67,0,0,5.8,1025.6(31),2,1016.1,1015.4,7.1,22.4(13),12.4,0,0,4,30/22.2(17),0,27,60,0,4,3.6(19),346,94,0,0,890,5.0,7,0,12,0,11.1,0,11.6,16.0,0,1003.9(27),2,20235
2004-2,0076,28.1(25),6,75,0,1,5.4,1037.1(04),4,1020.2,1019.6,6.3,18.1(22),11.1,0,0,4,06/17.5(21),5,19,51,0,8,1.1(29),378,97,0,0,695,112.3,8,1,14,0,9.5,1,10.2,14.1,0,995.8(21),7,28498
2004-3,0076,35.2(29),11,71,1,0,5.5,1032.3(15),3,1020.8,1020.2,7.8,19.2(19),12.6,0,0,1,08/24.7(29),3,19,46,0,8,-0.2(01),393,104,1,0,775,70.2,7,1,16,1,9.4,0,11.7,15.4,0,1005.8(30),6,34554
2004-4,0076,16.2(15),4,72,0,0,8.0,1027.6(04),3,1013.8,1013.2,10.2,22.2(20),13.7,0,0,2,07/25.3(16),3,24,60,1,10,5.8(10),382,123,0,0,794,69.4,14,2,16,0,14.1,0,14.2,18.1,0,998.6(29),9,54462
2004-5,0076,15.1(11),7,70,0,1,8.3,1025.8(18),1,1015.0,1014.4,13.2,23.8(29),19.3,0,0,5,04/18.1(03),2,19,57,0,7,7.8(01),343,147,0,0,1003,36.2,8,0,15,0,15.8,0,17.1,20.9,0,993.4(03),4,64826
2004-6,0076,7.8(20),2,68,0,0,9.7,1024.4(09),0,1018.6,1018.0,18.7,31.3(28),22.0,2,0,9,01/14.4(15),0,19,64,0,5,15.8(04),305,202,0,0,1086,14.9,5,1,13,0,24.1,0,22.5,26.2,0,1005.9(19),4,79617
2004-7,0076,7.3(10),1,66,0,0,9.5,1021.2(03),0,1017.5,1016.9,20.3,31.9(30),24.0,3,0,9,31/14.4(08),0,21,64,0,6,16.0(14),331,216,0,0,1179,13.2,7,1,13,0,23.0,0,24.1,27.9,0,1009.8(07),4,74878
2004-8,0076,22.0(29),5,68,0,0,8.0,1021.2(21),1,1015.1,1014.5,21.9,34.0(12),24.8,11,0,4,24/16.4(02),1,22,58,0,6,19.0(22),338,241,0,0,1152,29.0,7,3,14,0,26.2,0,25.7,29.5,0,1006.9(08),4,63856
2004-9,0076,22.8(13),4,67,0,4,7.8,1024.1(04),4,1019.4,1018.8,20.6,32.2(09),24.3,10,0,3,26/21.1(11),3,23,63,0,7,15.8(26),331,218,0,0,1015,75.0,8,0,15,0,26.7,0,25.0,29.3,0,1010.6(24),5,50721
2005-10,0076,20.8(12),8,73,0,1,5.1,,,,,15.3,26.0(01),18.7,0,0,0,,1,23,45,,11,11.7(04),,165,0,0,795,48.3,13,0,15,0,19.3,0,19.1,23.0,0,,6,29910
2005-11,0076,67.3(09),9,67,0,0,,,,,,8.8,22.5(02),14.3,0,0,4,,5,17,,,10,2.1(30),,102,1,0,834,141.2,12,3,17,0,10.4,0,12.8,16.7,0,,6,
2005-12,0076,4.5(18),2,62,0,1,4.2,1032.1(22),5,1018.2,1018.0,2.9,16.9(05),7.8,0,0,13,35/21.1(24),0,16,45,0,3,-1.5(29),409,65,0,0,973,6.8,5,0,16,2,7.7,0,7.5,12.1,0,1000.0(02),2,19147
2005-13,0076,67.3(09/nov),59,65,0,12,,,,,,12.5,34.9(28/jun),25.2,12,0,82,,18,224,,,76,-1.5(29/dic),,136,4,0,10868,581.0,97,5,16,5,5.9,2,16.5,20.4,0,,46,
2005-1,0076,0.0(--),2,61,0,0,6.9,1037.9(06),5,1025.2,1024.5,4.4,18.7(20),9.3,0,0,14,33/25.3(25),0,15,72,1,0,-1.1(27),424,74,0,0,727,0.0,0,0,15,2,5.9,0,9.0,13.6,0,1007.7(26),0,25933
2005-2,0076,7.9(08),5,61,0,3,6.4,1036.8(10),3,1017.8,1017.2,4.7,20.1(13),11.4,0,0,5,30/21.1(13),0,18,60,0,11,0.4(28),415,72,0,0,715,25.2,9,0,16,0,7.6,2,8.7,12.6,0,1002.2(13),5,30098
2005-3,0076,7.6(29),11,70,0,2,6.8,1034.0(17),3,1018.3,1017.7,7.8,23.0(27),14.3,0,0,6,34/16.9(08),0,14,57,0,4,0.0(01),351,102,0,0,634,17.2,6,0,15,1,9.7,0,11.5,15.1,0,1005.0(03),3,44553
2005-4,0076,4.2(08),4,65,0,0,8.6,1029.6(05),5,1015.7,1015.1,11.5,23.2(18),15.7,0,0,5,08/19.4(09),0,21,64,0,1,7.4(09),396,116,0,0,921,4.2,2,0,17,0,14.0,0,15.3,18.9,0,1001.8(18),1,60391
2005-5,0076,24.0(16),4,63,0,4,8.5,1024.6(23),0,1017.4,1016.8,14.6,26.3(28),19.0,0,0,6,22/14.4(24),1,21,58,0,7,11.7(17),321,144,0,0,1053,38.2,12,0,15,0,14.4,0,18.5,22.2,0,1005.3(17),5,73864
2005-6,0076,8.2(13),0,64,0,0,8.4,1024.7(08),1,1017.5,1017.0,20.1,34.9(28),24.6,4,0,9,23/18.6(23),0,21,56,0,3,15.4(09),339,201,0,0,1070,10.0,5,0,16,0,23.3,0,23.6,27.2,0,1006.6(13),2,76453
2005-7,0076,15.2(06),4,63,0,0,8.4,1025.3(20),2,1016.4,1015.8,22.0,30.9(15),25.2,7,0,7,12/22.2(21),2,20,56,0,6,18.4(10),336,220,0,0,1132,30.9,9,0,16,0,23.5,0,25.4,28.7,0,1008.0(24),3,75219
2005-8,0076,63.1(19),5,61,0,1,7.5,1022.4(04),3,1016.7,1016.1,20.3,29.9(06),24.8,0,0,7,36/22.8(09),3,19,54,0,8,14.2(21),345,195,1,0,1095,94.1,11,1,17,0,26.0,0,24.3,28.2,0,1007.0(10),5,63122
2005-9,0076,39.4(07),5,65,0,0,8.0,1025.2(14),2,1017.4,1016.8,17.3,30.0(03),22.6,1,0,6,07/23.3(07),6,19,64,0,12,12.3(19),338,180,2,0,919,164.9,13,1,15,0,21.1,0,21.8,26.2,0,1005.2(07),8,52857
2006-10,0076,21.3(11),8,70,0,4,6.0,1027.9(28),3,1015.4,1014.8,16.5,29.7(03),20.2,0,0,1,28/21.1(11),3,22,54,0,5,13.2(05),343,171,0,0,888,47.5,6,0,15,0,18.1,0,20.5,24.3,0,1001.7(19),3,36810
2006-11,0076,1.2(17),4,67,0,0,3.9,1030.8(30),0,1020.4,1019.8,11.3,23.4(23),16.3,0,0,7,30/14.4(22),0,19,39,0,3,6.6(30),342,122,0,0,913,1.8,3,0,14,0,16.2,0,15.6,20.0,0,1004.2(22),1,22469
2006-12,0076,21.4(06),5,64,0,0,3.9,1038.9(31),5,1025.0,1024.4,5.5,19.9(05),11.7,0,0,9,35/18.1(21),1,17,43,0,15,1.6(12),429,83,0,0,937,33.2,15,0,17,0,9.8,0,10.3,15.0,0,1002.9(08),4,20185
2006-13,0076,38.9(12/sep),52,65,0,19,6.5,1038.9(31/dic),28,1017.1,1016.5,13.3,33.5(23/jul),26.8,34,0,63,99/23.3(11/mar),15,250,52,0,65,0.2(28/ene),368,142,1,0,11879,361.6,82,3,16,0,2.7,0,17.4,21.4,0,994.7(05/mar),37,588723
2006-1,0076,25.3(07),8,70,0,2,3.5,1030.8(11),2,1020.1,1019.5,4.2,18.4(31),8.3,0,0,4,04/18.6(30),5,19,36,0,11,0.2(28),413,78,0,0,623,106.3,16,0,16,0,2.7,0,8.2,12.2,0,1004.9(28),9,18761
2006-2,0076,3.3(21),3,63,0,1,4.9,1026.1(07),3,1014.5,1013.9,4.7,21.1(16),10.2,0,0,6,24/18.9(19),0,19,46,0,4,0.6(06),392,74,0,0,766,6.7,3,1,16,0,9.3,0,9.1,13.5,0,999.8(19),2,29192
2006-3,0076,14.5(05),6,65,0,2,6.6,1024.3(07),5,1013.4,1012.8,8.3,23.6(28),12.5,0,0,5,99/23.3(11),1,20,56,0,5,2.5(01),379,98,0,0,870,16.7,7,0,17,0,10.3,0,12.5,16.6,0,994.7(05),2,46330
2006-4,0076,1.7(27),5,64,0,2,7.3,1023.3(03),2,1014.9,1014.3,11.5,24.7(26),15.2,0,0,6,06/15.3(24),0,19,54,0,4,6.7(12),351,118,0,0,908,3.3,4,0,17,0,15.4,0,15.6,19.6,0,1003.1(05),2,60486
2006-5,0076,2.2(30),4,62,0,4,8.1,1026.4(24),2,1017.8,1017.2,15.2,28.1(28),18.7,0,0,4,08/18.1(03),0,23,56,0,4,12.1(09),354,150,0,0,1008,2.6,6,0,16,0,19.4,0,19.3,23.4,0,1006.8(22),1,75142
2006-6,0076,2.0(15),2,62,0,1,9.0,1024.2(12),3,1017.9,1017.3,18.9,30.4(29),22.9,1,0,6,06/20.0(12),0,22,60,0,2,12.2(01),384,183,0,0,1125,3.4,2,0,18,0,21.7,0,22.3,25.7,0,1009.5(24),2,77910
2006-7,0076,0.0(--),0,60,0,0,9.9,1021.9(10),0,1017.1,1016.5,23.5,33.5(23),25.1,23,0,7,22/13.9(09),0,24,67,0,0,21.0(03),343,236,0,0,1484,0.0,5,0,16,0,28.4,0,27.2,30.9,0,1009.5(29),0,82248
2006-8,0076,20.2(12),2,59,0,1,8.3,1023.8(20),2,1014.1,1013.5,20.6,32.6(03),26.8,8,0,5,02/16.9(08),3,24,60,0,7,17.5(12),365,193,0,0,1344,68.0,9,1,17,0,25.1,0,24.8,28.9,0,1003.2(17),6,68835
2006-9,0076,38.9(12),5,68,0,2,6.9,1024.5(04),1,1014.9,1014.3,19.4,31.3(04),23.5,2,0,3,03/16.4(12),2,22,55,0,5,15.4(16),319,201,1,0,1013,72.1,6,1,15,0,23.5,0,23.3,27.1,0,1002.7(14),5,50355
2007-10,0076,39.5(10),6,64,0,4,6.2,1025.6(27),,1018.5,1017.9,13.8,26.8(01),20.8,0,0,7,,4,18,56,,9,9.6(31),,138,3,0,928,149.9,10,5,15,0,17.5,0,18.0,22.2,0,1008.8(24),7,38420
2007-11,0076,1.3(20),3,56,0,1,5.5,1027.9(07),,1018.0,1017.4,6.5,20.5(21),13.0,0,0,15,,0,12,55,,1,-1.2(18),,82,0,0,931,1.3,2,0,15,2,12.2,0,11.8,16.9,0,1004.1(22),1,24304
2007-12,0076,12.2(17),4,58,0,0,,1033.2(19),3,1023.7,1023.1,4.7,21.5(09),10.6,0,0,13,31/23.6(09),1,14,,0,5,-1.1(14),442,71,0,0,794,21.5,5,0,18,3,9.1,0,9.8,14.7,0,1006.1(09),4,21653
2007-13,0076,43.5(12/ago),51,61,0,12,,1036.4(03/ene),,1017.5,1016.9,12.6,31.8(15/jun),24.8,11,0,86,,15,228,,,75,-1.2(18/nov),,129,7,0,10871,534.6,83,11,17,7,8.9,0,16.9,21.1,0,996.3(19/mar),47,583760
2007-1,0076,0.1(22),4,63,0,1,4.0,1036.4(03),2,1024.4,1023.8,5.6,21.3(19),11.1,0,0,10,29/20.0(23),0,17,41,0,2,-0.5(27),380,81,0,0,859,0.2,2,0,15,2,8.9,0,10.4,15.1,0,1000.8(22),0,21893
2007-2,0076,20.5(17),6,63,0,0,5.1,1028.9(02),3,1015.5,1014.9,7.5,24.1(15),12.3,0,0,2,27/18.6(12),1,20,48,0,7,3.9(03),350,90,0,0,723,28.9,8,1,15,0,12.1,0,12.2,16.8,0,1002.7(09),2,28034
2007-3,0076,8.9(07),5,54,0,1,,1028.2(10),9,1016.5,1015.9,7.9,23.6(03),13.8,0,0,6,99/20.6(19),0,20,,0,9,2.6(22),410,81,0,0,1047,19.0,10,0,19,0,13.7,0,12.8,17.6,0,996.3(19),4,49491
2007-4,0076,32.6(02),13,68,0,2,5.0,1023.0(23),4,1016.4,1015.8,11.7,24.2(24),14.7,0,0,5,99/18.1(01),2,12,37,0,12,6.9(05),389,123,1,0,793,80.1,13,2,18,0,11.9,0,15.4,19.0,0,1003.1(04),11,47060
2007-5,0076,12.1(03),3,58,0,0,8.0,1024.9(08),5,1013.5,1012.9,14.8,29.4(24),18.8,0,0,3,29/18.1(28),1,25,56,0,11,9.5(02),394,135,0,0,970,23.7,11,1,18,0,17.3,0,19.0,23.2,0,1002.2(27),5,74554
2007-6,0076,1.9(01),0,62,0,1,8.1,1020.5(01),1,1014.2,1013.6,19.0,31.8(15),21.9,2,0,7,29/15.3(15),0,23,54,0,1,14.4(02),361,181,0,0,984,1.9,2,0,18,0,22.5,0,22.5,26.0,0,1005.7(14),1,79124
2007-7,0076,7.6(04),2,62,0,0,8.6,1022.3(05),0,1016.3,1015.7,20.9,30.3(27),24.8,4,0,8,23/13.9(03),0,21,58,0,2,16.5(05),344,202,0,0,926,7.9,2,0,16,0,24.4,0,24.4,27.8,0,1004.1(23),1,81668
2007-8,0076,43.5(12),3,61,0,2,7.7,1023.6(25),2,1014.7,1014.2,20.4,31.3(29),24.3,5,0,6,02/22.8(21),5,22,56,0,12,14.8(22),351,196,3,0,989,180.5,13,2,16,0,23.0,0,24.2,28.0,0,1002.9(21),9,65209
2007-9,0076,12.1(29),2,60,0,0,7.2,1023.3(20),1,1017.9,1017.3,18.3,28.5(15),21.2,0,0,4,07/17.5(14),1,24,58,0,4,10.0(28),358,168,0,0,927,19.7,5,0,17,0,20.9,0,22.3,26.2,0,1006.9(27),2,52350
2008-10,0076,37.3(28),9,67,0,0,,1029.5(10),4,1017.9,1017.3,13.7,25.2(15),20.5,0,0,6,08/25.3(22),2,16,,1,12,3.8(30),377,143,1,0,795,89.1,13,1,17,0,10.3,0,17.7,21.6,0,997.7(31),9,32474
2008-11,0076,15.5(02),2,60,0,1,,1029.1(09),1,1015.1,1014.5,6.9,21.2(01),14.1,0,0,5,21/18.1(02),1,23,,0,7,0.2(27),378,84,0,0,709,37.1,7,0,15,0,10.4,0,11.6,16.3,0,991.0(29),7,23004
2008-12,0076,12.2(09),10,64,0,0,,1031.0(21),3,1016.5,1015.8,4.7,18.5(05),9.6,0,0,3,07/21.7(26),4,18,,0,11,0.5(11),390,74,0,0,649,59.3,13,1,15,0,7.5,0,8.8,12.7,0,991.9(14),8,17515
2008-13,0076,104.9(10/may),58,63,0,16,,1037.7(17/feb),,1016.4,1015.8,12.3,32.1(05/ago),24.4,18,0,60,,13,248,,,89,-0.1(02/ene),,130,3,0,,509.5,107,7,16,1,7.5,0,16.5,20.5,0,989.7(22/mar),59,568499
2008-1,0076,9.4(03),2,67,0,1,4.7,1035.3(26),2,1022.0,1021.4,6.2,19.1(06),11.7,0,0,4,25/21.1(11),0,25,48,0,6,-0.1(02),353,88,0,0,775,16.7,8,0,14,1,9.9,0,10.8,15.4,0,994.6(03),3,24232
2008-2,0076,11.4(02),6,70,0,2,,1037.7(17),1,1026.3,1025.7,6.8,19.4(22),11.3,0,0,5,20/17.5(04),1,18,,0,7,2.7(10),336,95,0,0,539,30.7,9,0,14,0,12.2,0,10.9,14.9,0,1008.6(04),6,27917
2008-3,0076,6.4(30),6,59,0,3,,1024.3(01),6,1012.5,1011.9,7.6,21.2(11),10.7,0,0,2,34/19.7(04),0,23,,0,6,1.4(06),373,87,0,0,1077,13.5,7,0,17,0,12.3,0,12.1,16.6,0,989.7(22),3,47773
2008-4,0076,8.9(17),4,63,0,0,7.5,1029.0(25),6,1012.2,1011.6,10.5,22.3(21),14.1,0,0,7,28/18.9(17),0,19,56,0,6,7.6(13),366,110,0,0,1009,17.0,7,1,18,0,12.5,0,14.6,18.7,0,990.7(18),3,63581
2008-5,0076,104.9(10),10,65,0,3,6.2,1022.0(02),,1012.2,1011.6,13.8,23.8(26),16.9,0,0,1,,2,20,43,,12,10.0(01),,136,2,0,908,150.6,15,1,17,0,16.3,0,17.4,21.0,0,999.2(27),7,60968
2008-6,0076,12.7(05),3,62,0,1,,1019.7(20),0,1016.0,1015.4,17.5,31.1(23),22.2,3,0,8,99/14.4(12),1,19,,0,8,13.9(04),362,169,0,0,,25.7,10,1,17,0,20.4,0,21.5,25.4,0,1003.7(16),5,74864
2008-7,0076,23.8(12),0,60,0,2,8.8,1025.8(14),3,1015.6,1015.1,20.8,31.3(31),23.5,2,0,9,21/23.6(27),1,22,59,0,4,16.8(13),342,204,0,0,1166,24.9,7,1,17,0,25.5,0,24.6,28.2,0,1007.2(12),1,80302
2008-8,0076,7.4(22),2,60,0,2,,1021.0(26),1,1014.9,1014.3,21.7,32.1(05),24.4,12,0,5,07/15.3(12),0,24,,0,3,18.8(23),344,205,0,0,1219,9.9,4,1,16,0,25.9,0,25.5,29.1,0,1002.7(12),2,66964
2008-9,0076,18.2(20),4,59,0,1,,1024.3(27),0,1015.3,1014.7,17.9,31.1(06),24.0,1,0,5,02/15.0(09),1,21,,0,7,12.4(28),374,162,0,0,1129,35.0,7,0,17,0,19.1,0,22.0,25.9,0,1005.2(05),5,48905
2009-10,0076,34.0(22),3,63,0,0,,1025.1(31),0,1016.1,1015.5,14.3,27.9(07),20.1,0,0,2,99/15.0(22),2,25,,0,6,8.1(17),316,143,1,0,,58.1,6,0,14,0,14.9,0,18.7,23.1,0,991.0(22),5,38832
2009-11,0076,2.3(29),1,61,0,2,,1028.9(21),5,1015.1,1014.5,9.5,23.7(16),14.3,0,0,1,29/18.1(30),0,28,,0,4,5.1(10),337,103,0,0,,2.8,4,0,15,0,13.5,0,14.3,19.1,0,997.8(30),1,24367
2009-12,0076,,7,64,,,,1026.6(10),2,1009.4,1008.8,5.7,19.7(30),12.2,0,,2,04/17.5(14),,22,,0,,-2.7(20),351,80,,,,,,,14,5,5.8,,9.6,13.5,,988.0(24),,15966
2009-13,0076,,44,62,,,,1029.9(11/ene),25,1014.9,1014.3,12.6,35.6(20/ago),24.3,27,,56,29/24.2(24/ene),,263,,0,,-2.7(20/dic),347,132,,,,,,,16,7,5.5,,16.7,20.8,,986.3(05/mar),,579926
2009-1,0076,16.7(06),9,64,0,0,,1029.9(11),5,1013.1,1012.5,4.1,21.6(23),9.7,0,0,2,29/24.2(24),3,20,,0,8,-2.4(08),387,72,0,0,656,49.5,10,0,16,2,5.5,0,8.4,12.6,0,986.9(24),4,21154
2009-2,0076,15.6(01),4,63,0,0,,1029.4(25),2,1014.0,1013.4,5.2,17.7(10),8.5,0,0,3,32/18.9(08),2,20,,0,5,2.8(08),333,77,0,0,727,32.2,5,0,15,0,9.3,0,9.5,13.8,0,989.2(06),4,29877
2009-3,0076,31.7(31),6,63,0,1,,1028.2(17),2,1015.3,1014.7,7.1,18.9(16),9.6,0,0,7,30/18.6(05),2,18,,0,8,2.2(07),373,87,1,0,803,56.6,10,0,18,0,12.1,0,11.4,15.6,0,986.3(05),4,46281
2009-4,0076,17.6(07),6,66,0,0,6.5,1022.5(04),6,1013.0,1012.4,9.7,23.9(23),13.5,0,0,1,07/19.4(07),1,23,48,0,12,6.8(12),376,106,0,0,895,47.3,13,2,18,0,11.4,0,13.9,18.0,0,1001.3(11),8,56372
2009-5,0076,38.3(14),4,64,0,3,,1024.4(28),0,1017.3,1016.7,14.7,26.2(28),18.7,0,0,7,04/14.4(11),1,20,,0,2,10.9(02),361,146,1,0,877,38.5,4,0,17,0,18.6,0,18.6,22.6,0,1008.0(14),1,73095
2009-6,0076,4.7(06),0,58,0,2,,1022.3(11),2,1015.0,1014.4,18.7,31.7(30),21.6,2,0,4,15/20.0(05),0,26,,0,4,15.1(07),332,176,0,0,,7.3,4,0,16,0,23.3,0,22.7,26.7,0,1002.2(05),2,79495
2009-7,0076,15.6(09),2,61,0,1,,1023.2(25),0,1016.4,1015.8,21.7,34.8(23),24.0,9,0,9,22/14.2(23),1,20,,0,4,17.1(18),318,209,0,0,,18.1,3,1,15,0,22.5,0,25.2,28.7,0,1007.1(23),2,73117
2009-8,0076,1.1(31),0,59,0,0,,1020.4(21),0,1016.3,1015.7,22.4,35.6(20),24.3,16,0,15,33/14.4(09),0,16,,0,3,20.5(04),326,213,0,0,,2.0,4,0,16,0,27.0,0,26.3,30.2,0,1007.9(25),1,71646
2009-9,0076,16.0(20),2,60,0,1,,1022.6(23),1,1017.3,1016.8,18.1,29.7(01),23.3,0,0,3,08/16.1(22),2,25,,0,8,13.3(16),352,167,0,0,,41.8,9,2,16,0,18.9,0,22.2,26.2,0,1006.6(16),6,49724
2010-10,0076,29.0(09),4,,0,0,,1025.5(27),,1012.3,1011.7,12.7,26.1(03),20.8,0,0,8,,2,19,,,6,5.9(27),,125,0,0,,55.9,6,0,17,0,18.4,0,17.2,21.7,0,993.8(31),3,37841
2010-11,0076,1.9(29),3,,0,0,,1029.8(05),,1009.8,1009.2,7.1,23.8(02),12.0,0,0,4,,0,23,,,5,1.0(27),,84,0,0,,5.9,6,0,15,0,7.4,0,11.9,16.7,0,984.2(09),4,24214
2010-12,0076,6.8(22),8,,0,1,,1029.8(10),,1012.0,1011.4,4.4,19.7(08),13.2,0,0,5,,0,18,,,10,-2.0(27),,72,0,0,,23.9,10,0,14,3,8.7,0,9.0,13.5,0,991.1(23),7,20008
2010-13,0076,,72,,,,,1031.0(17/mar),,1013.6,1013.0,11.7,37.4(27/ago),24.8,18,0,63,,,230,,,,-2.0(27/dic),,126,,0,,,,,16,13,5.4,,15.8,19.9,0,984.2(09/nov),,570537
2010-1,0076,,12,66,,,,1024.9(17),2,1012.7,1012.1,4.4,15.9(15),8.7,0,0,0,99/21.1(07),,19,,0,,-1.5(10),328,72,,0,,,,,14,3,6.4,,7.9,11.4,0,991.9(08),,18142
2010-2,0076,,9,60,,,,1026.0(02),5,1006.8,1006.2,4.4,19.9(23),9.2,0,0,2,32/18.6(24),,17,,0,,-1.7(15),394,71,,0,,,,,17,4,6.0,,8.7,12.8,0,986.2(19),,25725
2010-3,0076,20.5(07),12,63,0,2,,1031.0(17),3,1017.0,1016.4,6.0,21.1(27),12.2,0,0,7,99/18.1(03),3,12,,0,7,-1.0(11),366,82,0,0,,53.4,7,0,17,3,5.4,2,10.2,14.3,0,999.4(08),5,44510
2010-4,0076,9.5(03),8,64,0,3,,1029.3(05),0,1017.6,1017.0,10.1,23.9(27),15.1,0,0,3,06/13.3(07),0,19,,0,8,6.3(05),308,109,0,0,,15.4,9,0,15,0,13.8,0,14.1,18.1,0,1007.1(11),3,53880
2010-5,0076,46.8(03),5,62,0,1,,1026.6(17),0,1013.6,1013.0,12.4,26.6(31),17.7,0,0,6,22/14.4(05),2,20,,0,11,7.4(04),331,127,1,0,,88.4,12,0,16,0,12.4,0,16.5,20.6,0,999.0(04),5,73009
2010-6,0076,11.2(09),2,61,0,1,,1019.5(04),0,1013.7,1013.1,17.0,29.7(28),20.7,0,0,6,15/13.9(20),1,22,,0,7,13.8(21),318,165,0,0,,24.3,7,0,15,0,21.2,0,20.9,24.8,0,1000.0(10),3,74462
2010-7,0076,1.2(29),0,60,0,0,,1022.0(23),0,1016.3,1015.7,22.4,31.5(11),24.6,13,0,11,23/13.3(28),0,20,,0,2,19.9(02),328,220,0,0,,1.5,1,1,16,0,27.8,0,26.1,29.7,0,1008.5(14),1,81611
2010-8,0076,39.3(13),2,62,0,1,,1023.5(21),1,1015.9,1015.3,21.4,37.4(27),24.8,5,0,6,02/18.1(12),2,23,,0,8,16.5(14),349,210,1,0,,59.0,9,1,17,0,25.5,0,25.2,28.9,0,1008.8(23),5,68148
2010-9,0076,40.1(17),7,62,0,0,,1023.7(14),1,1015.0,1014.4,17.9,29.4(04),21.9,0,0,5,32/16.1(07),4,18,,0,9,12.3(27),342,173,1,0,,100.7,11,0,16,0,21.6,0,22.0,26.2,0,999.7(07),5,48987
2011-10,0076,44.1(27),3,61,0,0,6.3,1025.4(10),0,1019.3,1018.7,14.9,29.8(03),17.7,0,0,10,99/14.4(19),2,18,56,0,7,9.2(26),339,141,2,0,,99.9,9,2,16,0,18.3,0,19.5,24.2,0,999.4(25),6,38346
2011-11,0076,44.7(15),13,,0,1,2.6,1030.0(26),1,1018.1,1017.5,11.7,23.1(02),17.1,0,0,4,05/17.5(22),5,13,26,0,13,5.9(27),373,129,1,0,,114.9,15,1,15,0,16.2,0,15.4,19.0,0,996.7(05),9,19177
2011-12,0076,0.4(02),0,58,0,0,2.9,1036.7(26),2,1023.0,1022.4,5.9,19.1(14),10.1,0,0,8,30/18.9(17),0,23,31,0,1,1.8(26),386,78,0,0,,0.4,1,0,15,0,11.8,0,11.2,16.3,0,1004.8(16),0,22065
2011-13,0076,50.5(07/jun),47,,0,7,,1036.7(26/dic),,1017.8,1017.2,13.0,33.0(21/ago),24.8,17,0,78,,24,240,,,81,-3.3(24/ene),,138,8,0,,700.2,89,9,16,5,8.1,0,17.2,21.4,0,992.1(17/feb),53,595365
2011-1,0076,17.0(28),9,67,0,2,,1029.1(17),,1018.4,1017.8,3.9,17.6(11),7.9,0,0,8,,1,14,,,6,-3.3(24),,79,0,0,,25.7,8,0,14,5,8.1,0,8.4,12.9,0,1003.6(27),4,22119
2011-2,0076,19.0(17),3,66,0,1,,1032.8(04),0,1018.2,1017.6,5.3,20.3(22),9.6,0,0,5,24/15.0(16),1,20,,0,5,2.8(02),326,82,0,0,,22.7,6,0,16,0,8.3,0,10.1,14.8,0,992.1(17),3,30590
2011-3,0076,44.3(12),5,68,0,0,,1032.6(24),2,1019.1,1018.5,7.9,22.4(17),12.5,0,0,3,06/16.9(14),5,23,,0,11,2.4(01),399,95,1,0,,126.6,11,0,18,0,8.3,0,11.8,15.6,0,998.1(13),7,47077
2011-4,0076,3.0(28),4,64,0,0,,1028.3(07),2,1016.3,1015.8,12.3,25.9(10),15.1,0,0,9,13/15.3(12),0,17,,0,6,9.4(18),370,123,0,0,,7.1,6,0,17,0,16.3,0,16.3,20.4,0,1001.0(30),2,61777
2011-5,0076,17.4(07),1,62,0,1,,1027.6(10),1,1018.3,1017.7,15.1,30.0(24),18.6,1,0,7,99/16.4(07),3,23,,0,7,11.8(01),361,148,0,0,,52.4,7,1,17,0,17.5,0,19.1,23.2,0,1001.3(02),5,77004
2011-6,0076,50.5(07),3,62,0,0,,1023.6(25),2,1017.0,1016.4,18.1,30.5(29),22.1,2,0,4,10/16.9(01),2,23,,0,8,13.3(03),306,174,1,0,,76.2,8,0,15,0,19.3,0,21.7,25.2,0,1004.5(07),5,74198
2011-7,0076,37.5(18),3,62,0,2,,1020.6(15),3,1013.6,1013.0,20.2,30.6(19),23.3,1,0,4,09/16.4(19),3,24,,0,8,16.1(14),353,194,3,0,,117.4,10,4,16,0,24.3,0,23.8,27.5,0,1000.4(19),6,73571
2011-8,0076,3.3(26),1,61,0,0,,1023.2(10),0,1015.2,1014.6,21.7,33.0(21),24.8,11,0,9,30/15.0(26),0,21,,0,4,18.5(10),313,217,0,0,,4.3,3,1,15,0,26.9,0,25.7,29.6,0,1005.9(26),1,73862
2011-9,0076,24.2(18),2,65,0,0,8.5,1025.4(06),0,1017.4,1016.9,19.3,30.7(15),22.6,2,0,7,29/13.9(24),2,21,68,0,5,14.3(19),313,198,0,0,,52.6,5,0,15,0,23.5,0,23.6,27.9,0,1008.4(18),5,55579
2012-10,0076,59.4(30),6,72,0,2,,1021.5(02),2,1012.7,1012.1,15.1,26.4(09),20.7,0,0,3,99/16.4(28),3,22,,0,13,6.0(29),348,167,2,0,,158.8,16,2,16,0,14.3,0,18.8,22.5,0,991.6(31),11,35786
2012-11,0076,13.1(27),8,70,0,0,,1029.6(07),0,1013.8,1013.2,10.4,21.1(02),15.4,0,0,4,26/15.0(01),1,18,,0,6,3.0(30),331,116,0,0,,27.5,10,0,13,0,12.5,0,14.2,17.9,0,993.1(28),5,20820
2012-12,0076,8.1(12),5,66,0,2,2.6,1032.2(28),1,1018.7,1018.1,7.0,20.4(15),12.7,0,0,5,32/16.4(05),0,21,28,0,2,2.2(02),343,89,0,0,,8.2,3,0,14,0,10.6,0,11.1,15.2,0,1006.4(01),1,21918
2012-13,0076,59.4(30/oct),49,,0,9,,1036.4(19/ene),20,,1016.2,12.8,34.0(20/ago),25.1,23,0,88,07/21.1(20/mar),11,228,,0,65,-3.5(05/feb),351,,3,1,,446.2,84,11,16,10,3.6,0,17.0,21.2,0,991.6(31/oct),45,607494
2012-1,0076,4.0(28),4,62,0,1,3.7,1036.4(19),0,1024.2,1023.6,4.4,18.3(02),8.7,0,0,11,26/15.0(02),0,16,38,0,2,0.5(14),380,74,0,0,,5.1,2,0,14,0,9.2,0,9.6,14.6,0,1013.2(31),2,23872
2012-2,0076,6.0(01),2,49,0,1,6.1,1028.7(21),0,1021.3,1020.7,1.9,19.9(26),8.1,0,0,13,33/13.9(22),0,14,57,0,4,-3.5(05),367,53,0,0,,7.2,4,0,16,10,3.6,0,7.1,12.2,0,1009.9(02),1,34032
2012-3,0076,24.5(21),1,58,0,3,8.8,1032.8(09),2,1023.7,1023.3,7.7,23.3(30),11.4,0,0,14,07/21.1(20),1,15,74,0,5,3.5(07),360,87,0,1,,32.0,5,0,17,0,13.5,0,12.7,17.7,0,1007.6(31),4,56117
2012-4,0076,18.3(03),7,60,0,0,5.9,1016.4(22),7,1007.9,1007.4,11.0,22.6(24),16.0,0,0,1,34/16.9(15),1,22,44,0,12,6.9(17),392,106,0,0,,51.8,13,2,18,0,14.5,0,15.0,18.9,0,996.5(19),8,54707
2012-5,0076,13.8(19),3,58,0,0,8.6,1025.2(11),2,1015.8,1015.2,15.3,28.0(30),19.7,0,0,5,24/20.6(20),1,23,59,0,7,9.2(01),347,142,0,0,,19.7,7,2,16,0,20.1,0,19.5,23.7,0,1002.4(20),3,77760
2012-6,0076,16.5(03),1,,0,0,9.3,1023.2(23),1,1015.3,1014.8,19.1,31.8(21),22.2,1,0,10,06/16.1(12),1,19,61,0,3,16.1(12),337,,0,0,,20.5,5,1,15,0,23.0,0,22.9,26.6,0,1004.4(07),3,82539
2012-7,0076,29.9(01),2,,0,0,9.0,1026.6(16),0,1016.1,1015.5,20.5,33.3(18),22.2,1,0,8,32/14.4(01),1,21,61,0,2,16.3(02),338,,0,0,,30.2,2,1,17,0,25.6,0,24.2,27.9,0,1008.0(05),1,81073
2012-8,0076,16.9(30),2,,0,0,9.5,1022.6(07),0,1015.6,1015.4,22.3,34.0(20),25.1,21,0,12,01/14.4(06),1,17,69,0,3,17.9(31),328,,0,0,,22.5,6,1,15,0,27.3,0,26.3,30.3,0,1006.8(05),3,73221
2012-9,0076,54.0(29),8,,0,0,,1022.3(07),5,,1014.6,18.8,29.9(24),22.1,0,0,2,27/18.1(24),1,20,,0,6,13.2(27),341,,1,0,,62.7,11,2,16,0,22.2,0,22.8,26.8,0,1001.7(26),3,45649
2013-10,0076,28.0(06),5,80,0,1,4.2,1023.1(31),1,1017.1,1016.5,16.8,29.3(27),22.5,0,0,1,34/15.3(04),2,25,38,0,10,11.7(12),333,196,0,0,,65.8,10,2,15,0,16.8,0,20.3,23.9,0,1006.2(01),7,35010
2013-11,0076,40.0(16),4,67,0,1,2.9,1029.7(28),5,1015.2,1014.6,9.4,25.8(05),14.9,0,0,6,99/22.8(16),3,20,29,0,5,1.8(29),359,108,1,0,,100.2,6,3,15,0,9.8,0,13.6,17.7,0,996.9(18),4,24063
2013-12,0076,15.9(19),4,74,0,0,2.2,1034.9(11),3,1023.4,1022.8,5.7,18.1(28),10.2,0,0,11,31/20.0(26),1,16,23,0,3,3.0(31),388,93,0,0,,18.1,4,0,15,0,9.8,0,10.2,14.6,0,992.1(25),2,18991
2013-13,0076,42.0(28/feb),49,67,0,8,5.9,1038.0(03/ene),36,1015.6,1015.0,13.1,33.0(28/jul),26.1,18,0,55,07/23.3(28/feb),21,261,46,0,82,0.7(23/feb),361,143,3,0,,590.4,93,17,17,0,9.1,2,16.9,20.7,0,979.4(19/ene),51,587279
2013-1,0076,18.5(22),3,63,0,0,2.5,1038.0(03),4,1015.2,1014.6,6.1,19.2(07),10.1,0,0,6,99/16.9(16),1,22,26,0,7,3.2(12),350,81,0,0,,32.2,8,0,15,0,10.6,0,10.5,14.8,0,979.4(19),5,22277
2013-2,0076,42.0(28),5,58,0,0,3.6,1027.0(04),6,1014.1,1013.5,5.9,21.4(01),11.1,0,0,1,07/23.3(28),2,22,34,0,7,0.7(23),419,72,1,0,,68.3,6,1,19,0,9.1,2,9.7,13.5,0,997.4(23),4,28224
2013-3,0076,31.9(13),10,67,0,1,5.9,1018.9(02),10,1005.8,1005.2,9.4,21.8(30),13.4,0,0,0,07/21.7(01),5,21,49,0,13,4.6(15),411,102,1,0,,109.1,15,1,20,0,10.8,0,13.0,16.6,0,990.0(06),7,45113
2013-4,0076,21.1(27),8,65,0,0,7.0,1025.8(24),5,1014.2,1013.6,11.1,22.5(17),14.7,0,0,5,07/20.0(29),4,17,52,0,8,6.9(06),384,111,0,0,,76.8,9,0,18,0,12.7,0,14.7,18.3,0,994.9(01),7,54524
2013-5,0076,27.2(15),5,64,0,2,7.8,1022.2(12),2,1013.9,1013.2,12.9,27.8(22),17.4,0,0,1,26/16.9(29),1,25,54,0,10,10.3(30),346,126,0,0,,42.5,11,1,17,0,16.6,0,16.6,20.2,0,998.2(16),3,72323
2013-6,0076,14.7(08),1,62,0,1,9.0,1024.0(29),0,1017.4,1016.8,17.4,30.1(01),21.6,1,0,2,08/15.0(18),1,27,60,0,5,14.0(08),358,163,0,0,,19.0,7,1,17,0,21.7,0,21.0,24.6,0,1007.6(17),2,80714
2013-7,0076,8.6(17),0,63,0,0,9.8,1024.1(30),0,1017.5,1017.0,22.2,33.0(28),26.1,10,0,11,23/11.7(28),0,20,66,0,3,19.8(03),312,223,0,0,,9.3,3,3,15,0,24.6,0,25.7,29.2,0,1007.5(27),1,83555
2013-8,0076,16.1(26),1,70,0,0,8.6,1021.5(09),0,1017.2,1016.6,21.4,31.2(13),23.9,6,0,6,35/12.8(08),1,24,62,0,6,18.1(27),327,237,0,0,,33.1,7,2,16,0,22.9,0,25.2,28.9,0,1008.6(06),5,69476
2013-9,0076,5.0(08),3,74,0,2,7.8,1024.3(22),0,1016.6,1016.0,18.5,30.3(29),21.0,1,0,5,25/15.0(07),0,22,63,0,5,15.6(11),343,208,0,0,,16.0,7,3,16,0,21.4,0,22.5,26.4,0,1002.9(29),4,53009
2014-10,0076,3.9(05),0,76,0,3,5.9,1025.3(01),0,1017.1,1016.5,16.3,28.5(21),19.1,0,0,1,01/14.4(31),0,30,52,0,3,13.2(23),303,184,0,0,,7.4,4,2,14,0,21.3,0,20.4,24.4,0,1006.0(14),2,41086
2014-11,0076,,9,,,,2.1,,,,,,,,,0,2,,,19,21,,,,,136,,0,,,,,,,,,,,0,,,20396
2014-12,0076,11.8(03),3,66,0,0,2.3,1032.9(22),1,1020.9,1020.3,6.4,18.9(18),11.9,0,0,9,99/18.9(09),2,19,24,0,5,2.0(29),408,86,0,0,,25.7,6,0,17,0,11.6,0,10.6,14.6,0,995.9(01),3,19886
2014-13,0076,,48,,,,5.7,,,,,,,,,1,40,,,277,44,,,,,158,,0,,,,,,,,,,,0,,,581151
2014-1,0076,10.5(29),7,78,0,1,2.1,1025.5(08),2,1012.4,1011.8,7.2,18.8(26),10.1,0,0,1,99/19.7(27),1,23,22,0,9,3.8(31),299,104,0,0,,29.6,11,1,13,0,9.0,0,11.1,14.9,0,993.2(19),7,21067
2014-2,0076,15.9(09),4,70,0,1,3.9,1026.1(27),6,1013.5,1012.8,7.0,21.4(13),10.7,0,0,3,31/20.6(28),1,21,37,0,6,3.1(02),401,95,0,0,,25.2,8,0,18,0,10.3,0,11.3,15.6,0,990.5(10),2,28872
2014-3,0076,8.0(30),4,69,0,0,6.7,1028.1(13),6,1016.7,1016.1,8.9,22.9(17),13.2,0,0,5,99/23.3(03),0,22,57,0,5,5.9(26),418,107,0,0,,12.2,5,0,19,0,14.5,0,13.1,17.3,0,996.6(03),3,48608
2014-4,0076,13.7(03),7,75,0,0,7.5,1024.1(08),2,1014.0,1013.4,12.5,23.5(27),14.3,0,0,2,06/16.1(03),1,21,56,0,9,9.4(01),363,141,0,0,,28.6,9,2,18,0,16.1,0,16.2,19.8,0,996.3(03),5,61210
2014-5,0076,14.1(28),4,72,0,0,7.2,1026.8(14),1,1016.5,1015.9,14.3,24.7(11),17.2,0,0,5,04/16.4(20),3,22,50,0,9,11.6(03),345,154,0,0,,50.7,9,4,17,0,17.1,0,17.7,21.1,0,1007.3(21),7,70498
2014-6,0076,13.8(17),1,67,0,0,8.1,1021.1(11),1,1015.7,1015.1,18.5,33.2(13),21.6,2,0,1,07/16.1(17),1,28,54,0,4,14.3(01),318,195,0,0,,15.1,4,2,15,0,21.6,0,22.4,26.1,0,1008.6(25),2,77248
2014-7,0076,17.8(03),2,68,0,0,9.0,1020.1(02),3,1014.8,1014.2,20.5,32.0(20),23.3,2,0,10,99/18.1(03),1,19,61,0,6,17.1(08),375,217,0,0,,32.4,7,3,18,0,23.9,0,24.2,27.7,0,1007.5(20),4,80110
2014-8,0076,53.1(22),2,73,0,0,7.6,1021.4(16),1,1015.1,1014.5,21.7,32.9(13),24.0,1,0,0,07/15.3(13),1,29,55,0,4,17.8(22),354,239,1,0,,56.2,4,2,17,0,23.7,0,24.8,27.8,0,1006.0(02),2,66081
2014-9,0076,95.9(28),5,79,0,1,5.5,1024.9(30),,1015.3,1014.7,20.1,29.3(08),22.8,0,1,1,,2,24,44,,10,15.2(26),,232,1,0,,136.3,10,4,13,0,22.5,0,23.3,26.5,0,1006.0(17),7,46089
2015-10,0076,48.1(02),5,72,0,0,3.9,1024.8(31),0,1015.7,1015.1,14.4,29.2(06),19.1,0,0,2,27/14.4(03),1,24,35,0,10,9.8(15),308,155,1,0,,74.8,12,2,14,0,18.6,0,18.1,21.8,0,1005.9(11),7,34470
2015-11,0076,15.9(02),1,70,0,1,3.6,1035.4(30),3,1023.1,1022.4,10.2,22.6(10),16.4,0,0,7,29/22.8(21),1,22,36,0,3,2.0(24),378,122,0,0,,17.9,2,0,15,0,14.1,0,14.6,19.0,0,1000.9(21),2,28044
2015-12,0076,0.3(06),2,78,0,0,2.2,1037.1(09),0,1029.7,1029.0,8.3,18.9(16),12.1,0,0,4,35/13.9(02),0,25,24,0,2,4.7(14),317,116,0,0,,0.4,3,0,13,0,14.1,0,12.6,16.8,0,1019.8(13),0,19021
2015-13,0076,48.1(02/oct),40,68,0,6,,1040.9(09/ene),21,1018.8,1018.2,13.6,33.0(05/jul),25.9,28,0,71,30/24.7(30/ene),9,254,,0,61,0.5(06/feb),356,148,1,0,,323.9,70,16,16,0,8.0,0,17.5,21.4,0,984.8(31/ene),43,598540
2015-1,0076,7.5(19),3,66,0,0,2.9,1040.9(09),3,1020.7,1020.0,5.4,18.3(30),8.8,0,0,8,30/24.7(30),0,20,31,0,4,1.6(18),407,80,0,0,,13.6,4,0,16,0,8.2,0,10.0,14.7,0,984.8(31),2,23193
2015-2,0076,8.9(03),3,61,0,0,3.7,1033.5(18),3,1015.1,1014.5,5.1,19.9(25),9.7,0,0,5,01/18.9(04),0,20,35,0,3,0.5(06),360,74,0,0,,10.2,4,0,15,0,8.0,0,9.6,14.1,0,995.6(03),2,27862
2015-3,0076,22.2(04),4,71,0,2,5.7,1032.1(06),5,1019.4,1018.8,9.1,23.4(02),13.5,0,0,3,06/22.8(20),2,24,48,0,8,3.6(15),424,108,0,0,,59.3,8,1,19,0,11.7,0,12.9,16.7,0,999.8(25),8,45942
2015-4,0076,3.6(18),3,69,0,0,,1031.8(07),0,1020.1,1019.5,11.2,24.7(27),16.3,0,0,6,30/13.3(27),0,21,,0,4,6.0(09),334,126,0,0,,11.1,3,0,16,0,15.9,0,15.2,19.2,0,1001.7(27),4,64027
2015-5,0076,18.1(20),3,66,0,2,,1025.3(10),3,1017.1,1016.5,15.3,28.9(05),18.2,0,0,8,99/18.9(15),2,20,,0,3,12.8(21),364,157,0,0,,28.7,4,1,18,0,19.7,0,19.4,23.5,0,1005.7(05),2,79583
2015-6,0076,7.0(15),3,61,0,0,,1021.9(04),2,1017.3,1016.7,19.8,32.4(29),22.9,2,0,16,04/16.7(11),0,11,,0,3,16.6(16),334,191,0,0,,10.9,4,4,16,0,24.3,0,23.5,27.2,0,1007.5(11),2,83163
2015-7,0076,13.4(31),4,64,0,1,,1023.1(03),0,1016.0,1015.4,24.0,33.0(05),25.9,18,0,6,99/15.0(26),1,21,,0,2,21.2(31),351,243,0,0,,13.8,4,1,17,0,26.8,0,27.1,30.1,0,1007.0(24),1,75468
2015-8,0076,18.6(17),3,68,0,0,,1021.3(20),1,1015.6,1015.0,21.7,32.8(24),25.0,8,0,6,13/15.3(07),1,22,,0,8,17.3(16),336,231,0,0,,42.1,10,5,16,0,24.3,0,25.3,28.9,0,1004.9(24),6,69570
2015-9,0076,15.2(10),6,67,0,0,6.0,1023.2(19),1,1016.1,1015.5,18.1,29.2(17),23.3,0,0,0,04/18.1(30),1,24,48,0,11,15.0(25),353,177,0,0,,41.1,12,2,16,0,19.8,0,21.5,24.8,0,1002.0(16),7,48197
2016-10,0076,47.7(12),10,78,0,0,3.2,1031.5(28),1,1017.3,1016.7,15.7,25.7(02),19.8,0,0,1,34/16.1(06),3,20,29,0,12,12.4(30),303,173,1,0,,96.4,14,5,14,0,16.6,0,18.9,22.1,0,998.9(14),10,27040
2016-11,0076,40.4(27),3,72,0,0,4.4,1033.3(30),4,1015.8,1015.2,10.2,23.2(05),16.1,0,0,5,22/18.1(23),2,22,45,0,11,6.0(08),365,122,1,0,,77.8,11,5,16,0,14.9,0,14.3,18.4,0,999.9(23),7,23844
2016-12,0076,13.9(19),3,74,0,0,4.2,1037.0(28),3,1027.1,1026.5,7.1,18.2(06),12.6,0,0,11,03/17.5(17),1,17,45,0,4,4.1(03),423,103,0,0,,22.2,5,0,17,0,11.2,0,11.6,16.0,0,1010.8(19),3,20518
2016-13,0076,47.7(12/oct),39,68,,,,1037.0(28/dic),27,1017.3,1016.7,13.6,31.8(04/ago),25.0,15,0,64,29/23.6(02/mar),12,263,,0,81,1.4(17/ene),352,148,2,0,,406.9,,,16,0,11.2,,17.5,21.3,0,987.2(27/feb),54,
2016-1,0076,1.2(04),4,65,0,0,2.0,1036.1(24),5,1019.5,1018.9,8.2,20.5(08),13.4,0,0,2,26/18.9(11),0,25,21,0,2,1.4(17),361,95,0,0,,1.7,3,0,15,0,11.9,0,12.2,16.1,0,999.7(04),1,21272
2016-2,0076,15.1(26),1,63,0,0,6.1,1036.0(04),3,1015.6,1015.0,7.4,23.3(13),13.2,0,0,6,99/18.6(09),1,22,57,0,8,2.8(17),362,91,0,0,,34.1,8,0,16,0,11.6,0,11.9,16.3,0,987.2(27),7,31848
2016-3,0076,16.2(16),3,64,0,1,6.5,1022.0(25),1,1013.8,1013.2,8.0,21.5(31),12.4,0,0,3,29/23.6(02),1,25,54,0,7,3.7(10),355,94,0,0,,33.7,8,1,17,0,12.2,0,12.2,16.3,0,996.8(05),4,
2016-4,0076,10.0(04),8,71,0,0,6.7,1021.7(18),2,1013.5,1012.9,11.2,22.7(16),14.3,0,0,0,08/18.1(20),1,22,50,0,12,8.4(08),367,124,0,0,,44.5,13,1,18,0,13.8,0,14.8,18.3,0,1000.9(05),10,56955
2016-5,0076,6.3(10),5,69,,,,1022.4(03),2,1014.4,1013.8,13.8,26.9(29),16.9,0,0,3,25/16.4(29),0,23,,0,8,8.0(01),355,147,0,0,,16.9,,,17,0,17.8,,17.5,21.2,0,1002.9(11),3,69148
2016-6,0076,24.7(18),2,64,0,1,,1024.3(18),3,1016.0,1015.4,18.5,31.3(14),22.7,1,0,6,06/16.4(18),1,22,,0,3,12.9(18),334,184,0,0,,27.7,3,3,17,0,22.0,0,22.1,25.7,0,1000.0(15),2,78264
2016-7,0076,7.7(22),0,65,0,0,9.7,1022.6(15),1,1017.8,1017.2,21.8,31.2(08),24.7,5,0,11,25/16.9(20),0,20,66,0,4,18.3(14),335,224,0,0,,14.2,3,1,17,0,25.9,0,25.2,28.5,0,1011.0(22),4,83416
2016-8,0076,0.4(29),0,64,0,0,9.4,1024.7(12),0,1018.9,1018.3,22.0,31.8(04),25.0,5,0,10,36/14.4(17),0,21,69,0,3,19.8(14),328,218,0,0,,0.6,3,1,16,0,26.3,0,25.4,28.8,0,1009.5(19),0,71806
2016-9,0076,17.6(13),0,65,0,0,7.7,1029.1(28),2,1018.3,1017.7,19.4,31.6(05),24.2,4,0,6,27/17.5(14),2,24,61,0,7,14.9(15),330,198,0,0,,37.1,8,5,16,0,23.8,0,23.4,27.5,0,1007.9(14),3,53178
2017-10,0076,37.5(18),2,72,0,1,6.5,1028.1(15),1,1021.8,1021.2,16.2,26.0(06),19.5,0,0,4,27/16.1(18),1,25,59,0,5,12.4(30),305,173,1,0,,43.5,7,1,14,0,19.6,0,20.1,23.9,0,1005.1(19),2,38791
2017-11,0076,4.9(04),2,60,0,0,5.9,1030.2(27),0,1018.2,1017.6,8.1,23.2(04),15.6,0,0,12,01/13.9(15),0,16,59,0,2,3.6(30),346,95,0,0,,5.3,2,1,14,0,14.3,0,13.3,18.4,0,1005.3(29),1,27623
2017-12,0076,1.1(11),2,61,0,0,3.5,1036.5(21),2,1021.2,1020.6,5.1,21.9(30),8.6,0,0,6,30/27.2(27),0,23,38,1,5,1.9(02),384,77,0,0,,3.2,6,0,15,0,8.6,0,9.9,14.7,0,988.5(11),2,18319
2017-13,0076,64.7(24/mar),35,66,0,3,6.7,1036.5(21/dic),27,1018.4,1017.8,13.5,34.3(03/ago),26.1,24,0,74,22/30.8(05/feb),12,256,54,2,70,-0.6(18/ene),359,147,2,0,,353.7,81,10,16,1,8.4,0,17.6,21.6,0,987.7(04/mar),42,595524
2017-1,0076,18.6(27),8,66,0,0,3.6,1030.8(07),8,1020.3,1019.7,4.9,16.9(08),8.9,0,0,2,07/23.3(21),1,21,38,0,7,-0.6(18),438,78,0,0,,34.6,7,2,18,1,8.4,0,9.0,13.2,0,1008.3(10),4,20258
2017-2,0076,11.1(07),5,74,0,1,5.4,1033.5(15),5,1018.4,1017.8,8.8,19.2(04),13.6,0,0,5,22/30.8(05),2,18,50,1,5,4.3(09),398,109,0,0,,28.3,5,0,18,0,14.1,0,12.5,16.3,0,1004.4(05),4,28950
2017-3,0076,64.7(24),4,70,0,1,7.9,1028.6(14),3,1018.8,1018.2,9.5,24.1(06),12.0,0,0,7,25/22.2(04),2,20,66,0,5,5.9(05),339,112,1,0,,84.0,6,1,17,0,12.4,0,13.8,18.0,0,987.7(04),3,52023
2017-4,0076,24.9(26),4,68,0,0,8.8,1029.5(21),0,1018.8,1018.2,10.6,22.3(04),14.2,0,0,9,20/15.0(26),1,17,66,0,8,6.3(28),338,121,0,0,,41.9,10,1,16,0,11.7,0,14.7,18.9,0,1005.0(26),5,63077
2017-5,0076,12.0(11),2,64,0,0,9.1,1027.7(15),2,1016.9,1016.3,15.6,27.0(24),19.3,0,0,6,06/18.1(05),1,23,63,0,6,10.5(02),354,154,0,0,,15.5,6,0,16,0,18.1,0,19.4,23.2,0,999.2(11),3,78262
2017-6,0076,8.9(04),2,62,0,0,8.3,1022.4(07),1,1015.7,1015.1,20.8,32.3(28),24.4,6,0,10,27/21.7(28),0,18,55,0,5,16.4(30),348,206,0,0,,12.1,7,2,17,0,21.4,0,24.6,28.3,0,1001.9(28),3,72856
2017-7,0076,2.8(23),0,65,0,0,8.8,1022.9(03),3,1016.1,1015.6,22.3,31.0(30),25.1,5,0,3,26/18.6(23),0,28,60,0,2,18.1(02),364,229,0,0,,2.9,3,1,17,0,25.2,0,25.7,29.1,0,1009.1(31),1,79599
2017-8,0076,11.4(31),1,65,0,0,6.9,1021.7(12),2,1016.9,1016.4,22.7,34.3(03),26.1,13,0,6,08/19.7(08),1,24,50,0,7,17.0(10),329,233,0,0,,17.5,9,0,16,0,24.1,0,26.2,29.6,0,1008.6(08),3,65854
2017-9,0076,15.6(30),3,67,0,0,6.1,1025.2(28),0,1017.4,1016.8,17.6,29.1(10),22.3,0,0,4,99/15.0(09),3,23,49,0,13,12.0(16),361,181,0,0,,64.9,13,1,18,0,18.1,0,21.6,25.5,0,1002.9(09),11,49912
2018-10,0076,24.1(30),7,73,0,0,5.5,1026.4(23),5,1014.2,1013.6,15.0,26.0(03),19.7,0,0,9,99/17.5(14),6,15,50,0,13,5.4(30),362,165,0,0,,140.3,14,5,16,0,13.1,0,19.0,22.9,0,990.5(29),11,35293
2018-11,0076,60.4(15),7,78,0,0,3.1,1025.9(13),0,1014.3,1013.9,10.3,21.7(11),15.1,0,0,1,07/15.0(18),3,22,31,0,9,5.6(27),345,128,1,0,,104.8,10,4,14,0,12.6,0,14.1,18.0,0,999.4(19),7,20713
2018-12,0076,4.3(13),1,75,0,0,3.7,1030.9(26),0,1023.8,1023.2,7.8,20.3(22),10.8,0,0,4,31/14.4(17),0,26,40,0,1,3.9(30),359,105,0,0,,4.3,1,0,14,0,11.7,0,12.0,16.2,0,1002.9(13),1,19837
2018-13,0076,74.0(30/ago),55,68,1,2,6.6,1037.0(28/ene),,1015.3,1014.7,13.9,37.0(04/ago),27.3,34,0,56,,22,254,53,,103,0.6(09/feb),,150,5,0,,753.4,110,24,16,0,5.1,1,17.8,21.6,0,987.4(01/mar),69,571832
2018-1,0076,33.6(26),4,65,0,0,5.1,1037.0(28),5,1019.8,1019.2,7.7,23.8(21),15.0,0,0,9,31/19.7(17),2,18,53,0,6,2.8(13),373,93,1,0,,54.4,6,1,17,0,12.2,0,12.1,16.5,0,997.9(06),5,24959
2018-2,0076,51.9(04),8,71,0,1,3.8,1024.2(15),3,1012.7,1012.1,4.6,17.0(15),10.4,0,0,4,36/21.1(04),3,16,36,0,13,0.6(09),352,81,1,0,,114.3,12,0,15,0,5.1,1,8.5,12.4,0,997.3(28),8,22736
2018-3,0076,29.7(19),5,63,0,0,6.7,1021.3(27),7,1005.6,1005.0,8.1,20.5(12),12.1,0,0,0,99/21.1(02),2,26,55,0,11,2.6(20),372,93,0,0,,70.5,13,1,18,0,10.0,0,12.5,16.7,0,987.4(01),7,47196
2018-4,0076,25.8(30),7,68,0,0,7.9,1025.9(18),4,1013.4,1012.8,12.1,25.5(25),15.8,0,0,5,30/22.8(29),2,18,60,0,10,7.3(10),355,127,0,0,,75.2,10,0,17,0,15.0,0,16.0,19.8,0,991.6(11),7,58989
2018-5,0076,7.2(01),7,67,0,0,7.9,1019.4(31),1,1014.5,1013.9,15.0,25.2(25),19.8,0,0,3,09/16.4(25),0,21,54,0,9,7.2(02),355,152,0,0,,21.1,11,2,17,0,16.8,0,18.6,22.2,0,1006.7(03),5,70004
2018-6,0076,33.9(03),1,63,0,1,9.2,1021.3(19),2,1014.7,1014.1,19.4,31.3(13),23.2,1,0,6,02/15.3(03),1,23,61,0,6,15.3(04),315,188,1,0,,36.5,7,2,15,0,21.1,0,22.9,26.3,0,1008.0(11),2,72833
2018-7,0076,13.8(16),1,62,1,0,10.5,1020.3(06),0,1014.8,1014.2,22.6,31.7(31),24.6,14,0,8,35/13.3(16),1,22,71,0,5,20.1(23),322,225,0,0,,17.5,5,2,16,0,27.2,0,26.2,29.8,0,1008.5(01),3,82525
2018-8,0076,74.0(30),2,62,0,0,8.7,1023.5(10),1,1016.5,1015.9,23.4,37.0(04),27.3,19,0,4,04/16.1(17),1,25,63,0,8,19.1(18),331,227,1,0,,83.4,9,4,16,0,26.1,0,27.1,30.9,0,1011.0(13),5,67309
2018-9,0076,15.7(05),5,70,0,0,7.2,1031.3(26),,1019.3,1018.7,20.5,29.7(20),23.3,0,0,3,,1,22,58,,12,15.8(27),,216,0,0,,31.1,12,3,16,0,24.2,0,24.0,27.5,0,1009.8(03),8,49438
2019-10,0076,43.6(22),6,72,0,1,5.3,1022.8(10),2,1016.0,1015.4,16.0,26.8(01),21.0,0,0,5,09/20.6(22),2,20,48,0,7,11.8(16),340,173,1,0,,80.7,7,4,16,0,18.8,0,19.8,23.6,0,1001.9(23),4,34664
2019-11,0076,8.3(22),2,65,0,0,4.5,1020.7(29),6,1008.1,1007.5,9.0,24.7(04),16.1,0,0,4,29/19.7(03),0,24,46,0,9,3.2(20),357,101,0,0,,25.5,11,1,15,0,14.1,0,13.5,18.0,0,988.6(23),4,25620
2019-12,0076,68.9(04),3,73,0,0,2.7,1033.9(30),8,1017.2,1016.6,9.0,21.0(13),13.4,0,0,6,29/24.7(21),1,22,29,0,6,4.8(28),416,109,1,0,,90.4,7,1,17,0,14.5,0,12.8,16.6,0,993.8(21),4,18406
2019-13,0076,72.9(02/sep),45,68,2,5,7.1,1035.8(14/feb),,1016.3,1015.7,13.4,35.0(29/jun),26.0,32,0,97,,18,223,57,,74,1.3(11/ene),,149,8,0,,672.8,80,24,17,0,10.3,0,17.5,21.5,0,988.6(23/nov),45,599972
2019-1,0076,13.2(20),4,64,0,0,4.3,1032.8(04),3,1016.9,1016.3,4.6,17.3(01),7.8,0,0,12,35/18.6(24),2,15,45,0,4,1.3(11),393,76,0,0,,32.6,5,0,15,0,10.3,0,9.4,14.1,0,994.4(23),3,24650
2019-2,0076,0.1(01),0,71,0,1,7.8,1035.8(14),,1023.8,1023.4,6.3,19.3(10),9.0,0,0,13,,0,15,73,,1,2.9(15),,98,0,0,,0.1,1,1,15,0,13.5,0,11.2,16.0,0,988.7(01),0,34576
2019-3,0076,0.2(06),3,65,0,2,8.9,1030.7(11),1,1022.4,1021.8,9.0,22.4(04),11.6,0,0,9,07/15.3(04),0,19,74,0,1,6.0(27),350,101,0,0,,0.2,1,0,17,0,14.1,0,13.5,18.0,0,1005.3(06),0,54277
2019-4,0076,10.5(09),11,67,1,0,6.3,1025.1(27),6,1012.8,1012.2,11.2,24.5(26),15.9,0,0,2,10/20.6(19),1,17,47,0,13,6.0(04),412,118,0,0,,24.3,12,4,20,0,16.0,0,14.9,18.5,0,996.1(23),7,55012
2019-5,0076,36.7(17),6,70,0,0,8.5,1025.2(30),,1015.0,1014.4,13.1,24.4(26),15.8,0,0,7,,3,18,59,,10,9.2(04),,142,1,0,,89.2,12,1,16,0,16.0,0,16.8,20.4,0,1001.3(17),7,69705
2019-6,0076,30.7(11),2,66,0,1,10.2,1023.2(08),2,1015.5,1014.9,18.2,35.0(29),24.2,4,0,9,30/16.9(05),1,19,67,0,2,11.4(12),368,185,1,0,,37.4,2,0,19,0,20.1,0,22.1,26.0,0,1005.3(05),2,81403
2019-7,0076,44.3(27),2,66,0,0,10.0,1021.4(22),1,1014.1,1013.5,22.5,31.8(26),24.8,14,0,15,04/16.1(17),1,14,67,0,7,19.7(28),322,243,1,0,,53.1,7,6,15,0,27.3,0,26.2,29.8,0,1002.0(27),4,79642
2019-8,0076,52.5(11),2,67,1,0,9.3,1020.6(20),1,1015.8,1015.3,22.8,31.9(05),26.0,13,0,11,28/23.6(12),2,18,67,0,4,19.6(12),334,240,1,0,,80.7,3,2,16,0,27.5,0,26.3,29.8,0,1008.7(07),3,70438
2019-9,0076,72.9(02),4,68,0,0,7.8,1030.3(13),3,1017.8,1017.2,19.4,30.6(01),21.7,1,0,4,13/19.7(08),5,22,62,0,10,15.2(10),369,199,2,0,,158.6,12,4,17,0,23.8,0,23.2,27.0,0,1006.6(10),7,51579
2020-10,0076,74.5(10),5,67,0,0,6.4,1026.7(29),,1015.9,1015.3,12.6,25.9(01),18.4,0,0,6,,1,20,58,,7,7.3(17),,139,1,0,,81.2,8,2,16,0,18.5,0,17.3,22.0,0,988.7(02),4,
2020-11,0076,32.5(27),7,79,0,1,3.8,1030.2(21),3,1022.4,1021.8,10.8,21.6(14),16.9,0,0,10,99/18.1(27),1,13,38,0,7,4.6(22),385,137,1,0,,51.0,7,3,16,0,14.6,0,14.9,19.0,0,1003.8(28),6,
2020-12,0076,21.0(17),4,68,0,3,3.2,1028.0(21),4,1012.0,1011.4,6.7,17.8(12),11.5,0,0,3,31/18.6(28),1,24,34,0,6,2.3(27),352,92,0,0,,25.4,6,0,15,0,11.1,0,10.8,14.7,0,989.7(28),3,
2020-13,0076,87.9(21/ene),58,71,0,9,6.7,1034.0(22/feb),,1017.5,1016.9,13.6,32.1(01/ago),25.2,31,0,81,,25,227,54,,81,2.3(27/dic),,155,11,1,,1012.5,86,17,17,0,11.0,0,17.6,21.5,0,988.7(02/oct),60,
2020-1,0076,87.9(21),5,73,0,0,3.8,1033.0(01),5,1025.0,1024.4,6.2,19.2(31),10.5,0,0,7,18/29.2(21),4,19,40,1,7,2.4(12),458,96,2,0,,173.8,7,0,19,0,11.0,0,10.6,14.9,0,1015.8(28),5,
2020-2,0076,1.1(17),6,76,0,0,5.9,1034.0(22),1,1024.3,1023.7,9.0,21.6(10),13.3,0,0,8,33/15.3(26),0,15,56,0,1,4.8(06),348,116,0,0,,1.1,1,0,16,0,13.5,0,13.1,17.1,0,1007.5(29),1,
2020-3,0076,20.4(23),7,70,0,2,5.7,1029.1(17),9,1016.5,1016.0,9.1,21.1(09),13.4,0,0,0,30/24.2(02),2,24,48,0,8,3.7(27),457,108,0,1,,54.5,9,0,21,0,13.0,0,13.1,17.0,0,992.5(02),6,
2020-4,0076,78.5(19),10,77,0,2,6.8,1027.3(07),4,1016.0,1015.4,12.0,25.3(30),15.4,0,0,4,08/18.9(01),7,16,51,0,8,7.6(05),376,140,3,0,,263.5,8,1,19,0,13.0,0,15.4,18.7,0,1002.1(21),8,56090
2020-5,0076,6.3(09),4,68,0,0,9.3,1028.0(24),3,1016.6,1016.0,16.3,27.5(19),18.7,0,0,7,99/16.4(10),0,20,64,0,6,13.7(14),353,170,0,0,,21.6,7,3,17,0,18.5,0,20.0,23.7,0,1000.0(10),5,76159
2020-6,0076,18.2(07),2,69,0,0,8.8,1021.5(21),2,1014.5,1013.9,18.2,28.9(26),23.3,0,0,6,26/16.4(04),2,22,58,0,11,14.3(05),319,195,0,0,,53.7,11,2,15,0,21.4,0,21.7,25.2,0,1000.4(12),6,77177
2020-7,0076,51.7(02),3,65,0,1,9.7,1021.6(04),0,1016.4,1015.9,22.1,31.6(30),23.9,10,0,14,22/11.9(19),2,14,65,0,6,19.3(03),311,228,2,0,,111.2,6,1,15,0,25.8,0,25.5,28.9,0,1009.8(01),3,
2020-8,0076,13.5(28),1,67,0,0,9.3,1020.1(23),0,1013.9,1013.4,22.5,32.1(01),25.2,19,0,8,10/15.0(28),1,22,67,0,6,15.7(31),334,244,0,0,,22.5,7,1,16,0,24.4,0,26.2,29.8,0,1002.9(29),5,
2020-9,0076,62.7(06),4,68,0,0,8.1,1024.7(04),2,1016.6,1016.0,18.0,30.4(13),21.0,2,0,8,34/18.6(25),4,18,65,0,8,12.8(27),341,191,2,0,,153.0,9,4,16,0,22.2,0,22.4,26.6,0,1003.9(27),8,
2021-10,0076,20.7(03),4,71,0,0,6.0,1026.8(19),,1019.1,1018.5,14.6,26.7(03),17.9,0,0,7,,2,20,54,,8,10.8(24),,160,0,0,,47.3,8,1,14,0,19.5,0,18.7,22.8,0,1005.7(31),5,
2021-11,0076,50.6(24),5,68,1,0,3.4,1029.7(19),,1014.2,1013.6,9.1,25.0(01),15.8,0,0,6,,4,19,34,,10,4.9(29),,104,2,0,,120.3,11,2,16,0,11.9,0,13.1,17.1,0,996.5(27),8,
2021-12,0076,0.5(01),2,68,0,0,3.7,1031.2(17),,1017.9,1017.3,7.5,22.2(27),14.2,0,0,4,,0,25,40,,3,3.9(20),,97,0,0,,0.8,3,0,15,0,12.2,0,12.0,16.4,0,1003.9(08),0,
2021-13,0076,50.6(24/nov),53,69,1,1,6.1,1036.6(14/feb),,1016.9,1016.2,13.6,32.5(15/jun),25.4,17,0,57,,10,255,49,,74,-0.5(06/ene),,149,2,0,,334.0,82,12,16,1,7.4,0,17.3,21.0,0,996.5(08/feb),44,
2021-1,0076,14.4(09),5,70,0,0,3.5,1027.9(18),5,1014.3,1013.7,5.0,21.3(29),11.1,0,0,4,29/24.2(22),2,22,36,0,9,-0.5(06),397,83,0,0,,44.0,10,0,17,1,7.4,0,9.0,13.0,0,997.7(22),5,
2021-2,0076,9.1(22),7,78,0,1,4.1,1036.6(14),3,1018.4,1017.7,9.5,20.9(01),12.9,0,0,1,26/23.3(01),0,20,38,0,7,6.9(11),374,116,0,0,,12.2,8,0,17,0,12.1,0,12.6,15.8,0,996.5(08),3,
2021-3,0076,8.3(18),8,72,0,0,6.2,1032.6(29),,1022.1,1021.5,8.6,18.8(29),12.5,0,0,7,,0,16,51,,3,4.1(21),,107,0,0,,10.3,3,0,16,0,11.6,0,12.2,15.8,0,1010.1(19),2,
2021-4,0076,22.2(30),8,67,0,0,6.0,1026.3(07),0,1016.2,1015.6,10.4,21.8(03),15.1,0,0,3,25/13.9(05),1,19,45,0,6,6.9(18),356,112,0,0,,33.3,6,0,16,0,13.9,0,13.9,17.4,0,1004.4(27),5,
2021-5,0076,5.1(10),5,68,0,0,8.0,1026.1(25),6,1016.2,1015.6,14.5,26.2(16),19.5,0,0,1,26/17.5(12),0,25,56,0,7,9.7(03),365,148,0,0,,14.2,7,2,18,0,16.2,0,17.9,21.2,0,1004.9(09),5,
2021-6,0076,2.4(23),1,62,0,0,8.9,1023.0(05),,1016.5,1015.9,20.3,32.5(15),24.2,5,0,6,,0,23,59,,5,17.4(07),,194,0,0,,3.3,5,1,16,0,23.9,0,23.8,27.2,0,1006.5(20),1,
2021-7,0076,2.1(14),2,64,0,0,9.9,1023.6(08),,1014.6,1014.0,21.8,30.5(22),23.9,6,0,11,,0,18,67,,1,18.3(13),,223,0,0,,2.1,2,0,18,0,26.4,0,25.3,28.7,0,1007.7(24),1,
2021-8,0076,6.3(30),2,66,0,0,7.3,1020.9(13),1,1015.4,1014.8,22.2,32.5(13),25.4,6,0,5,09/16.1(04),0,24,53,0,3,19.4(26),334,223,0,0,,8.7,6,0,16,0,25.0,0,25.5,28.8,0,1004.6(07),2,
2021-9,0076,11.8(20),4,71,0,0,6.1,1025.6(29),,1017.3,1016.7,20.2,29.6(08),24.3,0,0,2,,1,24,49,,12,16.7(21),,218,0,0,,37.5,13,6,17,0,23.0,0,23.8,27.4,0,1009.9(25),7,
2022-10,0076,35.2(07),3,76,0,0,6.0,1027.4(06),,1020.4,1019.8,17.4,27.0(24),20.4,0,0,5,,1,23,54,,2,12.7(01),,194,1,0,,35.9,2,0,14,0,20.8,0,21.2,24.8,0,1012.8(21),1,
2022-11,0076,23.0(09),2,68,0,0,3.8,1028.8(11),,1016.6,1016.0,12.1,24.9(01),17.3,0,0,3,,1,25,38,,5,6.2(20),,128,0,0,,29.3,7,1,15,0,15.0,0,16.2,20.2,0,1001.2(21),3,
2022-12,0076,13.8(08),4,76,0,1,3.1,1030.8(27),,1015.3,1014.7,8.5,21.4(23),12.9,0,0,3,,1,24,33,,10,3.7(03),,113,0,0,,26.9,11,0,13,0,9.8,0,12.6,16.6,0,995.1(15),4,
2022-13,0076,45.9(17/ago),51,,1,4,6.6,1034.9(13/ene),,1017.6,1017.0,,,,,0,86,,12,228,52,,68,,,158,2,0,,331.8,76,19,16,,,0,,,0,995.1(15/dic),34,
2022-1,0076,13.9(04),3,67,0,1,4.6,1034.9(13),,1025.7,1025.1,4.5,18.5(04),9.8,0,0,18,,1,10,48,,3,1.3(15),,83,0,0,,14.2,3,1,14,0,11.4,0,9.5,14.5,0,1003.2(04),1,
2022-2,0076,4.4(12),5,69,0,1,5.7,1033.0(08),,1023.9,1023.3,7.6,20.8(21),9.8,0,0,8,,0,15,53,,4,4.9(10),,99,0,0,,4.7,4,0,14,0,13.2,0,12.0,16.3,0,1011.4(14),1,
2022-3,0076,19.7(11),19,73,0,0,2.7,1029.4(22),8,1019.5,1018.9,10.0,20.3(27),13.7,0,0,0,07/21.1(14),2,12,22,0,15,6.4(08),513,110,0,0,,62.4,18,0,22,0,12.7,0,13.0,15.9,0,997.8(31),9,
2022-4,0076,12.7(21),7,,0,0,7.2,1023.6(29),,1013.1,1012.5,,,,,0,4,,1,19,54,,7,,,111,0,0,,26.6,8,2,20,,,0,,,0,995.8(23),3,
2022-5,0076,24.2(24),3,62,0,0,9.6,1025.0(20),,1017.0,1016.5,16.6,29.3(28),20.0,0,0,7,,1,21,66,,3,12.4(06),,161,0,0,,26.2,3,1,15,0,20.7,0,20.5,24.3,0,1004.4(30),2,
2022-6,0076,3.8(21),2,65,0,1,9.9,1021.4(11),,1014.8,1014.3,21.3,32.9(17),24.2,7,0,11,,0,17,66,,3,18.2(01),,216,0,0,,4.5,4,1,16,0,24.4,0,24.8,28.2,0,1007.4(22),1,
2022-7,0076,2.1(05),1,60,0,0,10.3,1022.1(08),1,1017.4,1016.8,23.4,33.3(15),25.1,24,0,17,24/23.3(22),0,13,69,0,4,20.0(02),312,230,0,0,,3.7,4,4,15,0,26.2,0,27.0,30.6,0,1010.6(27),1,
2022-8,0076,45.9(17),0,64,1,0,9.7,1018.6(19),2,1013.7,1013.1,23.1,34.6(14),26.7,28,0,9,07/18.1(05),3,22,70,0,8,18.2(19),356,246,1,0,,82.3,8,6,16,0,27.5,0,27.3,31.5,0,1005.3(14),7,
2022-9,0076,13.7(23),2,63,0,0,6.9,1019.7(10),,1013.4,1012.9,20.2,32.8(13),25.0,7,0,1,,1,27,55,,4,14.5(30),,200,0,0,,15.1,4,3,16,0,23.2,0,24.0,27.8,0,1000.4(29),1,
