fecha,indicativo,p_max,n_cub,hr,n_gra,n_fog,inso,q_max,q_mar,q_med,tm_min,ta_max,ts_min,nt_30,nv_0050,n_des,np_100,n_nub,p_sol,np_001,ta_min,w_rec,e,np_300,nv_1000,evap,p_mes,n_llu,n_tor,w_med,nt_00,ti_max,n_nie,tm_mes,tm_max,nv_0100,q_min,np_010,nw_55,w_racha,nw_91,ts_20,ts_10,ts_50
1985-10,1505,10.0(03),2,74,0,16,6.2,975.9(08),1020.6,968.4,6.2,27.4(13),12.0,0,0,7,1,22,56,4,-1.4(30),175,118,0,15,655,17.2,4,1,9,1,14.6,0,13.5,20.8,0,959.0(31),4,,,,,,
1985-11,1505,28.0(08),14,79,0,4,3.0,974.0(17),1015.6,962.5,3.2,20.0(07),16.0,0,0,2,3,14,31,13,-5.6(24),276,90,0,2,543,103.0,14,2,13,12,5.6,0,7.9,12.5,0,946.7(04),10,,,,,,
1985-12,1505,20.0(24),17,83,1,9,2.4,980.3(13),1018.9,965.5,3.0,23.4(02),16.0,0,0,3,6,11,26,19,-3.4(17),253,84,0,7,718,151.8,18,1,11,10,5.2,0,7.1,11.2,0,945.3(28),15,,,,,,
1985-13,1505,,,,,,,,,,,,,,,,,,,,,,,,,,,,,,,,,,,,,,,,,,,
1985-1,1505,,,,,,,,,,,,,,,,,,,,,,,,,,,,,,,,,,,,,,,,,,,
1985-2,1505,,,,,,,,,,,,,,,,,,,,,,,,,,,,,,,,,,,,,,,,,,,
1985-3,1505,,,,,,,,,,,,,,,,,,,,,,,,,,,,,,,,,,,,,,,,,,,
1985-4,1505,,,,,,,,,,,,,,,,,,,,,,,,,,,,,,,,,,,,,,,,,,,
1985-5,1505,12.6(15),16,77,3,4,4.6,972.5(09),1015.0,962.6,5.5,22.6(19),11.4,0,0,0,1,14,31,16,0.0(10),202,107,0,2,584,62.6,14,4,11,1,10.0,1,10.9,16.4,0,955.7(15),13,,,,,,
1985-6,1505,22.1(07),12,78,0,8,6.4,974.0(26),1017.1,965.4,9.4,28.2(30),12.0,0,0,1,3,17,41,10,3.6(10),220,141,0,3,704,67.5,11,2,11,0,15.0,0,15.2,20.9,0,956.8(05),8,,,,,,
1985-7,1505,9.9(03),11,78,0,7,6.7,971.9(05),1017.6,966.4,12.1,33.0(12),16.2,2,0,3,0,17,45,12,6.4(27),247,165,0,5,695,29.1,12,2,12,0,16.0,0,17.9,23.6,0,957.3(28),5,,,,,,
1985-8,1505,3.3(24),4,68,0,15,8.7,973.9(22),1019.3,967.9,8.8,32.2(17),14.2,4,0,6,0,21,63,8,1.6(26),205,137,0,10,948,11.4,8,0,10,0,18.6,0,16.9,25.0,0,961.3(08),7,,,,,,
1985-9,1505,2.1(30),2,69,,15,6.9,974.6(03),1019.3,968.2,9.7,34.6(11),13.8,9,2,3,0,25,55,5,5.0(04),190,149,0,12,1003,3.5,,2,9,0,16.8,,18.5,27.2,0,963.4(09),1,,,,,,
1986-10,1505,18.5(22),8,80,0,18,4.6,978.6(26),1021.0,968.8,7.7,26.4(06),13.2,0,0,2,1,21,41,12,1.0(24),169,129,0,17,402,41.2,13,1,8,0,13.4,0,13.6,19.5,0,961.2(24),9,1,23/16.1(22),0,,,
1986-11,1505,31.9(10),11,83,0,8,3.6,980.6(26),1023.7,970.2,3.3,18.2(07),11.2,0,0,5,4,14,37,16,-4.4(29),193,92,1,6,372,117.6,17,0,8,9,9.6,0,8.3,13.3,0,945.9(14),13,2,18/18.1(13),0,,,
1986-12,1505,16.0(21),17,79,0,2,2.7,984.1(24),1027.8,973.9,2.8,16.2(03),10.6,0,0,4,3,10,30,22,-4.2(29),232,83,0,1,497,77.1,23,0,10,10,6.0,1,7.2,11.6,0,950.6(08),15,2,18/21.1(07),0,,,
1986-13,1505,49.8(14/sep),159,77,2,80,4.5,985.4(12/ene),1019.1,966.5,6.1,35.0(16/jul),16.4,7,0,21,31,185,36,176,-5.0(10/feb),248,108,4,68,7518,996.5,180,6,12,49,3.4,9,11.3,16.5,0,928.7(17/feb),132,,,,,,
1986-1,1505,25.5(02),18,87,0,5,1.5,985.4(12),1022.7,968.8,2.2,13.6(18),8.4,0,0,0,6,13,16,22,-3.0(04),243,83,0,7,287,172.7,19,0,12,7,3.4,3,5.8,9.4,0,944.0(30),19,,,,,,
1986-2,1505,30.0(16),20,82,1,1,1.7,969.5(11),1008.3,955.1,2.8,14.0(20),7.8,0,0,0,7,8,16,25,-5.0(10),256,79,1,0,379,205.2,23,0,12,6,4.4,1,6.1,9.4,0,928.7(17),23,7,23/21.9(23),0,,,
1986-3,1505,11.0(12),18,77,0,4,3.2,981.0(21),1020.4,967.0,2.5,18.4(05),9.0,0,0,2,1,11,27,22,-2.2(03),252,82,0,4,542,60.5,23,0,13,7,8.4,1,7.5,12.6,0,943.6(01),15,5,23/23.1(24),0,,,
1986-4,1505,13.1(21),19,77,1,3,3.7,972.6(30),1014.6,961.3,1.9,16.8(30),7.4,0,0,0,3,11,28,18,-4.6(13),311,75,0,3,525,93.9,14,2,15,10,7.0,3,6.4,10.9,0,947.9(15),14,5,02/18.9(06),0,,,
1986-5,1505,9.8(15),12,71,0,6,6.2,974.6(30),1018.3,966.2,7.5,26.6(10),13.0,0,0,0,0,19,43,14,2.8(03),294,111,0,5,937,43.2,16,1,15,0,10.6,0,13.2,18.9,0,951.7(04),8,5,23/17.2(04),0,,,
1986-6,1505,6.2(21),10,70,0,6,7.5,973.2(11),1017.4,965.7,8.7,29.8(15),13.8,0,0,2,0,18,49,4,1.4(07),265,125,0,1,974,18.9,6,0,14,0,15.4,0,15.2,21.6,0,957.1(20),3,0,16/15.0(22),0,,,
1986-7,1505,0.1(06),6,72,0,11,8.0,973.6(18),1019.2,967.9,11.7,35.0(16),14.4,3,0,4,0,21,54,1,7.6(25),318,150,0,6,1015,0.1,3,0,16,0,16.8,0,18.0,24.3,0,959.5(22),0,1,02/16.1(18),0,,,
1986-8,1505,17.0(17),8,68,0,6,7.3,971.5(29),1017.2,965.8,10.1,31.0(14),15.2,2,0,0,2,23,52,8,2.8(29),235,135,0,8,997,35.4,9,0,13,0,18.0,0,16.9,23.6,0,957.2(18),5,0,23/15.0(17),0,,,
1986-9,1505,49.8(14),12,78,0,10,4.2,975.9(20),1018.5,967.0,11.4,32.0(02),16.4,2,0,2,4,16,34,12,5.0(30),203,149,2,10,591,130.7,14,2,10,0,13.6,0,16.9,22.4,0,953.2(15),8,3,18/18.1(12),0,,,
1987-10,1505,65.8(14),19,81,0,6,2.3,969.0(25),1012.2,960.0,7.8,21.6(01),12.2,0,0,0,9,12,21,27,0.4(22),216,114,4,8,621,337.7,27,1,13,0,10.2,0,11.7,15.6,0,931.2(15),22,11,18/33.9(15),1,12.6,12.3,13.7
1987-11,1505,31.4(24),16,87,0,10,2.4,980.3(20),1020.6,967.4,4.3,21.8(04),10.6,0,0,1,5,13,25,16,-4.0(30),134,102,1,8,250,111.0,15,0,6,3,4.4,1,8.6,13.0,0,948.3(24),11,5,22/21.7(13),0,9.8,9.2,11.2
1987-12,1505,26.0(30),10,78,0,6,2.9,980.6(29),1016.3,963.4,4.9,20.4(17),15.0,0,,1,3,20,32,17,-3.4(01),207,92,0,,483,100.9,17,0,13,4,8.6,0,8.9,12.9,,941.9(13),13,12,13/30.0(04),1,8.0,7.8,8.7
1987-13,1505,65.8(14/oct),139,76,2,93,4.6,982.4(30/mar),1017.3,964.9,6.6,35.2(12/ago),17.4,20,,33,38,191,36,175,-6.6(21/feb),216,112,6,,7746,1165.6,171,12,11,45,0.4,7,12.0,17.3,,931.2(15/oct),130,42,18/33.9(15/oct),2,,,
1987-1,1505,10.8(14),15,82,0,8,3.2,976.9(04),1018.7,964.8,0.1,16.8(24),10.4,0,0,6,2,10,34,17,-6.4(13),133,74,0,5,329,59.3,14,0,5,18,0.4,3,5.2,10.2,0,941.8(29),12,0,32/13.9(13),0,,,
1987-2,1505,17.6(16),12,80,0,7,3.2,979.1(07),1017.0,963.7,2.2,20.6(28),12.4,0,0,2,1,14,30,18,-6.6(21),222,83,0,3,473,73.2,15,0,9,10,4.4,3,7.0,11.7,0,934.7(11),13,2,18/16.9(01),0,,,
1987-3,1505,16.6(24),13,71,0,7,4.3,982.4(30),1019.5,966.5,3.5,23.8(01),10.2,0,0,2,2,16,36,15,-4.0(20),266,86,0,5,656,62.6,16,0,12,8,9.4,0,9.2,14.9,0,953.0(24),12,3,18/16.1(24),0,9.8,10.2,9.8
1987-4,1505,26.1(23),14,72,1,4,4.1,977.9(12),1015.3,962.9,6.5,25.4(27),10.6,0,0,1,4,15,30,18,1.0(03),296,100,0,3,669,113.8,20,2,13,0,8.2,0,11.6,16.6,0,934.9(03),14,3,18/18.9(04),0,11.5,12.3,10.8
1987-5,1505,32.7(09),7,67,1,7,7.9,976.5(04),1018.4,966.1,5.3,27.0(08),9.2,0,0,6,2,18,54,5,-0.4(18),279,99,1,4,915,54.2,5,4,13,2,13.0,0,11.8,18.3,0,954.9(23),4,0,03/15.0(03),0,15.3,16.6,14.0
1987-6,1505,22.9(12),11,74,0,7,6.1,976.1(16),1019.1,967.3,9.4,33.0(28),14.6,1,0,3,2,14,40,15,2.4(17),262,133,0,2,702,65.4,15,0,12,0,13.2,0,15.0,20.7,0,955.7(10),12,0,22/15.0(07),0,18.0,19.5,16.2
1987-7,1505,14.9(15),8,76,0,6,6.8,972.6(26),1017.4,966.1,12.3,32.0(10),16.2,1,0,2,2,21,45,9,6.8(19),309,157,0,5,803,48.9,9,1,16,0,18.4,0,17.4,22.4,0,956.5(17),6,0,23/13.9(16),0,20.8,22.2,18.9
1987-8,1505,9.8(31),7,73,0,13,6.7,971.9(01),1016.1,965.1,12.0,35.2(12),17.4,7,0,1,0,23,48,9,6.0(26),174,161,0,9,887,29.6,9,3,12,0,20.4,0,18.8,25.6,0,960.7(07),4,1,05/16.1(27),0,21.2,22.6,19.6
1987-9,1505,28.6(21),7,70,0,12,5.2,973.4(06),1017.0,965.9,11.2,35.0(16),15.4,11,0,8,6,15,42,9,7.0(30),99,148,0,10,958,109.0,9,1,8,0,17.0,0,18.7,26.2,0,946.6(25),7,5,09/18.9(20),0,19.4,20.6,18.6
1988-10,1505,38.4(13),14,76,0,8,5.1,971.5(01),1014.1,962.1,6.7,26.4(03),12.8,0,0,0,3,17,46,19,0.8(02),,116,1,7,766,97.1,19,0,12,0,13.4,0,13.1,19.6,0,947.7(13),12,,,,13.9,13.8,14.4
1988-11,1505,14.6(30),8,83,0,18,4.8,974.9(18),1018.4,965.4,3.2,22.4(04),12.4,0,0,4,2,18,49,7,-7.4(24),132,103,0,17,395,38.7,8,0,6,8,9.0,0,9.5,15.8,0,950.9(30),4,0,30/15.0(30),0,10.2,9.7,11.7
1988-12,1505,7.8(02),8,85,0,10,4.6,983.1(19),1029.8,975.4,-0.3,15.8(26),9.2,0,0,10,0,13,50,7,-9.4(31),177,78,0,9,388,18.1,7,0,10,16,2.0,0,5.4,11.0,0,947.5(01),6,0,04/13.1(13),0,5.9,5.0,7.7
1988-13,1505,38.4(13/oct),148,77,4,114,5.1,983.1(19/dic),1018.4,965.9,6.0,37.8(07/sep),16.8,6,0,25,32,192,41,178,-9.4(31/dic),,111,2,84,6548,906.7,178,10,13,46,2.0,4,11.6,17.1,0,947.0(29/ene),129,,,,13.1,13.4,12.9
1988-1,1505,34.8(05),20,83,0,3,1.7,978.4(08),1016.4,963.2,4.7,13.4(05),8.8,0,0,0,7,10,18,26,-0.6(11),388,90,1,1,429,182.8,26,0,20,2,6.6,0,7.8,10.9,0,947.0(29),21,12,23/21.9(29),0,7.3,6.9,8.0
1988-2,1505,18.0(05),15,78,0,2,3.5,975.9(10),1020.3,966.8,2.3,18.6(14),7.6,0,0,3,4,11,32,19,-1.6(19),292,80,0,2,373,94.1,17,0,16,8,7.2,2,7.0,11.6,0,950.6(06),14,7,25/21.9(01),0,7.1,7.0,7.8
1988-3,1505,13.0(20),14,74,1,5,4.6,979.1(11),1023.2,969.8,2.0,21.0(18),9.6,0,0,3,3,14,39,16,-4.6(03),232,84,0,3,492,62.6,14,0,14,11,8.6,2,8.2,14.3,0,957.2(03),9,2,23/16.1(15),0,8.5,9.2,8.6
1988-4,1505,15.7(30),18,78,3,9,3.9,971.5(01),1014.1,961.6,5.5,24.0(21),12.2,0,0,0,3,12,29,25,-1.0(28),252,100,0,6,436,133.2,22,0,13,1,7.4,0,10.2,14.9,0,952.6(17),21,2,18/16.9(30),0,11.2,11.8,10.6
1988-5,1505,17.3(01),23,78,0,8,4.0,973.2(09),1013.4,961.3,7.6,25.6(21),12.2,0,0,0,3,8,27,23,3.6(12),241,116,0,6,544,99.8,23,1,15,0,12.0,0,12.4,17.2,0,948.3(02),16,2,23/18.9(01),0,14.3,15.0,13.2
1988-6,1505,17.6(11),12,79,0,13,5.5,971.4(01),1014.6,963.0,9.9,23.4(19),14.0,0,0,0,5,18,36,15,3.0(05),230,139,0,4,533,112.9,15,9,12,0,14.0,0,15.0,20.1,0,952.5(09),14,0,24/15.0(30),0,18.0,19.0,16.3
1988-7,1505,19.6(18),11,71,0,12,7.1,972.6(15),1018.2,966.8,10.9,31.0(31),16.8,1,0,1,1,19,48,13,7.0(09),239,144,0,8,637,48.5,13,0,11,0,15.4,0,16.8,22.6,0,951.9(04),8,0,23/15.0(02),0,20.1,20.9,18.3
1988-8,1505,3.3(18),2,68,0,15,8.7,971.9(22),1016.8,965.7,10.7,31.2(27),15.0,1,0,2,0,27,63,5,3.4(31),,144,0,10,796,6.7,9,0,9,0,20.0,0,17.7,24.7,0,958.6(02),3,,,,22.1,23.4,20.2
1988-9,1505,11.5(01),3,72,0,11,7.1,976.7(16),1020.9,969.1,8.6,37.8(07),13.4,4,0,2,1,25,57,3,3.6(15),235,134,0,11,759,12.2,5,0,14,0,14.0,0,15.8,23.0,0,955.4(01),1,1,18/20.0(01),0,18.2,18.8,17.8
1989-10,1505,24.0(22),10,74,0,10,5.6,975.3(07),1019.3,967.2,7.5,28.2(04),13.2,0,0,4,5,17,51,10,1.0(16),229,119,0,8,752,100.5,11,1,13,0,13.8,0,14.2,21.0,0,951.4(27),9,3,24/18.3(18),0,15.0,14.9,15.4
1989-11,1505,28.3(02),19,83,0,6,2.1,973.1(03),1010.9,958.5,6.3,20.2(13),11.4,0,0,0,3,11,21,23,-2.2(10),212,105,0,3,444,127.5,23,0,11,1,9.6,0,10.3,14.3,0,937.8(18),20,3,16/18.6(18),0,10.6,10.1,11.8
1989-12,1505,41.8(20),13,81,0,6,1.8,973.9(02),1009.2,956.8,5.9,17.2(15),11.8,0,0,0,9,18,20,23,0.0(27),,101,1,4,526,230.9,23,1,14,2,9.6,0,9.8,13.7,0,933.3(16),15,,,,9.4,9.0,10.3
1989-13,1505,41.8(20/dic),,76,6,138,,,,,6.4,36.0(19/jul),17.2,5,,,34,,,150,-9.2(02/ene),,116,3,,,995.3,149,25,,46,4.6,2,12.6,18.8,,,114,,,,13.8,14.3,13.3
1989-1,1505,25.1(06),8,85,0,18,4.0,987.9(05),1030.5,975.9,-1.7,15.4(13),5.8,0,0,6,1,17,42,7,-9.2(02),145,74,0,13,399,33.3,7,0,7,20,4.6,0,4.8,11.3,0,963.4(25),4,0,16/15.0(25),0,4.4,3.9,5.8
1989-2,1505,21.3(25),12,78,2,12,3.9,989.2(12),1023.5,969.8,0.0,19.8(19),10.0,0,0,6,5,10,38,11,-7.0(07),251,78,0,8,568,114.8,9,1,13,15,7.4,0,7.1,14.2,0,933.2(25),9,4,27/24.4(25),0,5.7,5.8,6.4
1989-3,1505,32.2(27),11,73,0,7,5.4,977.7(22),1019.3,966.4,2.5,25.0(11),8.6,0,0,2,2,18,45,12,-4.4(14),235,89,2,7,693,91.5,14,0,13,7,10.2,0,9.6,16.8,0,951.9(27),9,2,24/18.9(27),0,9.9,10.5,9.3
1989-4,1505,21.9(12),,78,3,2,,,,,3.3,19.4(21),8.0,0,,,4,,,23,-0.2(08),,87,0,,,124.2,18,1,,1,6.4,2,8.4,13.4,,,18,,,,10.1,10.5,9.9
1989-5,1505,22.5(28),10,73,1,12,7.0,975.1(16),1015.9,964.3,8.5,29.8(05),12.4,0,0,6,2,15,48,17,2.6(14),157,133,0,10,716,80.5,16,12,9,0,14.6,0,15.7,22.9,0,958.8(22),14,1,27/18.9(08),0,17.4,19.0,15.3
1989-6,1505,13.4(15),8,75,0,23,6.5,970.7(28),1017.6,966.1,9.6,27.6(21),16.6,0,0,6,1,16,43,7,3.8(06),187,149,0,9,628,28.8,7,3,,0,15.4,0,16.0,22.4,0,961.4(24),5,0,16/15.0(15),0,19.6,21.0,17.4
1989-7,1505,18.9(06),7,73,0,12,8.9,973.5(26),1018.0,967.1,13.6,36.0(19),17.2,5,0,5,1,19,59,7,10.6(15),,172,0,5,842,23.2,8,2,,0,18.4,0,19.9,26.1,0,959.7(20),2,,,,22.9,24.8,20.3
1989-8,1505,9.4(15),6,74,0,15,7.5,972.9(22),1015.6,964.7,12.7,29.0(11),16.4,0,0,1,0,24,54,5,7.8(17),227,165,0,10,823,24.1,8,3,13,0,21.4,0,19.1,25.5,0,955.9(05),5,0,25/12.8(14),0,22.0,23.3,20.3
1989-9,1505,10.4(18),2,68,0,15,7.9,970.1(22),1017.4,965.7,8.0,28.6(25),14.0,0,0,6,1,22,63,5,1.6(23),216,120,0,13,904,16.0,5,1,13,0,16.0,0,15.8,23.6,0,958.7(07),4,2,04/16.1(05),0,18.5,19.0,17.9
1990-10,1505,35.0(14),,80,0,6,3.8,973.6(05),1012.5,960.4,8.0,25.6(11),13.8,0,0,,6,,34,22,1.4(06),,118,1,5,605,181.6,22,2,12,0,12.0,0,12.7,17.3,0,947.3(22),21,,,,13.7,11.9,
1990-11,1505,20.5(20),,89,0,15,3.1,981.5(15),1018.6,965.3,2.4,19.0(12),9.2,0,0,,6,,32,15,-5.8(30),,97,0,12,206,135.8,16,1,,9,4.4,0,7.3,12.3,0,945.1(25),13,,,,9.3,7.3,
1990-12,1505,37.0(30),,84,0,7,3.9,975.2(12),1021.8,967.7,-0.1,13.8(29),11.8,0,0,,3,,43,16,-6.2(07),206,75,1,6,287,102.4,13,1,9,18,3.2,3,4.4,9.0,0,952.1(09),12,1,19/16.4(29),0,4.7,3.1,
1990-13,1505,37.0(30/dic),,76,0,70,,984.0(02/mar),1019.1,966.8,6.3,41.2(20/jul),19.0,25,,,23,,,156,-6.2(07/dic),,116,2,,,780.1,155,10,,48,3.2,3,12.3,18.4,,942.3(06/abr),121,,,,,,
1990-1,1505,27.2(27),,83,0,9,3.0,982.5(08),1024.4,970.4,1.6,14.4(24),10.0,0,,,5,,32,18,-5.4(11),,77,0,,,103.8,19,0,12,12,3.6,0,5.8,10.1,,943.5(27),13,4,18/21.1(29),0,6.2,5.4,7.6
1990-2,1505,13.6(01),,78,0,0,,979.1(21),1022.2,969.3,5.6,23.8(23),10.8,0,,,2,,,13,-0.8(04),,101,0,,,59.8,13,0,,1,8.8,0,10.1,14.5,,953.3(01),13,,,,,,
1990-3,1505,5.5(08),,67,0,0,,984.0(02),1027.2,973.9,2.1,27.8(19),7.0,0,,,0,,,7,-3.2(27),,84,0,,,14.8,7,0,11,8,8.4,0,10.0,17.9,,958.1(31),6,4,06/19.4(03),0,,,
1990-4,1505,9.4(06),,83,0,0,,980.0(17),1018.1,965.1,3.7,26.0(30),12.2,0,,,0,,,22,0.2(18),,97,0,,,73.6,22,0,11,0,7.8,0,8.6,13.6,,942.3(06),15,3,19/16.7(01),0,,,
1990-5,1505,7.4(11),,71,0,0,,974.7(28),1016.7,965.0,7.4,30.8(31),12.2,1,,,0,,,11,4.2(03),,124,0,,,28.6,11,0,9,0,16.4,0,14.9,22.5,,953.7(12),9,0,19/13.1(14),0,,,
1990-6,1505,9.7(18),,75,0,0,,971.3(30),1016.4,965.0,10.4,27.6(03),16.0,0,,,0,,,7,7.2(13),,143,0,,,28.2,7,0,13,0,16.0,0,16.1,21.8,,960.7(10),6,0,22/14.2(21),0,,,
1990-7,1505,2.2(27),,66,0,0,,972.6(06),1016.6,966.0,12.0,41.2(20),19.0,14,,,0,,,6,4.2(01),,167,0,,,6.0,6,0,10,0,19.2,0,20.7,29.5,,959.9(13),3,0,02/13.6(10),0,,,
1990-8,1505,10.2(23),,67,0,14,6.0,973.5(16),1018.4,967.6,11.6,40.8(04),16.6,9,,,1,,43,8,6.6(31),,159,0,,,24.0,8,2,11,0,19.6,0,19.8,28.1,,962.2(19),3,0,03/14.2(07),0,,,
1990-9,1505,5.7(30),,73,0,19,6.3,970.9(27),1016.8,965.5,10.9,30.4(19),17.0,1,0,,0,,50,11,4.2(25),214,148,0,16,802,21.5,11,4,10,0,17.2,0,17.5,24.2,0,957.1(25),7,1,19/15.6(29),0,18.6,16.6,
1991-10,1505,12.9(13),15,82,0,7,4.4,975.7(02),1017.5,964.9,5.9,22.6(04),12.8,0,0,5,2,11,40,19,-1.2(24),205,109,0,3,477,74.4,20,0,10,2,11.4,0,10.5,15.2,0,949.0(09),14,0,18/14.4(31),0,12.8,12.1,14.0
1991-11,1505,27.4(12),16,85,0,5,2.8,980.7(06),1020.1,966.9,4.2,17.6(01),11.2,0,0,2,6,12,29,20,-2.2(23),223,98,0,4,334,149.0,20,0,11,5,8.0,0,8.5,12.8,0,953.0(25),17,1,18/15.8(24),0,9.9,9.2,11.1
1991-12,1505,2.0(11),8,86,0,11,3.3,983.9(18),1028.1,973.9,0.8,16.6(06),8.4,0,0,8,0,15,37,8,-6.2(30),105,83,0,8,284,5.2,10,0,5,14,3.4,0,6.1,11.4,0,958.7(01),2,0,21/10.0(19),0,6.8,5.8,8.2
1991-13,1505,38.5(10/ene),,79,,101,5.1,983.9(18/dic),1019.3,966.7,6.1,34.8(13/ago),16.8,15,0,,32,,41,174,-6.2(25/ene),,113,2,71,7014,917.1,,14,12,55,3.4,,11.4,16.7,0,928.4(06/mar),121,,,,12.9,12.7,
1991-1,1505,38.5(10),,84,0,10,3.7,980.6(20),1024.7,970.7,1.1,14.8(09),9.2,0,0,,3,,39,17,-6.2(25),253,79,1,6,381,120.2,18,0,12,15,5.6,0,5.4,9.7,0,958.1(08),11,6,19/21.1(10),0,5.5,4.2,
1991-2,1505,23.0(01),,82,0,9,3.7,975.1(04),1017.7,964.0,0.9,17.6(25),6.6,0,0,,6,,35,20,-3.8(11),234,78,0,4,349,142.3,16,1,11,11,4.2,4,5.3,9.7,0,941.8(28),15,3,21/16.7(28),0,5.1,3.9,
1991-3,1505,28.9(11),,82,0,4,2.9,976.3(19),1011.7,959.1,4.8,20.8(20),11.2,0,0,,4,,24,21,-0.4(31),,96,0,4,546,129.1,24,0,14,2,5.8,0,8.8,12.8,0,928.4(06),19,,,,8.4,7.4,
1991-4,1505,19.4(04),13,74,,6,5.6,974.7(07),1018.9,965.9,2.9,23.8(09),8.2,0,0,4,1,13,42,17,-2.4(22),268,89,0,5,626,51.6,,0,14,6,9.6,,8.8,14.8,0,955.0(04),9,2,29/18.6(04),0,10.9,11.1,10.5
1991-5,1505,8.4(01),10,73,0,4,7.8,977.9(22),1021.8,969.2,6.4,30.6(28),13.4,1,0,5,0,16,53,13,1.0(10),294,106,0,5,759,20.0,15,3,15,0,9.4,0,12.1,17.8,0,958.7(29),6,1,35/16.1(02),0,14.6,15.1,13.1
1991-6,1505,12.0(05),10,71,0,8,7.7,973.2(10),1019.3,967.5,8.0,32.6(30),15.0,1,0,3,1,17,50,9,2.8(19),225,129,0,5,800,26.7,10,0,13,0,15.2,0,14.7,21.5,0,953.3(07),5,1,18/17.5(06),0,18.2,18.8,16.5
1991-7,1505,19.4(30),11,73,0,6,6.4,973.2(13),1017.5,966.3,12.5,33.4(27),16.4,5,0,0,2,20,42,7,8.4(03),248,155,0,4,907,48.0,10,2,13,0,14.6,0,18.2,23.9,0,955.9(28),7,1,19/16.9(29),0,21.2,22.1,19.3
1991-8,1505,12.0(21),6,73,0,12,8.1,973.7(08),1017.6,966.7,13.3,34.8(13),16.8,6,0,3,2,22,58,9,8.0(23),230,168,0,9,985,38.0,10,4,12,0,20.0,0,19.9,26.4,0,958.1(22),5,1,21/15.8(21),0,21.8,22.9,20.2
1991-9,1505,32.9(28),10,78,0,19,5.1,972.9(06),1016.5,965.3,12.4,31.2(17),16.6,2,0,1,5,19,41,14,8.0(26),179,161,1,14,566,112.6,15,4,9,0,13.4,0,18.2,23.9,0,943.9(29),11,1,25/20.3(28),0,19.6,19.8,19.1
1992-10,1505,41.9(28),20,88,1,9,2.7,974.3(24),1015.9,963.2,5.8,20.4(01),11.0,0,0,0,4,11,24,24,-2.2(18),171,111,2,6,262,144.4,24,0,8,4,10.0,0,9.9,14.1,0,945.9(16),19,0,03/12.5(16),0,12.5,11.9,13.4
1992-11,1505,26.3(14),19,86,0,9,2.4,978.6(19),1023.7,970.8,7.3,19.6(05),13.4,0,0,1,3,10,25,19,-1.0(22),227,116,0,6,416,93.7,19,0,10,2,10.4,0,11.1,14.8,0,957.1(15),11,3,19/18.9(25),0,11.2,10.9,11.9
1992-12,1505,25.2(04),13,87,0,11,2.2,975.5(12),1019.2,965.7,2.9,16.2(20),9.4,0,0,1,2,17,24,15,-3.4(29),222,90,0,8,374,97.6,18,1,9,8,4.6,0,6.9,11.0,0,944.8(04),12,7,22/19.4(07),0,7.8,7.1,9.1
1992-13,1505,59.8(30/ago),141,79,1,117,4.9,984.6(25/ene),1020.3,967.6,5.7,35.0(28/jul),17.2,15,0,27,27,198,39,162,-7.8(02/ene),,111,4,77,6796,903.2,179,10,10,61,4.6,2,11.3,16.9,0,935.4(31/mar),109,,,,12.8,13.0,12.6
1992-1,1505,24.2(08),2,81,0,7,5.0,984.6(25),1027.6,973.0,-2.8,14.4(31),3.0,0,0,13,2,16,53,4,-7.8(02),163,65,0,5,405,43.6,6,0,9,27,5.6,0,3.6,9.9,0,952.2(08),4,2,18/18.9(07),0,3.7,2.8,5.2
1992-2,1505,15.2(12),7,73,0,11,5.0,979.0(03),1026.3,972.3,0.0,18.0(08),9.0,0,0,7,1,15,47,7,-7.0(23),232,70,0,7,531,22.2,7,0,11,15,7.4,0,6.5,13.0,0,957.5(12),4,4,23/16.9(13),0,5.6,5.6,6.1
1992-3,1505,25.1(29),11,77,0,11,4.5,982.3(10),1023.5,970.1,1.9,24.0(19),6.0,0,0,0,4,20,38,14,-2.6(09),217,87,0,8,475,90.9,14,1,10,3,7.0,2,8.4,14.8,0,935.4(31),8,5,02/18.6(24),0,9.2,9.5,9.0
1992-4,1505,17.5(01),11,74,0,8,5.7,983.2(16),1018.6,965.9,4.1,24.8(20),11.4,0,0,1,1,18,42,13,0.0(10),247,94,0,5,704,57.5,18,0,13,1,7.6,0,9.8,15.5,0,940.7(03),7,1,25/16.1(07),0,11.4,12.0,10.6
1992-5,1505,17.8(17),10,72,0,7,7.1,976.2(06),1016.7,964.9,7.9,31.6(17),14.2,3,0,1,1,20,49,15,-0.2(04),,120,0,4,937,65.5,16,2,13,1,11.4,0,14.2,20.6,0,952.3(23),12,,,,16.3,17.2,14.8
1992-6,1505,15.0(03),15,78,0,10,5.0,970.2(20),1016.6,964.6,8.6,27.0(27),14.2,0,0,0,3,15,33,14,2.0(03),238,126,0,3,620,86.1,16,1,12,0,11.4,0,13.6,18.5,0,957.5(22),12,2,04/16.7(13),0,16.3,16.8,15.2
1992-7,1505,2.3(30),9,73,0,11,7.3,973.2(17),1018.8,967.7,12.4,35.0(28),16.8,5,0,1,0,21,49,8,6.8(02),191,161,0,7,759,5.5,10,2,10,0,18.0,0,18.7,25.1,0,961.4(20),2,0,01/13.6(06),0,21.4,22.7,19.4
1992-8,1505,59.8(30),15,74,0,11,6.0,973.8(12),1017.0,965.8,11.8,32.2(24),17.2,5,0,1,3,15,43,12,6.6(11),205,158,1,10,725,99.9,14,3,9,0,14.6,0,18.0,24.3,0,956.1(30),9,2,19/16.9(30),0,20.9,21.8,19.7
1992-9,1505,40.9(25),9,79,0,12,5.5,976.2(03),1019.2,967.3,8.8,30.2(15),14.2,2,0,1,3,20,44,17,2.4(18),177,137,1,8,588,96.3,17,0,8,0,13.4,0,14.9,20.9,0,950.7(26),9,0,20/12.2(21),0,17.2,17.4,17.2
1993-10,1505,28.8(01),14,85,0,4,4.1,974.9(19),1012.5,960.0,5.8,20.4(09),11.4,0,0,2,7,15,38,21,0.4(22),204,106,0,3,400,193.2,23,1,11,0,10.6,0,10.1,14.5,0,940.7(13),17,2,24/16.4(01),0,11.3,10.8,12.4
1993-11,1505,27.9(29),15,87,0,12,3.2,975.7(14),1017.9,964.6,2.8,17.8(03),10.8,0,0,2,4,13,32,14,-4.2(27),135,92,0,11,271,97.3,15,0,6,12,5.0,0,7.5,12.2,0,943.3(03),12,0,15/13.6(03),0,8.8,8.2,10.0
1993-12,1505,19.3(31),21,89,0,3,1.2,979.4(19),1024.6,971.1,5.6,16.4(03),11.6,0,0,0,3,9,13,27,-2.2(22),239,102,0,2,267,95.8,27,0,10,4,7.0,0,8.5,11.4,0,961.7(13),19,1,19/15.3(30),0,8.6,8.2,9.2
1993-13,1505,52.9(24/abr),143,80,2,105,4.9,982.3(16/feb),1018.9,966.3,5.8,35.6(19/ago),17.8,8,2,32,37,187,39,187,-6.0(25/feb),,112,2,75,6197,1089.3,196,23,9,56,1.0,4,11.2,16.5,0,940.7(13/oct),131,,,,,,
1993-1,1505,16.6(12),9,80,0,10,3.5,982.2(21),1027.9,974.1,2.0,16.8(16),10.2,0,0,0,1,22,36,9,-4.4(24),170,86,0,7,522,31.1,10,0,8,10,3.4,0,7.3,12.5,0,958.9(29),3,3,18/19.4(13),0,7.0,6.7,7.9
1993-2,1505,10.2(28),4,76,0,10,6.1,982.3(16),1026.7,972.6,-0.7,16.6(12),4.6,0,0,11,1,13,58,5,-6.0(25),150,72,0,7,412,26.7,4,0,7,18,3.0,2,6.0,12.7,0,958.5(28),4,3,33/20.8(27),0,6.3,6.0,7.3
1993-3,1505,11.9(01),10,73,0,10,5.2,979.8(16),1019.7,966.6,1.7,23.6(17),10.4,0,0,5,1,16,43,13,-5.2(06),156,85,0,7,666,37.2,12,0,8,11,1.0,2,8.4,15.1,0,953.4(01),5,1,19/16.7(31),0,9.2,9.7,8.7
1993-4,1505,52.9(24),19,79,2,8,3.8,976.1(16),1014.0,961.3,4.2,24.2(19),9.0,0,0,0,7,10,28,23,-0.2(16),,95,1,6,559,197.6,22,3,10,1,9.0,0,9.4,14.6,0,941.3(24),20,,,,10.6,11.0,10.5
1993-5,1505,25.0(23),19,78,0,4,4.2,971.1(20),1012.0,959.9,7.5,22.8(31),11.0,0,0,0,2,12,28,22,1.2(21),197,114,0,3,574,122.0,24,8,10,0,12.6,0,12.4,17.2,0,950.2(17),19,2,19/17.5(17),0,13.9,14.4,13.0
1993-6,1505,30.2(08),9,80,0,10,6.3,975.3(11),1017.8,966.2,10.5,28.6(18),14.6,0,1,1,5,19,41,16,4.2(13),,152,1,8,538,125.5,16,7,9,0,14.6,0,16.2,22.0,0,958.8(09),10,,,,,,
1993-7,1505,6.8(29),6,74,0,8,8.6,975.0(05),1020.8,969.3,10.0,32.0(23),16.6,4,0,6,0,19,57,9,4.2(12),,149,0,6,678,14.2,13,3,9,0,15.6,0,16.6,23.1,0,961.0(24),3,,,,20.1,21.2,18.6
1993-8,1505,24.3(26),6,75,0,15,8.0,973.2(08),1018.1,966.9,11.1,35.6(19),17.8,4,1,5,2,20,57,7,5.2(30),183,159,0,7,734,51.9,8,1,9,0,15.8,0,17.7,24.3,0,959.9(24),5,0,19/13.9(21),0,20.5,21.4,19.4
1993-9,1505,16.3(06),11,80,0,11,4.3,973.5(25),1014.6,962.7,9.2,27.6(02),14.4,0,0,0,4,19,34,21,0.6(28),213,131,0,8,576,96.8,22,0,11,0,13.0,0,14.0,18.8,0,951.1(12),14,5,21/18.9(12),0,16.4,16.1,16.5
1994-10,1505,18.0(22),12,79,0,11,4.2,973.2(12),1015.7,963.6,8.1,25.6(13),13.6,0,0,0,5,19,38,18,0.8(06),157,126,0,10,412,109.9,18,0,7,0,12.6,0,13.5,18.8,0,949.8(19),13,0,23/14.2(22),0,14.7,14.2,15.1
1994-11,1505,36.5(08),14,83,0,11,3.9,979.9(25),1019.8,966.9,4.6,19.8(23),13.0,0,0,2,2,14,41,13,-0.4(21),150,106,1,11,367,93.9,14,0,6,3,8.4,0,10.0,15.4,0,947.3(03),8,2,17/16.1(03),0,10.7,10.0,11.7
1994-12,1505,62.8(31),16,84,0,7,2.0,981.2(10),1025.1,971.6,4.2,19.2(01),11.0,0,0,3,5,12,23,16,-4.4(25),206,94,3,4,375,188.0,17,0,9,8,6.0,0,8.0,11.9,0,954.4(31),14,3,18/19.2(29),0,8.7,8.1,9.8
1994-13,1505,62.8(31/dic),148,77,0,100,4.9,984.9(23/ene),1019.0,966.5,6.6,32.6(23/jun),16.2,5,0,16,37,197,39,175,-4.4(13/feb),209,114,6,81,6489,1141.3,193,9,10,30,2.6,8,11.9,17.2,0,933.5(06/ene),127,28,20/20.0(22/feb),0,13.5,13.5,13.2
1994-1,1505,55.0(05),17,85,0,6,2.5,984.9(23),1022.9,969.1,2.8,15.6(30),10.4,0,0,2,8,12,26,22,-3.0(18),241,85,1,5,304,213.7,21,1,10,8,4.6,3,6.7,10.5,0,933.5(06),17,4,19/18.6(05),0,6.8,6.4,7.7
1994-2,1505,17.3(02),11,75,0,4,3.5,980.1(09),1015.3,962.0,2.3,17.4(13),9.2,0,0,0,3,15,33,18,-4.4(13),254,76,0,3,493,95.2,16,0,12,7,2.6,3,6.9,11.6,0,946.3(26),14,9,20/20.0(22),0,6.6,6.4,7.0
1994-3,1505,3.7(05),9,78,0,11,5.4,980.6(13),1024.3,971.2,4.1,24.0(24),9.6,0,0,2,0,20,45,14,0.2(08),205,100,0,9,541,15.3,17,1,9,0,10.4,0,10.1,16.1,0,959.9(31),4,2,19/18.6(31),0,10.8,11.3,10.3
1994-4,1505,24.0(22),15,74,0,5,5.1,979.7(02),1020.1,967.0,3.4,28.2(28),8.4,0,0,2,2,13,38,17,-1.8(12),259,87,0,4,699,76.6,18,0,12,4,8.6,2,8.8,14.1,0,945.5(22),11,4,15/18.1(22),0,10.5,10.7,10.4
1994-5,1505,19.7(14),17,71,0,5,5.7,974.6(04),1012.0,960.1,7.1,28.6(01),12.0,0,0,0,5,14,39,18,1.0(05),226,107,0,4,781,113.8,20,2,11,0,12.0,0,12.6,18.2,0,944.5(12),16,4,21/16.9(19),0,14.4,15.0,13.5
1994-6,1505,23.1(18),9,72,0,10,7.8,976.6(08),1020.5,968.8,8.8,32.6(23),14.4,2,0,3,2,18,51,7,3.4(13),214,135,0,9,733,44.6,9,3,10,0,15.6,0,15.4,22.0,0,961.3(01),5,0,03/15.0(10),0,18.8,19.5,16.9
1994-7,1505,48.7(16),10,76,0,16,6.7,973.1(06),1017.5,966.4,12.3,29.2(26),16.2,0,0,0,1,20,45,6,6.6(07),192,162,1,11,608,55.2,10,2,9,0,18.8,0,18.1,24.0,0,959.3(30),4,0,01/12.5(13),0,21.5,22.4,19.6
1994-8,1505,18.9(09),7,74,0,8,6.9,972.2(23),1016.3,965.2,12.7,31.8(20),16.0,3,0,1,2,22,50,6,8.6(24),192,159,0,8,655,33.9,12,0,9,0,17.0,0,18.5,24.3,0,952.1(09),4,0,21/14.4(10),0,21.2,21.8,19.8
1994-9,1505,18.3(24),11,77,0,6,4.9,975.9(17),1017.9,965.9,8.8,28.0(05),16.2,0,0,1,2,18,39,20,2.0(18),211,126,0,3,521,101.2,21,0,10,0,14.4,0,14.1,19.4,0,957.3(24),17,0,18/15.0(09),0,16.7,16.4,17.1
1995-10,1505,32.1(04),5,76,0,9,5.7,979.4(18),1018.2,966.3,8.7,27.2(08),14.6,0,0,6,2,20,52,12,2.8(22),135,129,1,6,602,82.0,12,1,7,0,15.6,0,14.9,21.1,0,954.0(24),9,1,20/17.5(24),0,15.5,15.3,15.7
1995-11,1505,54.3(15),11,84,1,7,2.5,979.9(22),1015.3,962.6,6.6,21.6(20),11.6,0,0,1,5,18,25,22,-0.2(08),129,107,2,5,316,197.5,22,1,6,2,7.8,0,10.7,14.8,0,942.1(11),18,0,18/15.0(14),0,11.5,10.8,12.5
1995-12,1505,44.0(30),15,81,0,3,2.5,976.9(02),1012.4,959.5,4.3,17.2(19),12.0,0,0,3,9,13,28,20,-4.8(15),202,93,1,1,382,212.9,21,1,9,8,5.0,1,8.2,12.0,0,940.4(30),16,4,22/21.4(28),0,8.2,7.5,9.2
1995-13,1505,54.3(15/nov),128,76,1,103,5.3,985.5(08/ene),1018.0,965.7,7.0,38.0(24/jul),16.4,7,0,33,38,204,42,182,-5.8(15/ene),192,116,4,71,6510,1166.7,190,16,9,38,2.4,7,12.5,18.0,0,940.4(30/dic),133,23,20/21.4(17/ene),0,13.9,13.8,13.7
1995-1,1505,24.4(17),18,85,0,5,2.0,985.5(08),1025.9,972.1,2.9,16.0(31),9.4,0,0,2,4,11,21,24,-5.8(15),249,89,0,3,338,124.6,25,0,11,7,2.4,0,6.8,10.8,0,948.6(17),19,8,20/21.4(17),0,7.2,6.7,8.2
1995-2,1505,22.7(16),13,79,0,7,3.7,980.3(04),1022.7,969.3,3.2,19.0(06),9.4,0,0,1,7,14,35,19,-2.6(22),235,89,0,5,416,136.0,18,1,11,7,7.2,1,8.1,13.1,0,951.9(09),14,5,18/18.1(11),0,8.3,8.0,8.7
1995-3,1505,9.9(04),10,76,0,8,4.5,978.9(31),1021.1,967.9,3.2,24.2(22),8.6,0,0,2,0,19,37,14,-1.6(07),230,88,0,6,518,52.9,15,0,11,7,7.8,2,8.8,14.3,0,948.4(10),7,0,19/15.0(09),0,9.5,9.6,9.4
1995-4,1505,11.9(21),6,71,0,13,7.3,979.1(01),1017.8,965.1,2.7,25.6(02),8.8,0,0,5,1,19,55,10,-2.0(23),186,91,0,9,650,41.8,8,0,9,7,4.8,3,10.4,18.0,0,949.8(27),8,2,02/16.1(14),0,12.9,13.1,12.4
1995-5,1505,23.8(06),15,72,0,9,6.6,974.2(30),1016.4,964.6,8.3,28.4(04),13.4,0,0,0,3,16,45,20,1.4(13),160,124,0,6,687,87.6,21,3,9,0,12.6,0,14.5,20.7,0,950.6(11),14,1,17/18.1(06),0,16.3,16.6,15.1
1995-6,1505,8.2(23),4,73,0,10,9.0,973.8(01),1016.4,964.9,9.8,30.2(19),14.6,1,0,5,0,21,59,5,3.4(01),241,138,0,8,640,20.6,7,5,11,0,17.2,0,15.8,21.8,0,959.2(24),4,0,01/14.2(09),0,19.0,19.3,17.4
1995-7,1505,20.4(08),10,72,0,10,6.5,970.2(05),1015.4,964.5,13.0,38.0(24),16.4,4,0,1,1,20,44,14,5.4(05),182,162,0,6,686,51.3,16,3,9,0,18.4,0,18.8,24.7,0,955.1(25),8,1,08/18.1(25),0,20.7,21.2,19.4
1995-8,1505,14.5(04),4,70,0,11,8.5,974.0(12),1017.3,966.3,12.5,34.2(16),15.4,2,0,6,1,21,61,4,7.2(03),203,155,0,7,815,15.9,7,0,10,0,19.8,0,18.8,25.1,0,960.0(09),1,0,02/13.9(14),0,20.9,21.3,19.9
1995-9,1505,28.4(07),17,77,0,11,4.6,975.7(27),1017.4,965.5,8.7,27.6(02),14.8,0,0,1,5,12,37,18,3.4(26),154,128,0,9,460,143.6,18,1,8,0,14.2,0,14.2,19.8,0,948.7(06),15,1,23/17.5(06),0,16.7,16.3,16.8
1996-10,1505,25.9(13),11,80,0,10,4.8,978.4(31),1021.0,968.5,6.4,25.2(22),13.0,0,2,3,2,17,44,15,-0.2(31),154,119,0,5,444,79.8,16,1,8,2,14.0,0,12.3,18.3,0,943.7(13),11,0,21/15.0(24),0,14.6,14.1,
1996-11,1505,23.8(21),21,89,0,9,2.1,979.3(01),1020.0,966.9,3.8,21.2(02),11.4,0,2,0,7,9,22,20,-1.6(12),190,104,0,4,206,174.7,21,0,8,5,7.2,0,8.3,12.7,0,934.8(11),17,2,27/20.3(19),0,10.4,9.9,
1996-12,1505,21.8(17),18,86,0,10,2.4,977.7(01),1009.5,956.4,2.5,15.6(17),10.8,0,0,1,3,12,27,22,-5.6(27),,86,0,5,224,111.2,22,0,8,12,3.6,2,6.6,10.7,0,934.5(21),17,,,,8.4,7.9,
1996-13,1505,44.5(17/may),,,2,100,,,,,,,,,,,37,,,182,,,,2,,,1133.0,190,14,9,,,7,,,,,143,,,,,,
1996-1,1505,29.1(06),18,79,0,6,2.5,970.6(16),1005.1,952.5,3.9,15.4(03),9.6,0,0,0,6,13,26,25,-2.0(18),223,85,0,4,475,166.7,26,1,10,4,6.4,0,7.7,11.5,0,934.1(06),22,6,25/21.4(01),0,7.6,7.0,8.5
1996-2,1505,25.8(25),19,81,0,1,3.2,978.4(16),1019.3,965.6,1.8,15.6(17),6.6,0,0,2,5,8,30,23,-2.8(21),218,76,0,2,288,140.3,19,0,10,8,2.0,4,5.7,9.7,0,950.2(01),18,3,04/17.5(15),0,6.4,5.8,7.3
1996-3,1505,34.1(31),,,0,3,,,,,,,,,,,2,,,16,,218,,1,,,105.8,15,3,10,,,1,,,,,15,2,22/17.2(31),0,,,
1996-4,1505,8.7(23),15,73,1,14,5.4,974.6(08),1015.6,963.2,5.0,24.0(15),9.4,0,0,1,0,14,40,10,-2.2(03),,100,0,7,499,40.4,14,2,8,1,10.6,0,11.2,17.4,0,946.1(01),9,,,,13.0,13.3,12.1
1996-5,1505,44.5(17),15,76,1,7,5.4,975.4(31),1014.1,962.0,6.3,29.0(30),12.6,0,0,0,5,16,37,15,-0.4(13),136,114,1,5,540,143.0,17,3,8,1,9.6,0,12.1,17.9,0,946.5(18),10,1,26/15.6(01),0,14.4,14.3,13.6
1996-6,1505,8.6(20),6,72,0,11,8.7,975.4(01),1020.1,968.7,9.8,32.5(15),14.8,5,0,4,0,20,56,5,5.2(23),154,151,0,7,706,12.1,5,0,8,0,15.8,0,17.1,24.3,1,960.1(20),2,1,28/15.3(06),0,20.9,21.1,19.5
1996-7,1505,14.6(25),7,75,0,12,8.4,976.4(09),1019.0,967.8,11.4,33.0(17),16.0,4,0,6,1,18,56,8,5.4(07),225,164,0,5,682,31.1,8,1,10,0,17.4,0,18.1,24.8,1,952.4(07),5,0,04/13.6(07),0,21.8,22.5,19.8
1996-8,1505,13.0(25),,76,0,6,5.6,972.5(30),1017.4,966.0,11.6,31.2(17),15.6,2,2,,2,,40,12,3.8(30),201,152,0,4,621,46.4,13,1,10,0,18.0,0,17.0,22.4,0,961.3(05),7,0,01/11.7(02),0,,,
1996-9,1505,15.9(30),,75,0,11,6.0,974.1(29),1015.6,963.9,8.8,26.4(29),13.6,0,0,,4,,48,11,3.6(13),178,127,0,9,604,81.5,14,2,9,0,14.4,0,14.9,21.1,0,948.2(20),10,1,23/17.2(18),0,17.3,16.8,
1997-10,1505,49.9(19),13,79,0,11,4.2,975.9(13),1015.5,963.8,9.8,27.8(04),17.8,0,0,1,4,17,38,17,-0.6(30),163,140,2,11,494,146.0,17,2,7,1,13.8,0,15.2,20.6,0,950.6(20),12,1,15/22.2(18),0,17.1,16.9,17.4
1997-11,1505,32.4(11),20,84,0,2,2.1,974.9(30),1009.0,956.7,7.4,19.4(03),12.6,0,0,1,10,9,21,27,0.6(01),223,107,1,2,375,236.0,28,0,10,0,8.2,0,10.5,13.5,0,939.0(25),23,1,22/18.1(17),0,11.8,11.5,12.7
1997-12,1505,24.8(01),19,85,0,3,1.8,977.5(13),1016.3,963.1,3.8,16.2(17),11.4,0,0,1,9,11,20,23,-4.8(15),205,92,0,1,316,179.4,23,0,8,9,5.6,0,7.5,11.1,0,932.3(17),17,0,18/15.0(17),0,8.9,8.6,9.8
1997-13,1505,49.9(19/oct),,77,0,105,4.5,981.3(18/feb),1017.2,965.0,7.2,30.8(23/ago),17.8,7,,,38,,36,176,-6.8(05/ene),,118,4,,,1098.1,184,22,8,34,-1.4,5,12.8,18.4,,932.3(17/dic),128,,,,,,
1997-1,1505,20.7(08),,84,0,5,1.8,977.0(28),1016.3,962.7,0.6,16.4(13),7.6,0,,,4,,19,15,-6.8(05),143,79,0,,,97.1,12,0,7,12,-1.4,5,5.4,10.2,,943.5(08),12,1,18/16.4(18),0,,,
1997-2,1505,5.9(02),13,79,0,9,2.6,981.3(18),1027.4,974.0,4.3,23.4(27),10.2,0,0,1,0,11,25,14,-1.8(27),208,98,0,5,,43.2,16,0,9,4,10.2,0,9.3,14.3,0,962.0(24),11,3,25/17.5(14),0,,,
1997-3,1505,0.0(--),,63,0,9,6.2,980.0(05),1024.6,971.9,2.1,24.6(31),6.4,0,,,0,,51,0,-1.6(30),144,85,0,,,0.0,0,0,7,5,14.4,0,11.6,21.1,,962.4(20),0,0,04/13.1(28),0,,,
1997-4,1505,7.6(19),10,68,0,9,7.1,976.5(28),1017.1,964.9,4.9,27.2(16),13.0,0,0,5,0,15,53,10,-1.6(23),189,101,0,8,703,19.4,11,2,9,3,12.8,0,12.6,20.3,0,949.8(19),5,0,01/13.3(21),0,14.6,14.5,14.0
1997-5,1505,23.3(04),19,72,0,8,4.9,969.0(02),1013.2,961.4,7.6,30.6(01),14.2,1,0,0,6,12,34,25,0.2(12),201,115,0,6,612,175.3,25,8,10,0,11.8,0,13.6,19.7,0,949.9(05),20,3,29/16.9(07),0,15.5,15.5,14.9
1997-6,1505,26.7(02),18,75,0,6,4.9,969.3(23),1013.0,961.4,9.6,25.4(09),13.6,0,0,1,2,11,32,20,2.6(28),203,128,0,3,547,77.4,23,1,10,0,13.2,0,14.5,19.4,0,947.8(05),13,1,19/20.0(06),0,17.7,17.6,17.1
1997-7,1505,19.3(08),13,75,0,9,6.6,977.2(05),1019.3,967.9,12.2,29.6(26),16.8,0,0,0,1,18,44,7,6.0(02),,152,0,5,569,32.9,8,3,9,0,16.6,0,17.4,22.5,0,959.1(01),3,,,,20.0,20.0,18.8
1997-8,1505,36.6(09),14,77,0,14,5.9,973.0(13),1016.1,965.1,13.1,30.8(23),17.0,4,0,1,2,16,43,10,7.4(26),156,166,1,11,564,65.9,13,3,8,0,18.4,0,18.7,24.3,0,955.5(27),7,0,21/14.2(09),0,21.3,21.2,20.5
1997-9,1505,7.6(23),7,77,0,20,6.1,972.6(07),1018.5,967.1,10.9,30.6(17),15.2,2,1,0,0,23,49,8,4.8(02),134,151,0,14,475,25.5,8,3,6,0,16.4,0,17.5,24.0,1,960.9(28),5,0,03/12.8(06),0,20.0,20.0,19.5
1998-10,1505,7.7(24),17,83,0,11,4.0,977.3(08),1022.4,969.9,7.5,23.6(16),14.4,0,1,1,0,13,37,24,-0.2(20),138,122,0,10,406,46.8,24,0,6,1,14.0,0,12.4,17.3,0,953.1(04),15,0,18/13.9(16),0,15.2,15.0,15.8
1998-11,1505,24.1(02),11,89,0,16,2.6,979.4(26),1023.3,969.9,3.6,20.2(08),15.2,0,2,1,2,18,26,21,-3.4(07),126,103,0,13,262,81.7,21,0,6,8,8.8,0,8.5,13.5,0,955.5(03),14,0,17/15.0(13),0,11.7,11.4,12.8
1998-12,1505,16.2(10),13,84,0,11,2.9,981.4(13),1023.9,970.0,0.8,18.4(13),11.8,0,0,3,4,15,32,13,-5.0(07),166,81,0,6,388,74.9,16,0,7,18,5.2,0,5.8,10.8,0,943.0(31),8,2,17/19.7(29),0,7.8,7.4,9.1
1998-13,1505,46.0(29/abr),149,78,4,113,5.2,987.5(22/feb),1019.5,967.1,6.5,36.2(07/ago),17.0,15,6,24,36,192,41,174,-5.0(07/dic),177,115,1,78,7018,942.0,188,13,8,47,5.2,5,12.2,17.8,3,941.5(12/ene),117,13,21/21.1(12/ene),0,14.5,14.2,14.4
1998-1,1505,11.3(13),13,80,0,6,3.1,978.9(16),1018.9,965.6,3.5,19.0(10),11.4,0,0,3,2,15,32,19,-4.4(31),216,87,0,3,487,68.5,19,0,9,8,5.6,2,7.9,12.2,0,941.5(12),13,5,21/21.1(12),0,8.7,8.4,9.4
1998-2,1505,12.7(20),7,77,0,15,5.4,987.5(22),1025.0,971.6,1.2,22.2(14),8.2,0,2,4,2,17,51,5,-2.8(01),113,88,0,11,399,27.9,6,0,5,8,9.2,0,8.5,15.8,1,947.5(02),4,0,24/13.9(21),0,8.7,8.5,9.0
1998-3,1505,17.4(04),11,72,0,12,6.1,978.9(13),1023.9,970.9,4.2,23.6(27),12.2,0,0,2,2,18,51,13,-2.4(02),200,93,0,9,725,56.9,14,0,9,4,9.6,0,10.7,17.2,0,947.2(29),10,1,20/15.8(03),0,11.9,11.7,11.5
1998-4,1505,46.0(29),21,81,4,0,3.4,975.1(24),1012.0,959.2,4.9,23.0(24),10.4,0,0,0,13,9,25,28,0.6(11),261,93,1,0,466,324.0,21,1,12,0,7.4,3,9.0,13.1,0,945.5(16),25,5,26/20.3(16),0,11.1,10.8,11.2
1998-5,1505,23.2(30),14,74,0,10,6.8,971.1(04),1015.4,963.5,6.9,26.0(16),10.8,0,0,3,3,14,46,14,1.4(05),167,115,0,3,753,83.1,16,6,8,0,10.6,0,13.2,19.4,2,954.7(29),8,0,04/13.3(22),0,15.5,15.4,14.7
1998-6,1505,12.4(01),11,69,0,7,7.1,976.5(11),1018.9,967.4,9.4,34.0(19),14.4,3,0,0,1,19,46,8,3.4(12),168,132,0,5,829,18.2,10,0,8,0,16.6,0,16.1,22.7,0,952.2(01),3,0,22/11.7(01),0,19.3,19.1,18.1
1998-7,1505,28.7(02),9,73,0,7,7.9,972.9(03),1018.1,966.8,11.7,30.6(19),14.6,2,0,4,3,18,53,8,6.4(15),189,150,0,4,779,57.1,13,2,9,0,16.4,0,17.4,23.2,0,957.5(01),5,0,01/11.7(31),0,21.5,21.2,20.4
1998-8,1505,1.5(11),8,72,0,11,8.3,976.3(03),1018.3,967.3,13.3,36.2(07),17.0,8,1,3,0,20,59,3,4.6(03),207,164,0,7,922,2.6,7,3,8,0,18.6,0,19.8,26.3,0,958.1(31),2,0,02/12.5(24),0,22.6,22.4,21.5
1998-9,1505,23.7(25),14,76,0,7,4.6,971.3(14),1013.8,962.5,11.5,30.6(19),15.2,2,0,0,4,16,37,18,6.4(12),178,146,0,7,602,100.3,21,1,8,0,15.0,0,17.0,22.4,0,944.1(25),10,0,21/12.8(09),0,19.7,19.4,19.7
1999-10,1505,28.3(22),18,85,0,8,3.6,977.3(08),1015.1,962.9,7.8,23.2(10),12.8,0,0,0,7,13,32,19,1.8(26),157,123,0,5,359,173.6,19,0,7,0,13.0,0,12.4,17.0,1,938.3(20),18,1,17/18.3(30),0,14.7,14.5,15.3
1999-11,1505,32.1(01),14,84,0,7,3.4,981.0(02),1024.2,970.6,2.4,18.6(01),12.6,0,0,2,3,14,35,15,-3.8(26),143,91,1,5,289,84.0,19,0,6,8,5.0,0,7.2,12.0,0,958.3(14),11,0,17/14.2(29),0,10.6,10.3,11.7
1999-12,1505,42.9(14),17,86,0,8,2.3,980.7(17),1024.1,970.3,2.7,15.8(03),12.0,0,0,0,4,14,26,19,-5.2(31),191,88,1,4,296,132.7,19,1,8,10,5.6,3,6.8,10.8,0,952.9(27),16,7,21/20.3(27),0,8.5,8.2,9.3
1999-13,1505,73.4(18/sep),149,79,3,96,5.1,984.1(03/feb),1018.8,966.3,6.5,32.2(10/sep),16.2,6,4,23,46,193,40,183,-5.4(11/ene),188,115,4,62,6731,1233.3,195,11,8,50,5.0,11,11.7,17.0,2,938.3(20/oct),135,20,21/20.3(27/dic),0,14.0,13.7,
1999-1,1505,29.4(16),13,79,0,9,2.5,978.9(28),1021.6,968.1,2.2,19.2(06),9.8,0,0,3,4,15,27,15,-5.4(11),209,82,0,4,505,87.9,17,0,9,10,5.6,2,6.7,11.2,0,952.1(01),9,1,19/16.4(16),0,7.6,7.3,
1999-2,1505,11.1(09),10,82,0,8,4.3,984.1(03),1027.6,973.5,0.5,18.2(26),8.4,0,0,3,3,15,41,15,-5.0(15),143,80,0,6,295,51.3,16,0,7,16,6.4,2,5.9,11.3,0,956.7(09),9,0,23/12.5(24),0,7.5,7.1,
1999-3,1505,20.5(07),13,78,2,3,5.0,977.8(01),1015.4,962.4,3.0,22.0(31),8.8,0,0,4,5,14,42,18,-4.0(01),232,88,0,3,610,131.7,16,2,10,3,7.4,2,8.5,14.0,0,947.9(10),14,2,19/20.0(08),0,9.7,9.5,9.8
1999-4,1505,31.0(20),13,76,0,7,5.5,979.9(07),1018.4,965.7,4.7,27.6(05),9.0,0,0,1,6,16,41,19,-1.4(15),225,98,1,6,609,145.7,18,0,11,3,8.0,2,10.3,15.9,0,951.0(16),15,3,19/17.8(20),0,12.1,12.0,11.8
1999-5,1505,20.2(13),18,76,0,7,5.3,977.0(21),1015.3,963.4,8.4,29.0(26),14.8,0,2,1,3,12,36,18,2.4(22),196,125,0,2,670,96.8,19,2,9,0,10.8,0,13.7,19.0,0,953.7(17),12,3,20/16.1(06),0,15.3,15.2,14.5
1999-6,1505,26.1(01),10,75,1,8,7.6,974.6(17),1019.9,968.1,10.1,30.4(24),14.6,1,0,3,2,17,50,8,2.2(08),230,137,0,5,834,51.1,11,2,10,0,13.4,0,15.3,20.5,0,960.2(01),5,0,03/14.4(21),0,18.8,18.6,17.7
1999-7,1505,9.3(04),6,73,0,10,8.3,973.4(07),1016.4,965.5,12.7,31.6(09),16.2,4,1,4,0,21,55,6,8.2(14),187,168,0,7,874,17.2,7,1,9,0,19.6,0,19.0,25.3,0,959.7(26),4,0,02/14.2(10),0,22.1,21.9,20.9
1999-8,1505,19.7(05),5,71,0,11,8.1,970.6(10),1014.0,963.1,12.0,29.4(23),16.2,0,1,1,2,25,59,13,8.4(20),154,157,0,6,830,63.9,14,0,7,0,19.8,0,18.6,25.1,1,948.5(07),8,0,19/14.2(08),0,21.7,21.4,20.8
1999-9,1505,73.4(18),12,79,0,10,5.0,970.1(09),1013.0,961.7,11.1,32.2(10),15.6,1,0,1,7,17,40,18,2.6(14),187,148,1,9,560,197.4,20,3,8,0,14.6,0,16.4,21.7,0,940.5(19),14,3,17/17.5(21),0,19.0,18.7,19.0
2000-10,1505,33.9(30),17,86,0,12,3.4,974.6(07),1019.3,966.7,6.4,23.0(03),10.8,0,0,1,6,13,31,19,1.0(21),138,119,1,9,297,142.5,19,0,6,0,10.6,0,11.5,16.6,1,946.5(11),14,1,27/20.6(11),0,14.5,14.3,15.1
2000-11,1505,35.2(06),,89,2,4,1.6,974.3(17),1013.4,960.5,4.9,20.2(28),11.5,0,0,,12,,17,28,-3.6(11),211,101,1,3,338,287.5,26,4,9,4,7.6,0,8.4,11.9,0,944.3(05),26,4,22/19.7(05),0,,,
2000-12,1505,47.0(06),,84,5,0,1.2,974.9(13),1009.7,957.1,6.4,16.6(04),11.6,0,0,,15,,13,27,1.1(27),,98,2,0,513,353.2,22,2,12,0,7.5,0,9.2,11.9,0,933.8(07),25,,,,,,
2000-13,1505,47.0(06/dic),,79,10,111,4.8,982.1(03/feb),1018.1,965.7,6.2,35.0(17/jun),15.8,13,0,,49,,38,189,-6.9(26/ene),,114,5,79,6244,1340.7,198,21,8,42,4.4,4,11.8,17.4,6,930.2(02/abr),147,,,,,,
2000-1,1505,27.8(13),,79,0,6,4.8,981.3(10),1026.9,972.5,-1.9,18.2(31),6.4,0,0,,2,,51,7,-6.9(26),137,66,0,3,324,47.5,5,0,6,24,4.4,2,4.1,10.1,0,953.7(14),4,0,03/14.2(22),0,5.2,4.8,
2000-2,1505,8.7(08),,84,0,9,2.7,982.1(03),1029.7,976.1,3.3,20.5(24),9.2,0,0,,0,,25,15,-2.6(04),139,100,0,9,280,35.4,21,0,7,4,9.0,0,8.6,13.8,0,968.1(01),9,0,16/12.2(08),0,8.7,8.5,
2000-3,1505,9.3(24),,76,2,17,6.1,979.4(15),1022.8,969.5,1.6,23.8(09),7.8,0,0,,0,,51,10,-3.6(30),157,88,0,12,497,33.9,7,0,7,8,9.2,1,8.7,15.7,0,957.0(23),7,0,02/13.6(19),0,10.3,10.0,
2000-4,1505,36.8(13),,83,1,3,2.3,967.3(23),1008.1,955.5,4.7,20.0(30),11.0,0,0,,5,,17,27,-3.8(06),220,96,1,3,400,199.0,26,0,9,2,7.6,1,8.9,13.0,0,930.2(02),26,3,20/16.4(19),0,10.3,10.1,
2000-5,1505,21.3(03),16,77,0,15,5.6,971.8(30),1016.1,964.3,7.6,28.0(14),14.0,0,0,0,3,15,38,18,3.2(18),,127,0,11,520,91.7,21,9,7,0,14.6,0,13.7,19.8,0,956.2(04),12,,,,15.6,15.4,
2000-6,1505,4.1(08),6,68,0,8,8.4,977.4(12),1019.7,968.3,9.1,35.0(17),14.4,4,0,8,0,16,55,7,2.8(10),155,137,0,4,905,10.5,9,2,7,0,13.2,0,16.7,24.3,0,957.8(08),4,0,27/14.7(30),0,,,
2000-7,1505,13.8(23),7,73,0,7,7.2,974.2(14),1016.5,965.2,11.9,34.6(21),15.8,2,0,0,1,24,48,12,5.9(12),172,151,0,5,740,47.5,14,2,8,0,18.0,0,17.7,23.5,0,956.2(24),8,0,22/12.8(02),0,20.6,20.3,19.4
2000-8,1505,14.7(22),3,70,0,12,8.1,976.2(04),1018.6,967.3,10.6,35.0(09),15.2,4,0,4,1,24,58,9,6.9(28),131,147,0,10,808,30.3,13,2,7,0,20.5,0,17.7,24.8,0,957.7(22),5,1,16/18.3(22),0,21.2,20.7,20.3
2000-9,1505,15.8(28),8,74,0,18,6.0,972.1(05),1016.2,964.8,9.6,34.5(09),15.6,3,0,2,4,20,48,10,4.6(25),122,141,0,10,622,61.7,15,0,6,0,13.8,0,16.6,23.6,5,951.1(19),7,0,20/13.1(23),0,19.7,19.3,19.4
2001-10,1505,35.4(21),,82,0,6,,979.0(31),1016.1,964.3,9.4,25.0(11),17.8,0,,,7,,,19,3.4(26),174,135,1,,,170.6,20,1,7,0,13.5,0,14.4,19.4,,947.0(20),17,1,19/16.4(07),0,,,
2001-11,1505,,,,,,,,,,,,,,,,,,,,,,,,,,,,,,,,,,,,,,,,,,,
2001-12,1505,,,,,,,,,,,,,,,,,,,,,,,,,,,,,,,,,,,,,,,,,,,
2001-13,1505,,,,,,,,,,,,,,,,,,,,,,,,,,,,,,,,,,,,,,,,,,,
2001-1,1505,33.9(04),,88,0,2,1.2,976.3(31),1014.1,961.0,4.2,14.7(05),9.3,0,0,,9,,13,29,-1.0(15),,94,1,2,336,247.3,29,1,9,2,6.8,0,7.4,10.6,0,944.1(01),27,,,,,,
2001-2,1505,32.3(07),,80,0,8,4.9,981.7(10),1021.9,968.4,2.1,20.4(12),7.8,0,0,,4,,46,12,-5.4(26),181,84,1,7,323,102.1,11,1,8,9,6.4,2,7.4,12.8,0,943.7(07),10,3,19/18.9(05),0,,,
2001-3,1505,39.0(20),,82,2,2,,971.9(31),1009.0,956.8,6.9,20.0(15),12.4,0,0,,12,,,29,1.0(14),248,108,2,2,401,305.2,28,0,11,0,7.6,0,10.6,14.2,0,928.5(02),25,4,19/18.6(06),0,,,
2001-4,1505,9.9(29),,75,1,5,5.8,978.5(08),1020.2,967.3,3.7,24.2(01),10.4,0,0,,0,,43,18,-0.4(20),194,95,0,3,520,66.2,17,1,9,2,10.0,0,9.5,15.2,1,954.3(22),15,2,22/16.9(24),0,,,
2001-5,1505,22.4(01),12,74,0,15,6.8,972.7(28),1016.8,964.8,6.8,34.0(29),13.4,3,0,5,2,14,46,13,-1.0(07),,118,0,13,625,83.0,13,2,7,2,9.0,0,13.3,19.7,0,951.7(14),10,,,,15.2,14.9,14.0
2001-6,1505,13.1(09),5,69,0,6,7.9,975.7(17),1019.0,967.5,9.7,34.6(20),13.8,4,0,4,1,21,51,5,2.2(11),140,136,0,5,737,20.7,7,0,6,0,15.3,0,16.6,23.5,0,959.1(09),3,0,01/12.8(01),0,20.2,19.6,18.6
2001-7,1505,36.7(04),10,76,0,8,6.5,973.1(01),1017.8,966.5,11.3,35.1(02),18.2,1,0,0,3,21,43,10,5.0(20),143,156,1,6,591,89.4,12,3,6,0,17.7,0,17.1,22.9,0,954.7(05),9,0,21/12.5(17),0,20.7,20.1,19.5
2001-8,1505,24.9(26),7,75,1,18,7.4,975.0(05),1017.7,966.6,11.8,32.8(25),17.4,2,0,2,3,22,53,10,5.6(05),115,165,0,11,653,69.4,12,6,6,0,20.4,0,18.6,25.5,3,958.5(19),7,0,19/13.1(19),0,21.5,20.8,20.3
2001-9,1505,62.8(22),,78,0,9,8.0,971.9(07),1016.9,965.2,8.6,25.2(12),16.0,0,0,,1,,63,7,3.6(19),160,139,1,5,481,79.6,9,1,7,0,15.9,0,15.0,21.3,0,952.3(23),5,0,20/13.3(30),0,19.1,18.4,
2002-10,1505,46.4(13),,82,0,8,3.7,977.5(27),1015.2,963.3,8.4,24.6(06),14.6,0,0,,8,,33,20,-0.5(18),131,129,1,4,510,211.0,19,0,5,1,13.5,0,13.6,18.7,3,947.8(21),15,1,17/15.8(20),0,15.6,15.2,
2002-11,1505,33.1(21),20,87,0,3,1.5,981.4(07),1013.8,961.1,6.0,18.2(01),15.7,0,0,1,12,8,15,26,0.0(08),,106,1,3,276,271.6,26,1,7,2,8.0,0,9.4,12.7,0,932.2(13),23,,,,,,
2002-12,1505,30.3(25),19,85,0,5,1.6,975.4(01),1016.1,963.2,5.6,18.0(17),11.4,0,0,0,5,12,18,26,-3.3(08),175,100,1,0,382,163.2,28,2,7,3,5.5,0,9.0,12.3,1,940.3(27),17,3,21/17.8(14),0,9.8,9.5,
2002-13,1505,,,,,,,,,,,,,,,,,,,,,,,,,,,,,,,,,,,,,,,,,,,
2002-1,1505,,,,,,,,,,,,,,,,,,,,,,,,,,,,,,,,,,,,,,,,,,,
2002-2,1505,,,,,,,,,,,,,,,,,,,,,,,,,,,,,,,,,,,,,,,,,,,
2002-3,1505,,,,,,,,,,,,,,,,,,,,,,,,,,,,,,,,,,,,,,,,,,,
2002-4,1505,,,,,,,,,,,,,,,,,,,,,,,,,,,,,,,,,,,,,,,,,,,
2002-5,1505,,,,,,,,,,,,,,,,,,,,,,,,,,,,,,,,,,,,,,,,,,,
2002-6,1505,,,,,,,,,,,,,,,,,,,,,,,,,,,,,,,,,,,,,,,,,,,
2002-7,1505,,,,,,,,,,,,,,,,,,,,,,,,,,,,,,,,,,,,,,,,,,,
2002-8,1505,7.0(09),,75,0,11,,972.3(31),1018.1,966.7,10.7,33.1(14),14.7,1,,,0,,,7,3.5(01),,151,0,,418,14.8,9,0,5,0,16.5,0,17.2,23.5,,959.7(10),4,,,,,,
2002-9,1505,16.6(07),,77,0,11,,972.3(01),1015.4,964.0,9.5,28.6(14),14.0,0,,,2,,,15,1.6(27),66,145,0,,496,59.2,14,0,4,0,15.8,0,16.2,22.9,,953.3(18),11,0,12/10.8(30),0,,,
2003-10,1505,33.1(30),,86,1,7,3.2,975.7(07),1013.7,961.4,6.6,23.0(10),10.8,0,0,,5,,28,22,0.0(22),,118,1,4,270,177.7,20,1,3,1,9.3,0,11.1,15.6,1,928.9(31),17,,,,,,
2003-11,1505,43.5(14),8,86,0,5,2.9,976.6(17),1016.2,963.4,4.7,22.3(06),12.1,0,0,6,8,13,29,22,-1.3(19),111,105,1,3,300,198.5,22,1,4,2,9.4,0,9.4,13.9,0,943.0(01),16,0,01/13.6(16),0,,,
2003-12,1505,42.1(02),,86,0,4,2.1,983.9(22),1021.0,967.5,2.9,16.4(13),10.0,0,0,,4,,23,20,-3.0(23),107,91,1,3,261,133.4,20,0,4,7,6.1,0,6.9,10.8,0,950.6(27),15,1,22/16.7(27),0,7.9,7.4,
2003-13,1505,43.5(14/nov),,78,1,79,,987.7(26/ene),1018.0,965.7,6.6,39.1(12/ago),17.5,26,0,,37,,,180,-7.3(14/ene),,119,5,52,6109,1111.0,182,10,5,43,4.4,6,12.4,18.1,6,928.9(31/oct),126,,,,,,
2003-1,1505,32.3(05),17,88,0,4,2.5,987.7(26),1023.3,969.3,1.3,19.2(27),11.2,0,0,3,7,11,27,22,-7.3(14),142,82,2,3,237,210.8,16,0,6,13,4.4,6,5.4,9.5,0,943.4(21),19,4,21/16.9(01),0,7.4,7.0,
2003-2,1505,14.7(28),17,83,0,9,2.7,978.6(01),1019.4,965.8,1.6,14.5(23),9.1,0,0,1,3,10,25,20,-5.8(17),116,83,0,5,252,75.5,19,0,5,10,6.4,0,6.2,10.9,1,948.6(19),13,0,22/13.6(28),0,7.7,7.4,
2003-3,1505,12.6(29),19,74,0,9,4.5,975.7(20),1019.5,966.7,3.9,22.0(16),9.4,0,0,4,4,8,38,10,-2.8(19),96,96,0,6,545,57.2,12,2,5,7,11.4,0,10.5,17.1,1,952.9(27),7,0,18/12.8(02),0,,,
2003-4,1505,20.8(18),16,73,0,4,5.2,974.7(02),1013.4,961.0,5.3,21.8(16),12.0,0,0,3,2,11,39,20,-1.5(05),161,99,0,3,632,86.9,20,4,7,3,10.9,0,11.2,17.0,0,945.4(13),14,2,18/17.5(13),0,12.9,12.5,12.4
2003-5,1505,8.9(01),6,70,0,4,8.0,978.5(20),1020.4,968.3,5.8,30.9(29),14.0,2,0,3,0,22,54,12,0.7(26),114,115,0,4,679,30.5,13,0,6,0,11.8,0,13.3,20.6,0,959.9(29),6,0,22/13.3(04),0,16.2,15.6,15.0
2003-6,1505,19.2(29),13,74,0,7,6.4,972.7(18),1015.7,964.6,11.2,36.1(21),15.4,3,0,2,1,15,42,7,5.2(05),107,155,0,3,668,40.7,11,0,5,0,14.1,0,17.8,24.3,1,953.4(29),6,0,18/12.5(30),0,20.9,20.3,19.3
2003-7,1505,28.7(15),13,75,0,10,6.8,975.4(28),1018.5,967.2,11.9,30.2(29),17.5,1,0,2,2,15,45,7,4.9(04),101,160,0,7,646,58.2,10,1,5,0,18.5,0,17.8,23.6,1,957.1(15),2,0,09/12.8(11),0,21.1,21.0,
2003-8,1505,6.0(28),5,68,0,9,7.7,971.5(12),1016.1,965.7,13.7,39.1(12),17.5,14,0,3,0,22,55,10,8.0(31),79,177,0,6,934,20.4,11,1,3,0,19.6,0,21.5,29.1,1,950.6(28),6,0,14/12.5(28),0,,,
2003-9,1505,11.0(08),1,71,0,7,,975.5(11),1019.2,967.8,9.8,32.5(13),14.9,6,0,16,1,13,,8,5.8(10),78,142,0,5,685,21.2,8,0,4,0,18.2,0,17.2,24.5,0,946.6(30),5,0,22/11.9(20),0,,,
2004-10,1505,37.6(30),,82,0,0,,973.0(02),1011.9,959.9,8.5,26.0(03),12.6,0,0,,6,,,24,2.9(26),254,120,1,0,550,212.9,25,1,11,0,12.4,0,12.6,16.7,0,939.9(27),22,10,19/25.3(09),1,,,
2004-11,1505,17.9(30),,87,0,9,3.7,979.0(16),1024.5,970.8,2.7,16.4(01),9.8,0,0,,2,,38,12,-4.1(25),175,91,0,6,244,44.6,11,0,8,7,5.3,0,7.4,12.0,1,946.3(30),6,0,36/15.0(11),0,,,
2004-12,1505,19.3(26),,89,0,10,2.9,984.2(30),1024.6,970.5,0.9,16.0(14),9.2,0,0,,3,,32,14,-5.0(08),130,82,0,5,,83.5,14,0,6,12,4.0,1,5.3,9.8,0,942.3(01),12,1,06/17.5(05),0,,,
2004-13,1505,37.6(30/oct),,78,4,82,,984.2(30/dic),1019.5,967.0,6.1,35.8(31/jul),16.6,7,,,26,,,167,-7.8(02/mar),,114,1,,,822.9,167,9,8,68,4.0,4,11.7,17.2,,939.9(27/oct),116,,,,,,
2004-1,1505,24.1(13),,88,0,5,2.0,977.4(19),1021.2,967.8,3.9,14.9(31),11.7,0,0,,3,,21,22,-5.8(20),,97,0,4,248,97.8,23,0,6,9,7.5,0,7.6,11.4,0,954.1(26),17,,,,8.5,8.0,
2004-2,1505,7.7(27),,74,0,6,,979.5(04),1021.7,968.0,-0.1,20.8(05),8.1,0,,,0,,,8,-7.4(21),,74,0,,,21.2,6,0,5,21,4.1,3,6.3,12.6,,946.2(21),4,0,18/12.5(02),0,,,
2004-3,1505,10.7(11),,70,0,4,4.2,980.1(19),1022.6,969.2,2.1,23.2(16),8.5,0,0,,1,,35,21,-7.8(02),153,77,0,3,495,48.5,21,0,7,9,8.0,0,7.6,13.1,0,947.4(31),10,0,23/14.4(11),0,8.9,8.5,
2004-4,1505,10.2(18),,72,1,8,6.6,976.3(04),1016.7,963.9,2.8,25.0(25),10.8,0,0,,1,,49,15,-3.4(11),197,88,0,6,657,49.6,14,0,9,9,8.5,0,8.9,15.0,0,947.0(01),11,1,25/16.4(01),0,11.7,11.2,
2004-5,1505,12.3(25),,76,0,10,6.6,973.7(30),1017.0,964.9,6.4,29.9(18),11.6,0,0,,3,,45,15,-0.3(01),144,117,0,8,627,61.6,15,2,7,1,9.7,0,12.6,18.9,0,950.1(05),10,0,13/13.3(20),0,15.0,14.7,
2004-6,1505,16.9(20),,71,0,8,8.6,974.3(01),1019.3,968.1,11.7,31.4(05),15.1,3,0,,1,,56,6,7.3(15),151,160,0,7,847,36.5,8,0,7,0,18.8,0,18.7,25.6,0,959.9(22),4,1,25/17.2(22),0,21.5,21.1,
2004-7,1505,8.9(07),,72,1,7,,973.3(08),1018.8,967.6,11.3,35.8(31),16.0,3,,,0,,,8,5.2(12),175,157,0,,,15.9,9,1,8,0,15.0,0,18.1,24.9,,961.8(16),4,1,07/15.3(12),0,,,
2004-8,1505,19.6(08),,74,1,5,,974.1(26),1015.6,964.5,12.0,33.2(01),16.4,1,,,3,,,11,6.6(27),200,156,0,,791,85.0,12,2,10,0,19.2,0,18.0,24.0,,951.9(18),10,4,21/18.1(11),0,,,
2004-9,1505,23.5(05),,78,1,10,,975.5(21),1020.6,969.0,10.4,28.4(28),16.6,0,,,3,,,11,5.0(16),171,153,0,,564,65.8,9,3,8,0,17.8,0,16.7,22.9,,961.1(01),6,1,17/18.1(05),0,,,
2005-10,1505,18.8(11),,78,0,5,3.9,975.9(01),1015.5,963.5,8.2,28.2(07),16.2,0,,,6,,35,20,0.5(07),186,122,0,,627,146.8,20,0,8,0,12.9,0,14.0,19.7,,951.1(27),16,1,16/20.0(27),0,,,
2005-11,1505,26.5(08),,85,0,7,2.4,985.0(10),1019.4,966.2,4.3,17.8(02),13.8,0,,,4,,25,19,-0.5(30),149,95,0,,304,102.9,19,2,7,2,4.8,2,8.5,12.6,,950.7(26),14,2,14/16.1(08),0,,,
2005-12,1505,35.2(01),,88,0,8,3.6,979.9(09),1022.4,968.3,0.3,13.2(09),9.3,0,,,3,,40,16,-10.0(23),124,78,1,,164,121.9,18,0,5,15,0.5,0,4.8,9.3,,941.5(01),12,0,18/13.3(31),0,,,
2005-13,1505,35.2(01/dic),,76,1,80,5.6,986.9(06/ene),1019.8,967.3,5.9,35.3(30/ago),16.8,14,,,30,,45,148,-10.0(23/dic),191,112,1,,6055,824.3,167,15,9,62,0.5,12,11.9,17.7,,941.5(01/dic),108,21,16/20.0(27/oct),0,,,
2005-1,1505,14.4(12),,79,0,5,3.9,986.9(06),1030.0,975.9,1.4,15.7(14),9.3,0,0,,1,,42,13,-4.3(04),220,79,0,5,443,50.0,13,0,10,12,4.8,1,6.1,10.8,0,966.3(15),8,3,04/19.2(26),0,,,
2005-2,1505,8.5(21),,79,0,4,4.2,986.6(11),1024.0,969.8,-1.2,14.6(10),4.9,0,0,,0,,40,10,-6.0(25),207,67,0,2,219,30.4,7,0,9,18,3.7,6,4.1,9.3,0,949.3(22),7,3,06/18.3(28),0,,,
2005-3,1505,11.6(03),,72,0,6,5.6,976.9(17),1017.4,964.5,2.2,25.0(17),11.3,0,0,,4,,48,13,-8.2(02),225,87,0,4,706,72.0,11,1,11,12,4.5,3,8.9,15.5,0,949.5(21),12,6,22/18.9(21),0,,,
2005-4,1505,18.4(15),,75,1,1,4.8,979.7(10),1017.4,964.8,5.0,27.5(29),9.7,0,,,2,,36,18,-3.0(10),246,100,0,,533,91.5,20,2,11,3,7.9,0,10.7,16.2,,954.5(17),15,1,20/17.2(17),0,,,
2005-5,1505,27.3(15),,72,0,10,6.9,973.9(30),1017.7,965.7,7.0,31.2(26),11.8,1,,,4,,47,14,1.5(05),222,116,0,,513,100.7,17,3,10,0,11.0,0,13.3,19.4,,956.9(12),11,2,21/16.7(02),0,,,
2005-6,1505,12.5(13),,72,0,7,8.1,974.6(16),1017.2,966.1,11.8,34.1(22),16.0,4,,,2,,53,4,5.9(01),189,160,0,,627,24.0,8,3,9,0,17.8,0,18.4,24.9,,956.7(11),3,1,01/15.6(06),0,,,
2005-7,1505,12.8(27),,68,0,3,8.1,973.8(19),1017.9,966.9,12.2,34.0(13),16.8,5,,,1,,54,4,7.1(31),207,154,0,,790,19.2,11,1,10,0,19.8,0,18.9,25.6,,955.0(27),2,2,22/16.4(27),0,,,
2005-8,1505,19.2(09),,72,0,9,8.7,976.5(19),1018.8,967.6,11.7,35.3(30),16.8,1,,,1,,62,6,6.0(24),192,158,0,,656,30.0,10,3,10,0,19.9,0,18.5,25.3,,957.5(09),4,0,05/13.6(13),0,,,
2005-9,1505,15.5(09),,72,0,15,6.8,976.2(29),1019.8,968.1,8.4,32.2(02),12.9,3,,,2,,55,11,2.6(19),120,133,0,,473,34.9,13,0,7,0,15.8,0,16.0,23.6,,959.0(06),4,0,04/12.2(17),0,,,
2006-10,1505,41.6(06),,82,0,5,3.9,975.7(05),1012.2,960.6,9.9,25.6(29),14.0,0,,,7,,36,18,2.0(13),165,140,4,,482,250.9,20,3,7,0,15.0,0,15.0,20.0,,940.2(18),15,3,20/23.6(23),0,,,
2006-11,1505,54.3(18),,85,0,6,3.1,979.4(11),1018.3,965.7,7.2,21.4(06),11.9,0,,,7,,31,15,-1.3(30),,115,1,,293,193.4,16,0,7,2,7.6,0,11.3,15.4,,934.2(24),11,,,,,,
2006-12,1505,33.3(08),,84,0,4,2.7,981.9(10),1027.1,973.0,1.8,15.0(07),12.3,0,,,5,,30,16,-7.2(25),,84,1,,223,155.3,17,0,6,16,3.6,0,6.3,10.6,,946.5(07),13,,,,,,
2006-13,1505,54.3(18/nov),,76,0,74,5.4,981.9(10/dic),1017.8,965.6,7.0,37.7(05/sep),17.8,23,,,35,,43,155,-7.8(29/ene),,119,6,,,1157.5,159,14,8,60,2.0,8,12.8,18.7,,934.2(24/nov),111,,,,,,
2006-1,1505,9.5(28),,85,0,9,3.4,979.4(03),1022.8,968.7,0.0,12.8(25),7.0,0,,,0,,36,13,-7.8(29),,75,0,,121,36.8,11,0,3,16,2.0,2,4.8,9.6,,954.5(06),9,,,,,,
2006-2,1505,29.4(17),,80,0,8,5.2,974.5(06),1017.6,963.7,-1.1,17.4(13),5.7,0,,,5,,50,13,-6.1(23),192,69,0,,171,155.9,8,0,8,20,4.6,5,4.8,10.7,,942.2(19),10,3,20/18.9(18),0,,,
2006-3,1505,28.1(04),,78,0,5,2.8,976.6(07),1014.2,961.6,5.5,23.5(14),12.4,0,,,5,,24,25,-4.4(01),295,99,0,,,152.6,24,1,13,4,8.5,1,10.3,14.9,,942.5(04),19,9,22/25.3(26),1,,,
2006-4,1505,23.1(14),,74,0,4,6.8,971.3(02),1016.1,963.7,5.2,24.6(14),10.0,0,,,1,,50,10,-3.4(11),230,102,0,,581,59.0,10,0,11,2,11.5,0,11.3,17.4,,952.4(05),8,0,04/14.7(28),0,,,
2006-5,1505,5.9(22),,68,0,6,7.3,977.0(25),1018.0,966.1,7.5,27.5(16),12.5,0,,,0,,50,7,2.2(23),203,119,0,,842,17.0,9,1,10,0,14.5,0,14.4,21.3,,953.7(21),4,3,18/18.9(30),0,,,
2006-6,1505,5.4(12),,69,0,4,7.5,973.0(02),1017.3,966.1,10.4,33.4(07),15.2,5,,,0,,49,5,2.0(01),177,148,0,,727,7.8,7,5,9,0,17.0,0,17.8,25.1,,960.1(09),2,0,01/14.2(01),0,,,
2006-7,1505,3.0(17),,69,0,5,6.8,973.8(11),1018.4,967.6,13.4,37.4(17),17.8,10,,,0,,45,11,7.5(06),163,172,0,,914,12.3,11,3,8,0,21.4,0,20.7,28.0,,961.6(29),5,0,01/12.8(11),0,,,
2006-8,1505,16.7(18),,69,0,7,9.2,975.2(20),1017.3,966.3,11.8,35.1(31),15.4,2,,,2,,66,8,7.1(15),198,154,0,,926,38.7,10,1,10,0,16.8,0,18.7,25.6,,950.6(17),5,0,04/13.9(12),0,,,
2006-9,1505,24.9(23),,72,0,11,5.9,973.5(04),1014.7,963.7,12.1,37.7(05),17.0,6,,,3,,47,14,4.0(16),120,153,0,,682,77.8,16,0,5,0,16.3,0,18.7,25.3,,943.2(21),10,2,21/20.6(21),0,,,
2007-10,1505,13.8(23),,79,0,8,5.4,976.7(09),1021.4,969.0,6.4,24.7(14),12.5,0,,,1,,49,9,0.8(27),140,121,0,,444,19.4,10,0,7,0,13.8,0,13.3,20.1,,961.5(24),4,0,03/10.8(31),0,,,
2007-11,1505,25.7(18),,83,0,13,5.4,978.8(06),1022.5,968.9,1.4,18.9(02),7.1,0,0,,4,,55,9,-7.3(17),159,87,0,10,289,72.8,10,0,7,10,8.0,0,7.5,13.6,0,946.4(20),7,0,18/12.2(21),0,11.0,10.3,
2007-12,1505,11.4(25),,84,0,15,3.6,980.0(06),1026.5,972.3,0.3,16.1(04),9.5,0,0,,1,,40,10,-8.4(17),162,78,0,10,270,29.1,12,0,7,14,2.6,0,5.4,10.4,0,961.7(18),7,1,19/15.6(05),0,8.2,7.7,
2007-13,1505,25.7(18/nov),,77,8,75,5.5,988.5(02/ene),1020.3,967.7,5.9,35.6(04/ago),17.2,7,,,25,,44,158,-8.4(17/dic),175,112,0,,6948,734.4,164,22,8,45,2.6,5,11.8,17.7,,945.5(16/feb),115,21,27/20.8(10/feb),0,,,
2007-1,1505,16.9(22),,84,0,5,2.2,988.5(02),1027.9,974.0,3.5,15.6(05),11.2,0,,,2,,24,17,-3.1(28),131,88,0,,399,82.7,16,1,5,10,4.1,4,7.0,10.5,,959.6(25),15,0,20/14.2(17),0,,,
2007-2,1505,21.0(23),,78,2,1,2.8,977.5(26),1017.1,964.0,4.1,18.0(16),12.0,0,,,5,,27,20,-2.5(01),221,89,0,,461,143.7,21,1,8,5,7.8,0,8.4,12.5,,945.5(16),17,5,27/20.8(10),0,,,
2007-3,1505,15.1(04),,78,2,2,4.4,984.3(09),1022.5,969.2,3.2,21.8(11),12.2,0,,,2,,37,19,-1.2(10),164,87,0,,512,88.1,17,0,8,3,7.8,1,8.5,13.7,,957.6(04),15,7,18/20.3(04),0,,,
2007-4,1505,13.0(29),,75,2,7,6.1,971.2(16),1017.5,965.0,5.3,27.5(23),10.8,0,,,2,,46,12,-0.5(01),107,104,0,,577,56.7,12,6,6,3,10.8,0,12.1,18.7,,957.4(01),10,0,05/12.8(01),0,,,
2007-5,1505,17.6(13),,73,1,2,5.5,977.9(07),1017.4,965.3,7.5,28.7(09),12.4,0,,,1,,38,15,1.8(15),220,117,0,,683,53.8,16,5,10,0,9.4,0,13.2,18.9,,951.6(02),11,1,24/17.8(13),0,,,
2007-6,1505,17.8(09),,72,1,3,6.4,974.4(01),1015.3,963.8,9.5,30.1(07),13.7,1,,,4,,42,16,5.4(27),221,134,0,,812,98.1,16,3,11,0,17.5,0,15.9,22.1,,951.6(14),13,6,20/20.0(14),0,,,
2007-7,1505,20.7(15),,71,0,9,7.8,975.0(09),1018.4,967.1,10.8,32.0(31),17.2,2,,,2,,52,11,5.6(09),191,148,0,,954,48.7,12,0,9,0,17.6,0,17.5,24.1,,953.4(23),7,0,18/13.1(22),0,,,
2007-8,1505,9.1(26),,73,0,6,7.4,972.5(16),1017.7,966.4,10.2,35.6(04),15.8,4,,,0,,53,16,4.0(17),196,150,0,,817,24.9,18,4,10,0,18.4,0,17.1,23.9,,958.2(15),7,1,23/15.8(15),0,,,
2007-9,1505,10.0(30),,74,0,4,8.5,973.8(24),1019.4,967.7,8.4,29.0(20),15.1,0,,,1,,68,4,1.0(28),190,136,0,,730,16.4,4,2,9,0,16.8,0,15.9,23.3,,956.7(28),2,0,04/12.8(18),0,,,
2008-10,1505,20.2(31),,77,0,4,5.4,977.5(25),1020.2,967.7,5.8,26.0(10),14.1,0,,,5,,48,11,-1.4(04),,113,0,,456,98.7,13,0,7,3,9.9,0,12.3,18.8,,944.4(31),8,,,,,,
2008-11,1505,30.0(01),,88,0,7,2.4,979.5(17),1020.7,967.3,4.0,16.3(10),11.0,0,,,6,,24,19,-4.2(27),179,95,1,,198,189.4,23,0,7,4,3.4,2,7.7,11.4,,939.5(29),17,0,02/14.2(25),0,,,
2008-12,1505,26.9(13),,87,2,6,3.0,982.1(20),1020.4,966.6,1.9,15.5(30),10.5,0,,,6,,33,19,-6.6(25),175,82,0,,,150.8,17,1,8,12,4.1,2,5.8,9.8,,948.2(14),16,0,21/15.0(12),0,,,
2008-13,1505,45.8(08/abr),,77,5,67,,983.3(27/ene),1018.5,966.0,6.3,31.8(03/ago),16.9,5,,,46,,,174,-6.6(25/dic),,112,3,,,1222.3,196,6,,50,3.4,4,12.0,17.7,,929.7(18/abr),143,,,,,,
2008-1,1505,25.7(13),,84,0,13,3.4,983.3(27),1023.2,969.6,2.6,17.7(20),11.9,0,0,,5,,35,17,-3.0(31),253,88,0,10,375,134.7,19,1,11,10,8.0,0,7.6,12.5,0,938.3(03),13,6,27/23.3(15),0,8.3,7.8,
2008-2,1505,17.4(03),,74,0,10,5.4,980.0(06),1023.0,969.8,2.3,20.0(07),9.3,0,0,,2,,51,8,-5.0(14),171,88,0,7,442,45.5,11,0,7,12,9.7,0,9.3,16.3,0,946.2(03),6,1,23/16.7(03),0,8.8,8.4,
2008-3,1505,16.7(22),,75,2,5,4.4,981.5(05),1019.6,966.3,3.2,21.8(14),8.1,0,0,,3,,37,20,-5.0(07),257,84,0,4,590,86.6,20,0,12,7,8.0,0,8.4,13.6,0,950.3(10),18,5,26/18.1(15),0,10.5,10.0,
2008-4,1505,45.8(08),,75,1,5,5.5,978.7(01),1012.8,960.4,4.7,29.2(25),9.7,0,,,9,,41,19,-0.8(07),233,96,2,,530,185.8,19,0,11,2,6.9,0,10.6,16.5,,929.7(18),16,2,20/19.2(18),0,,,
2008-5,1505,21.8(23),,77,0,4,3.7,970.8(04),1011.8,960.0,8.3,26.8(03),11.3,0,,,5,,25,23,2.5(02),184,120,0,,551,166.7,24,1,9,0,12.5,0,13.5,18.6,,952.4(26),21,0,20/13.3(29),0,,,
2008-6,1505,26.3(15),,70,0,0,7.5,973.2(27),1018.8,967.4,10.0,29.9(21),16.3,0,,,1,,49,10,4.5(07),201,141,0,,,34.7,10,0,10,0,16.8,0,16.3,22.5,,954.7(16),5,0,06/13.1(09),0,,,
2008-7,1505,7.8(10),,68,0,3,7.4,974.5(15),1017.4,966.2,11.6,29.8(22),16.8,0,,,0,,49,9,4.7(08),225,145,0,,880,18.9,15,0,11,0,18.3,0,17.9,24.1,,961.1(25),7,0,21/15.0(31),0,,,
2008-8,1505,22.0(15),,69,0,5,,972.4(02),1016.9,965.8,12.1,31.8(03),16.9,5,,,2,,,9,5.5(20),,151,0,,751,47.2,13,3,,0,19.4,0,18.7,25.4,,953.2(11),7,,,,,,
2008-9,1505,19.9(03),,75,0,5,7.0,972.0(12),1016.8,965.1,8.9,28.2(20),13.8,0,,,2,,57,10,3.2(27),173,135,0,,537,63.3,12,0,8,0,17.0,0,15.6,22.3,,948.1(05),9,2,20/17.8(05),0,,,
2009-10,1505,38.1(05),,79,0,6,5.3,974.9(31),1016.8,965.1,9.9,25.7(28),16.4,0,,,3,,48,15,-0.1(17),165,139,1,,442,126.5,17,0,7,1,12.9,0,15.4,20.9,,943.0(21),10,0,15/13.3(20),0,,,
2009-11,1505,39.9(15),,83,1,1,2.2,978.1(23),1017.1,964.4,7.3,18.2(01),12.1,0,,,10,,23,24,-0.3(18),250,108,1,,520,224.1,23,1,11,1,7.8,0,10.5,13.7,,950.4(13),19,6,22/19.7(13),0,,,
2009-12,1505,39.1(05),,85,0,4,2.4,974.8(09),1010.3,957.1,2.4,16.2(09),9.9,0,,,10,,27,23,-8.0(20),182,86,2,,288,250.8,18,0,8,10,4.3,7,6.2,10.0,,923.0(24),17,4,19/17.2(30),0,,,
2009-13,1505,45.0(22/jul),,76,,,,979.7(22/feb),1017.1,964.8,6.6,34.3(08/sep),16.7,11,,,41,,,170,-8.0(20/dic),,115,5,,,1208.6,,,9,43,2.8,,12.3,17.9,,923.0(24/dic),133,,,,,,
2009-1,1505,28.3(25),,81,1,3,2.6,977.9(11),1016.1,962.6,2.3,14.8(01),11.1,0,,,5,,27,26,-6.4(11),255,81,0,,312,169.7,22,0,10,8,2.8,3,6.1,9.7,,941.1(23),22,6,24/30.8(23),1,,,
2009-2,1505,16.8(04),,79,,,,979.7(22),1018.4,965.0,0.9,21.4(27),5.0,0,,,1,,,12,-2.8(17),,79,0,,306,56.5,,,9,11,5.6,,6.9,12.9,,933.3(01),10,,,,,,
2009-3,1505,19.3(04),,70,3,8,7.5,973.7(22),1019.4,966.3,1.3,26.0(17),8.6,0,,,1,,62,9,-3.1(31),180,80,0,,741,52.5,6,0,9,9,8.2,0,9.2,17.1,,947.1(04),7,2,32/16.1(05),0,,,
2009-4,1505,17.5(09),,74,7,5,5.3,975.7(21),1016.5,963.7,3.5,26.6(23),8.8,0,,,2,,40,20,-2.4(01),199,88,0,,609,78.3,14,3,10,3,10.7,0,9.4,15.3,,951.0(15),16,0,20/14.2(09),0,,,
2009-5,1505,19.4(23),,73,0,5,7.1,977.2(26),1018.5,966.4,6.9,31.2(29),11.8,2,,,4,,48,11,0.3(01),193,116,0,,783,85.9,13,2,9,0,12.4,0,13.3,19.7,,954.8(10),11,0,04/13.3(03),0,,,
2009-6,1505,16.6(09),,75,0,10,5.2,972.3(20),1016.1,964.8,11.9,29.6(30),16.2,0,,,3,,34,12,7.8(22),199,151,0,,639,80.3,14,0,9,0,14.8,0,17.3,22.6,,951.0(08),10,2,24/16.1(08),0,,,
2009-7,1505,45.0(22),,68,0,5,7.0,977.8(17),1018.5,967.3,11.2,30.8(20),15.9,1,,,1,,46,6,4.8(18),191,145,1,,,53.2,11,0,10,0,18.2,0,17.6,24.0,,952.8(22),3,0,23/13.3(14),0,,,
2009-8,1505,10.7(24),,72,0,4,7.5,973.9(20),1017.9,966.9,12.2,34.1(15),16.7,6,,,1,,54,7,7.1(10),166,160,0,,,22.9,8,1,8,0,16.7,0,18.8,25.3,,960.5(31),4,0,02/13.6(28),0,,,
2009-9,1505,2.5(17),,74,0,8,8.2,975.4(20),1019.4,967.8,9.8,34.3(08),16.6,2,,,0,,66,5,3.0(21),173,142,0,,618,7.9,6,0,8,0,15.9,0,17.0,24.1,,959.6(17),4,0,22/11.9(02),0,,,
2010-10,1505,32.3(03),,79,0,9,5.5,975.1(26),1013.2,961.1,7.1,22.9(07),14.8,0,,,7,,50,15,-0.1(19),193,117,2,,501,184.7,16,1,9,2,12.3,0,12.8,18.4,,936.8(03),10,4,19/18.6(03),0,,,
2010-11,1505,29.0(13),,86,1,8,2.6,978.8(04),1013.9,960.9,4.5,19.7(04),12.0,0,,,6,,27,22,-5.1(29),197,97,0,,248,173.5,20,2,8,6,5.1,2,8.3,12.0,,937.7(09),17,2,19/17.5(13),0,,,
2010-12,1505,32.3(07),,84,1,4,2.8,978.7(15),1012.9,959.5,1.5,15.9(11),10.7,0,,,4,,31,20,-6.3(26),164,81,1,,242,136.2,15,0,7,15,3.1,4,5.7,9.8,,939.1(22),13,1,15/15.3(27),0,,,
2010-13,1505,73.8(09/jun),,76,12,66,5.4,978.8(04/nov),1015.2,963.0,6.4,35.8(21/ago),17.4,14,,,35,,43,187,-9.2(10/ene),191,113,9,,,1303.9,179,12,9,61,1.0,10,12.0,17.6,,922.0(27/feb),136,21,30/27.8(14/ene),1,,,
2010-1,1505,31.3(13),,85,2,3,2.0,976.3(24),1016.2,962.7,2.3,16.1(18),9.8,0,,,3,,21,27,-9.2(10),198,83,1,,328,142.5,22,0,9,12,1.0,4,5.9,9.5,,936.0(14),22,1,30/27.8(14),1,,,
2010-2,1505,56.4(24),,76,1,3,3.8,971.0(01),1006.5,953.5,1.6,15.8(27),7.6,0,,,4,,36,19,-5.4(14),240,74,2,,499,194.1,18,0,11,12,6.4,0,6.1,10.6,,922.0(27),16,6,26/24.7(25),0,,,
2010-3,1505,26.0(25),,70,4,2,5.2,978.3(14),1016.4,963.3,2.4,21.2(17),11.2,0,,,3,,44,17,-4.2(15),217,78,0,,770,119.7,13,0,10,11,8.2,0,8.2,13.9,,945.2(25),15,4,22/19.7(25),0,,,
2010-4,1505,16.9(17),,71,1,8,6.8,975.3(04),1016.7,964.4,5.5,28.9(28),11.0,0,,,1,,51,16,-1.0(05),162,104,0,,735,77.2,17,5,8,1,10.0,0,12.3,19.2,,953.6(15),14,1,23/16.4(02),0,,,
2010-5,1505,13.9(08),,72,1,6,5.9,975.7(18),1016.9,964.9,6.8,30.8(22),12.5,1,,,2,,40,18,-0.4(06),180,116,0,,586,65.0,17,0,9,2,11.4,0,12.9,19.0,,944.8(09),12,2,21/16.4(09),0,,,
2010-6,1505,73.8(09),,76,0,7,6.8,970.6(29),1016.4,965.0,10.3,30.3(30),15.4,1,,,4,,44,12,4.9(21),179,147,3,,526,163.8,12,2,9,0,13.5,0,16.2,22.0,,947.1(09),7,0,03/12.5(20),0,,,
2010-7,1505,12.0(08),,73,1,2,8.1,974.3(23),1018.7,967.7,13.4,32.3(08),17.4,3,,,1,,54,8,6.7(23),202,167,0,,,18.5,9,1,10,0,19.3,0,19.3,25.2,,960.1(14),4,0,24/13.6(14),0,,,
2010-8,1505,6.7(23),,68,0,1,8.8,971.6(21),1017.8,966.9,12.4,35.8(21),16.9,5,,,0,,63,4,6.9(15),196,158,0,,,7.9,11,0,10,0,20.7,0,19.6,26.8,,957.6(31),1,0,23/14.4(26),0,,,
2010-9,1505,8.3(29),,71,0,13,6.9,974.5(13),1016.9,965.5,9.5,33.7(14),15.7,4,,,0,,55,9,1.7(27),159,138,0,,681,20.8,9,1,8,0,18.1,0,17.2,24.8,,951.3(07),5,0,29/13.9(07),0,,,
2011-10,1505,67.7(26),,73,0,8,7.4,978.0(08),1019.7,967.6,6.3,30.6(02),12.7,3,,,4,,66,8,-0.6(21),,116,2,,683,144.3,9,1,5,1,12.2,0,14.5,22.6,,939.8(24),7,,,,,,
2011-11,1505,20.0(02),,83,1,7,2.5,981.6(25),1016.3,963.6,5.8,20.7(12),15.2,0,,,3,,25,19,-0.1(28),,105,0,,422,81.3,19,0,6,1,8.7,0,10.1,14.4,,941.3(03),14,,,,,,
2011-12,1505,27.0(01),,89,0,5,2.3,986.1(29),1028.6,974.7,3.1,14.1(16),10.6,0,,,3,,25,21,-5.2(27),163,93,0,,188,87.6,24,0,7,9,6.0,0,7.0,10.9,,960.9(16),13,3,26/23.1(16),0,,,
2011-13,1505,67.7(26/oct),,76,6,50,,986.1(29/dic),1019.2,966.9,7.1,36.4(26/jun),17.4,16,,,25,,,142,-5.2(27/dic),,119,6,,,903.3,158,20,8,34,5.6,0,13.0,18.9,,933.0(16/feb),100,,,,,,
2011-1,1505,55.3(06),,83,0,2,3.2,976.5(12),1018.9,965.5,3.4,14.9(17),11.0,0,,,3,,33,19,-4.6(26),191,89,1,,459,152.4,19,1,9,8,5.6,0,7.2,11.0,,946.6(27),15,2,22/16.1(06),0,,,
2011-2,1505,29.1(16),,78,3,5,4.5,983.8(04),1021.5,968.1,2.1,19.7(25),9.9,0,,,4,,43,13,-3.8(02),205,83,0,,580,100.1,11,2,9,8,7.1,0,7.6,13.1,,933.0(16),10,4,24/19.7(20),0,,,
2011-3,1505,13.1(26),,76,0,3,5.3,977.6(01),1019.2,966.1,3.5,24.1(31),10.4,0,,,2,,45,16,-2.5(06),179,89,0,,648,65.5,17,0,8,7,8.5,0,9.3,15.0,,947.1(14),12,1,25/15.3(26),0,,,
2011-4,1505,40.6(19),,72,2,7,7.6,977.8(11),1015.9,964.1,7.0,31.8(08),11.6,2,,,3,,57,7,1.1(15),157,118,1,,872,87.8,7,6,8,0,14.7,0,14.3,21.6,,948.4(30),6,0,21/13.1(01),0,,,
2011-5,1505,34.8(01),,79,0,3,6.3,976.3(31),1018.6,966.7,9.3,28.7(25),13.3,0,,,2,,43,6,3.1(15),201,138,1,,803,74.8,7,5,10,0,14.3,0,14.8,20.3,,948.5(01),6,1,20/16.9(07),0,,,
2011-6,1505,0.9(06),,69,0,3,7.8,976.4(01),1019.1,967.7,9.1,36.4(26),14.2,3,,,0,,51,5,4.8(19),183,141,0,,924,2.1,8,3,9,0,15.8,0,16.2,23.3,,956.8(06),0,0,02/13.9(29),0,,,
2011-7,1505,7.8(11),,72,0,1,,972.2(13),1017.7,966.4,11.6,31.6(02),15.4,1,,,0,,,10,8.3(23),,150,0,,,24.4,14,1,8,0,17.8,0,17.7,23.7,,959.2(02),6,,,,,,
2011-8,1505,8.2(14),,71,0,0,,974.0(09),1016.0,964.9,11.8,35.2(20),17.4,5,,,0,,,12,5.5(27),,155,0,,,37.2,14,1,5,0,18.7,0,18.9,26.0,,955.7(31),7,,,,,,
2011-9,1505,33.6(02),,72,0,6,6.1,975.5(06),1018.3,967.0,11.7,31.7(09),16.1,2,,,1,,49,6,4.6(19),127,150,1,,639,45.8,9,0,6,0,18.7,0,18.3,24.9,,954.7(01),4,0,24/11.4(10),0,,,
2012-10,1505,18.6(16),,78,0,4,5.0,971.4(01),1013.6,961.6,7.1,28.1(07),16.5,0,,,2,,45,19,-1.8(29),133,121,0,,440,88.5,19,1,6,2,11.9,0,12.9,18.5,,946.2(31),12,0,21/12.2(16),0,,,
2012-11,1505,12.9(17),,85,1,5,2.5,975.7(12),1016.1,963.1,3.6,20.2(15),9.2,0,,,2,,25,23,-1.8(14),137,94,0,,299,115.4,22,0,6,3,6.9,0,8.0,12.4,,945.4(01),20,1,21/16.7(24),0,,,
2012-12,1505,33.7(14),,84,0,3,1.5,979.6(27),1020.9,967.6,5.4,17.8(23),11.1,0,,,6,,16,22,-3.9(10),203,93,1,,525,167.4,23,0,8,6,3.4,0,8.3,11.1,,944.7(14),18,3,18/17.5(24),0,,,
2012-13,1505,33.7(14/dic),,75,3,60,,986.5(04/feb),1019.5,967.0,6.3,36.6(09/ago),17.0,20,,,23,,,161,-7.0(04/feb),151,111,2,,7536,781.8,176,12,7,56,3.4,1,12.2,18.0,,944.1(25/abr),116,16,16/20.8(25/abr),0,,,
2012-1,1505,13.5(01),,86,0,14,3.0,985.6(19),1029.5,975.3,1.4,14.5(25),8.4,0,,,1,,31,14,-4.2(28),103,85,0,,244,27.7,17,0,4,16,4.3,0,6.1,10.7,,962.8(15),8,1,23/18.3(01),0,,,
2012-2,1505,6.5(05),,75,0,3,5.5,986.5(04),1029.6,975.3,-0.6,20.5(29),7.6,0,,,0,,51,7,-7.0(04),110,72,0,,415,21.2,8,0,5,18,5.6,1,5.7,11.9,,964.1(01),5,0,06/14.2(08),0,,,
2012-3,1505,12.5(17),,65,0,11,8.3,981.9(19),1025.4,972.3,1.6,26.0(26),7.6,0,,,1,,69,8,-3.0(06),129,81,0,,831,17.8,9,1,6,9,10.3,0,10.4,19.1,,959.0(31),3,1,08/16.1(20),0,,,
2012-4,1505,33.1(18),,79,2,1,3.6,975.2(16),1012.1,959.4,3.9,22.5(09),8.4,0,,,5,,27,23,-1.8(08),201,89,1,,529,165.0,21,1,9,2,8.8,0,8.5,13.0,,944.1(25),19,5,16/20.8(25),0,,,
2012-5,1505,12.3(04),,71,0,4,6.5,976.1(12),1016.0,964.2,8.7,30.8(24),14.1,1,,,2,,44,13,2.8(20),179,123,0,,942,53.2,14,4,9,0,13.5,0,14.7,20.6,,952.7(04),11,2,24/20.3(08),0,,,
2012-6,1505,16.4(17),,70,0,1,6.9,973.6(22),1016.8,965.5,10.9,34.2(01),17.0,3,,,2,,45,12,4.4(22),186,141,0,,828,62.7,17,3,9,0,16.9,0,16.7,22.5,,951.2(07),10,3,24/16.9(15),0,,,
2012-7,1505,5.1(07),,71,0,3,,976.6(16),1018.7,967.5,11.2,35.2(17),15.4,5,,,0,,,8,4.9(01),130,151,0,,700,11.7,9,1,7,0,17.4,0,17.9,24.6,,960.1(07),3,0,26/14.4(25),0,,,
2012-8,1505,4.7(14),,63,0,5,8.1,978.1(30),1017.7,966.7,11.9,36.6(09),17.0,6,,,0,,59,7,7.3(31),157,142,0,,1031,13.2,10,0,8,0,20.2,0,19.2,26.5,,953.7(14),3,0,25/15.0(15),0,,,
2012-9,1505,17.1(23),,71,0,6,7.7,975.3(01),1017.0,965.7,9.9,34.8(07),14.6,5,,,2,,61,5,3.7(27),145,139,0,,752,38.0,7,1,7,0,13.9,0,17.4,24.8,,950.7(23),4,0,24/15.0(23),0,,,
2013-10,1505,36.3(21),,79,0,5,4.9,975.3(30),1016.5,964.6,10.1,24.2(01),16.0,0,,,5,,45,19,0.8(30),169,134,1,,562,175.3,19,3,8,0,14.5,0,14.8,19.6,,948.9(22),18,1,24/17.5(28),0,,,
2013-11,1505,27.8(01),,83,0,1,2.4,981.6(14),1024.2,970.9,5.5,18.4(06),14.0,0,,,5,,25,19,-2.9(29),143,101,0,,334,115.2,20,0,6,5,9.6,0,9.2,12.8,,959.5(04),13,0,04/13.1(15),0,,,
2013-12,1505,27.3(24),,80,4,7,3.2,980.8(14),1023.6,969.8,1.0,17.2(12),7.6,0,,,6,,35,15,-7.9(09),183,77,0,,718,139.5,11,0,8,13,3.1,0,6.2,11.2,,942.3(25),13,3,25/19.7(24),0,,,
2013-13,1505,68.1(18/ene),,77,12,40,,986.2(04/ene),1018.6,966.2,6.9,36.0(21/ago),18.3,18,,,48,,,185,-7.9(09/dic),,115,5,,7445,1320.2,179,13,7,43,3.1,5,12.3,17.6,,926.7(19/ene),143,,,,,,
2013-1,1505,68.1(18),,88,0,5,1.7,986.2(04),1021.4,967.8,3.3,14.6(31),11.3,0,,,8,,18,23,-2.8(07),173,89,1,,378,223.8,21,0,7,8,4.1,2,7.0,10.6,,926.7(19),20,0,19/14.2(29),0,,,
2013-2,1505,28.2(10),,83,3,3,2.9,980.6(03),1021.3,967.7,2.5,16.8(16),7.5,0,,,4,,28,21,-2.1(28),125,83,0,,308,124.9,18,2,5,7,4.6,1,6.6,10.6,,948.9(22),15,2,24/17.5(10),0,,,
2013-3,1505,32.5(11),,77,0,2,3.9,970.1(14),1005.9,953.5,4.8,19.2(31),10.5,0,,,10,,33,26,-3.5(02),206,89,1,,776,242.1,24,3,8,7,6.2,2,8.9,12.9,,936.0(07),21,1,21/15.6(22),0,,,
2013-4,1505,32.8(10),,73,3,1,6.1,977.2(19),1017.2,964.5,4.8,26.3(25),9.7,0,,,4,,45,17,-1.2(06),179,93,1,,719,129.6,14,2,9,2,8.2,0,10.2,15.7,,946.7(01),16,1,24/16.1(10),0,,,
2013-5,1505,21.2(17),,74,2,2,6.1,975.7(31),1018.9,966.3,4.7,24.9(05),12.8,0,,,2,,42,14,-0.1(11),137,99,0,,505,59.9,14,1,7,1,10.1,0,10.6,16.5,,946.3(17),12,0,25/14.2(07),0,,,
2013-6,1505,14.4(16),,73,0,2,8.0,976.6(23),1020.3,968.4,9.4,27.8(05),13.6,0,,,2,,52,11,5.2(03),152,133,0,,651,46.8,12,0,7,0,14.1,0,15.3,21.2,,958.3(16),7,0,03/11.4(27),0,,,
2013-7,1505,10.9(28),,71,0,6,9.4,974.4(29),1017.4,966.7,14.0,34.4(31),18.3,9,,,1,,63,3,9.4(30),122,179,0,,850,11.8,5,2,6,0,17.6,0,20.9,27.8,,958.4(27),1,0,25/10.8(27),0,,,
2013-8,1505,2.4(07),,70,0,3,,975.4(09),1019.2,968.1,11.9,36.0(21),17.3,4,,,0,,,8,6.9(04),,158,0,,807,5.9,8,0,6,0,21.3,0,19.2,26.4,,959.0(01),2,,,,,,
2013-9,1505,30.3(27),,70,0,3,6.8,975.0(09),1017.6,966.4,11.0,34.3(03),16.1,5,,,1,,54,9,3.7(08),113,146,1,,837,45.4,13,0,5,0,16.6,0,18.2,25.4,,950.2(28),5,0,26/10.6(25),0,,,
2014-10,1505,49.2(16),,85,0,11,4.9,978.4(21),1016.2,964.5,9.8,27.3(20),14.5,0,,,4,,45,15,4.0(14),113,148,1,,397,120.9,15,0,5,0,14.5,0,15.6,21.5,,951.6(12),12,1,24/16.9(17),0,,,
2014-11,1505,30.9(03),,90,0,3,1.6,972.4(01),1009.4,957.1,6.9,19.2(21),10.8,0,,,8,,17,25,0.0(27),165,110,1,,413,211.6,27,3,7,1,9.4,0,10.2,13.4,,926.8(28),19,0,16/14.2(13),0,,,
2014-12,1505,22.1(12),,91,0,4,1.4,984.6(29),1028.6,974.7,3.4,13.4(25),8.3,0,0,,1,,16,19,-5.7(30),89,90,0,3,239,72.8,19,0,4,6,8.8,0,7.0,10.5,0,954.5(13),13,0,24/13.9(12),0,,,
2014-13,1505,49.2(16/oct),,80,13,60,4.9,984.6(29/dic),1016.9,964.7,7.7,35.0(02/sep),18.2,3,,,37,,38,193,-5.7(30/dic),154,122,2,,7658,1148.9,197,20,7,12,6.2,3,12.9,18.1,,926.8(28/nov),152,13,19/21.4(06/feb),0,,,
2014-1,1505,21.6(15),,86,5,2,0.8,980.0(24),1014.2,961.3,5.2,14.8(08),10.1,0,,,10,,9,27,0.5(23),226,95,0,,490,212.4,22,1,10,0,6.2,1,7.8,10.4,,941.6(18),24,2,25/20.0(04),0,,,
2014-2,1505,27.5(04),,78,3,0,2.8,975.6(27),1013.6,960.5,3.7,15.2(23),10.1,0,,,6,,26,25,0.6(10),301,81,0,,681,185.2,22,3,13,0,7.3,2,7.2,10.8,,932.0(09),21,9,19/21.4(06),0,,,
2014-3,1505,18.9(25),,75,3,8,5.8,979.9(15),1019.1,966.2,2.8,23.9(08),7.4,0,,,2,,49,14,-1.2(14),162,89,0,,732,90.8,13,0,7,5,8.5,0,9.3,15.7,,951.4(31),12,0,28/15.0(03),0,,,
2014-4,1505,13.3(01),,81,0,5,4.9,973.2(08),1015.7,963.5,7.2,26.8(18),12.2,0,,,3,,37,16,2.6(21),160,114,0,,862,71.1,19,3,7,0,11.2,0,12.5,17.9,,946.1(02),14,0,22/14.2(25),0,,,
2014-5,1505,8.9(29),,75,1,2,7.3,975.3(13),1018.2,966.1,6.6,26.6(18),11.6,0,,,0,,50,9,2.1(17),130,112,0,,846,42.2,12,1,7,0,13.2,0,13.0,19.4,,946.9(21),8,0,26/14.2(21),0,,,
2014-6,1505,15.1(20),,74,1,4,8.0,972.8(01),1017.3,966.0,10.8,31.9(12),15.1,1,,,1,,52,12,5.2(01),135,145,0,,931,43.0,11,4,6,0,17.8,0,17.1,23.4,,952.8(06),8,1,23/16.7(06),0,,,
2014-7,1505,14.4(05),,77,0,4,8.5,973.4(08),1017.8,966.7,12.9,31.3(23),17.0,1,,,1,,57,6,7.2(10),132,165,0,,730,31.7,9,0,6,0,18.0,0,18.8,24.7,,957.8(19),4,0,24/13.6(05),0,,,
2014-8,1505,4.9(02),,75,0,6,7.3,973.1(16),1017.5,966.3,11.2,29.5(24),18.2,0,,,0,,53,10,5.1(21),133,153,0,,754,16.1,13,0,6,0,21.2,0,18.0,24.8,,958.7(02),5,0,25/12.5(25),0,,,
2014-9,1505,10.6(08),,78,0,11,5.8,974.9(30),1014.9,963.8,12.0,35.0(02),16.7,1,,,1,,46,15,4.3(25),99,159,0,,583,51.1,15,5,5,0,19.1,0,18.4,24.7,,948.7(17),12,0,24/13.1(17),0,,,
2015-10,1505,48.0(04),,83,0,7,4.1,973.5(20),1015.0,963.0,8.2,24.5(17),14.2,0,0,,5,,37,17,1.9(03),120,130,2,4,299,154.4,19,0,6,0,12.2,0,13.5,18.7,1,952.9(05),13,1,18/16.4(04),0,,,
2015-11,1505,20.8(02),,88,0,8,3.6,983.6(30),1026.3,973.3,6.8,23.1(08),13.0,0,0,,2,,37,13,-2.2(30),105,123,0,6,323,55.2,15,0,4,3,4.6,0,11.5,16.2,0,955.7(02),9,0,24/12.5(20),0,,,
2015-12,1505,11.8(28),,77,0,4,2.0,984.6(09),1026.0,972.7,5.6,18.9(19),14.4,0,0,,2,,22,13,-3.9(01),212,96,0,3,809,37.6,16,0,9,6,5.2,0,9.9,14.1,0,957.7(28),7,3,22/20.3(30),0,,,
2015-13,1505,48.0(04/oct),,79,5,65,5.4,990.8(09/ene),1020.9,968.6,7.3,35.1(30/jun),19.7,20,0,,26,,43,146,-4.5(01/ene),136,121,2,41,7882,752.2,169,11,6,36,3.1,4,13.1,18.8,1,940.6(16/sep),95,10,22/20.3(30/dic),0,,,
2015-1,1505,27.2(15),,90,3,6,3.1,990.8(09),1026.8,972.8,1.5,16.7(10),8.0,0,0,,5,,33,18,-4.5(01),124,83,0,3,323,140.7,16,0,5,10,6.2,1,6.2,10.8,0,945.8(30),13,1,22/16.9(15),0,,,
2015-2,1505,14.3(03),,89,2,1,2.9,985.9(17),1022.9,969.1,2.0,13.2(28),8.4,0,0,,6,,28,23,-3.9(10),155,81,0,0,312,123.9,18,3,7,10,3.1,3,5.8,9.5,0,950.2(03),18,0,31/14.2(23),0,,,
2015-3,1505,21.2(02),,78,0,5,5.7,985.9(04),1024.7,971.4,3.0,23.5(07),10.2,0,0,,1,,48,10,-2.4(16),118,89,0,3,647,47.8,12,0,5,7,8.6,0,9.2,15.3,0,954.9(19),8,0,20/11.1(02),0,,,
2015-4,1505,14.6(27),,77,0,5,6.1,981.4(01),1019.1,966.7,6.0,26.5(13),10.9,0,0,,2,,46,14,0.2(02),125,104,0,4,746,61.5,16,1,5,0,13.6,0,12.4,18.7,0,953.3(26),9,0,24/13.1(25),0,,,
2015-5,1505,18.3(04),,74,0,2,8.1,979.8(15),1020.0,968.1,8.3,30.1(12),13.1,1,0,,2,,55,12,2.7(22),158,123,0,2,1232,40.8,13,0,8,0,13.9,0,14.7,21.1,0,943.3(04),4,1,22/19.2(04),0,,,
2015-6,1505,4.1(13),,75,0,9,8.4,975.2(16),1018.7,967.4,11.3,35.1(30),15.3,7,0,,0,,55,4,5.0(02),108,154,0,5,676,6.2,6,4,5,0,16.7,0,18.4,25.4,0,959.0(11),2,0,03/10.8(17),0,,,
2015-7,1505,8.8(01),,70,0,5,8.2,973.2(11),1018.1,967.3,12.9,32.4(06),18.6,5,0,,0,,55,5,7.1(25),135,168,0,2,952,15.8,9,2,7,0,19.3,0,20.1,27.2,0,959.6(31),2,0,24/13.3(03),0,,,
2015-8,1505,8.5(23),,72,0,8,6.5,974.5(08),1016.2,965.3,12.1,33.8(20),19.7,7,0,,0,,47,9,5.5(08),147,162,0,5,962,23.8,16,1,7,0,16.7,0,19.2,26.3,0,953.6(23),4,2,22/16.7(23),0,,,
2015-9,1505,21.4(15),,77,0,5,5.9,973.6(19),1017.3,965.6,9.7,29.5(08),13.9,0,0,,1,,48,8,4.2(19),130,137,0,4,601,44.5,13,0,6,0,15.8,0,15.9,22.1,0,940.6(16),6,2,25/17.5(16),0,,,
2016-10,1505,13.4(15),,,0,12,5.7,977.7(28),1017.1,965.0,7.8,26.0(30),12.2,0,0,,3,,52,9,3.9(10),,133,0,10,388,49.8,11,0,5,0,14.2,0,13.8,19.7,0,944.4(22),7,,,,,,
2016-11,1505,31.8(24),,91,0,11,2.9,979.4(15),1018.0,964.8,3.5,19.6(02),11.0,0,0,,4,,30,17,-2.4(30),121,101,1,8,282,135.3,19,1,5,5,5.0,0,8.1,12.7,0,940.2(20),13,1,24/17.2(21),0,,,
2016-12,1505,11.0(15),,89,0,14,3.2,986.7(24),1027.8,973.9,2.0,18.2(11),9.1,0,0,,1,,35,10,-6.0(31),87,93,0,11,284,24.0,10,0,4,8,3.4,0,7.3,12.6,0,953.7(03),4,0,17/11.1(14),0,,,
2016-13,1505,38.4(07/ene),,,7,85,5.5,986.7(24/dic),1019.3,966.9,6.8,38.4(18/jul),16.4,21,0,,43,,43,160,-6.0(31/dic),,122,3,70,7832,1157.6,171,13,7,35,3.4,4,12.4,17.9,0,940.2(20/nov),121,,,,,,
2016-1,1505,38.4(07),,88,0,2,2.0,983.6(28),1020.2,966.9,4.7,20.3(24),12.1,0,0,,8,,21,23,-2.7(16),238,99,2,2,619,264.6,24,0,11,4,5.8,0,8.2,11.6,0,944.0(10),21,4,26/18.3(09),0,,,
2016-2,1505,25.8(10),,88,3,4,2.7,986.0(03),1021.2,967.7,3.5,17.0(21),9.8,0,0,,10,,25,19,-2.4(05),202,93,0,2,426,206.4,15,3,9,7,6.0,3,7.2,10.9,0,949.0(13),16,6,21/18.9(06),0,,,
2016-3,1505,16.4(30),,82,1,4,4.9,979.2(01),1019.1,965.7,2.5,18.0(24),9.1,0,0,,3,,41,19,-2.4(01),189,88,0,1,613,112.9,20,0,9,9,9.2,1,7.7,12.9,0,952.1(04),16,3,24/17.8(27),0,,,
2016-4,1505,18.8(16),,79,3,3,5.4,977.5(30),1014.3,961.6,4.1,20.6(20),9.1,0,0,,6,,40,21,-1.7(01),186,96,0,2,716,147.5,18,1,9,1,8.7,0,9.3,14.5,0,942.0(10),16,4,25/18.3(03),0,,,
2016-5,1505,14.0(07),,78,0,4,6.1,977.7(01),1015.0,963.0,7.9,29.4(04),11.1,0,0,,5,,42,16,-0.6(01),146,122,0,4,944,103.4,18,3,7,1,13.3,0,13.5,19.0,0,940.7(08),14,0,22/12.8(08),0,,,
2016-6,1505,25.9(15),,77,0,9,7.5,978.8(18),1018.5,967.1,10.9,30.6(08),15.9,1,0,,1,,49,10,4.6(01),146,155,0,7,887,40.0,10,1,7,0,14.2,0,16.9,22.8,0,952.5(15),4,0,26/13.1(14),0,,,
2016-7,1505,1.9(06),,,0,4,8.7,974.5(13),1020.0,968.9,13.0,38.4(18),16.3,6,0,,0,,58,2,6.7(13),161,171,0,4,912,3.3,5,1,8,0,19.7,0,19.4,25.7,0,961.9(18),2,0,06/10.0(05),0,,,
2016-8,1505,4.7(24),,71,0,7,9.4,975.4(06),1020.1,969.1,11.4,36.0(22),16.4,7,0,,0,,68,6,6.2(21),144,163,0,9,1041,11.5,9,2,7,0,20.5,0,19.6,27.8,0,959.7(19),3,0,05/14.4(09),0,,,
2016-9,1505,22.0(13),,75,0,11,7.1,977.8(27),1020.0,968.6,10.8,37.6(06),15.9,7,0,,2,,57,8,5.8(18),118,150,0,10,720,58.9,12,1,6,0,12.6,0,17.7,24.6,0,957.4(13),5,0,24/11.9(12),0,,,
2017-10,1505,9.0(16),,74,0,7,7.5,980.7(27),1022.5,970.5,8.1,31.9(15),15.9,1,0,,0,,68,5,2.3(23),131,129,0,6,766,22.4,8,1,5,0,14.5,0,15.6,23.1,0,958.4(18),4,0,22/13.9(16),0,,,
2017-11,1505,24.6(24),,86,0,17,3.7,981.8(10),1023.0,969.6,3.1,18.9(21),11.6,0,0,,1,,39,15,-3.8(28),94,97,0,11,340,70.9,19,0,4,10,7.7,0,8.5,13.8,0,951.8(22),10,1,20/15.8(22),0,,,
2017-12,1505,63.9(10),,90,3,13,2.0,987.8(22),1026.1,972.1,2.3,15.0(29),10.9,0,0,,4,,22,19,-5.9(06),162,90,1,6,232,171.8,17,1,7,12,3.1,0,6.4,10.3,0,933.8(10),14,3,23/20.8(10),0,,,
2017-13,1505,63.9(10/dic),,79,10,109,5.9,987.8(22/dic),1020.5,968.1,6.8,39.1(21/ago),17.8,13,0,,19,,46,146,-6.3(25/ene),149,123,3,74,7934,786.4,171,17,7,43,2.7,2,12.8,18.7,0,933.8(10/dic),102,9,24/23.1(03/feb),0,,,
2017-1,1505,8.8(31),,89,0,13,2.7,981.7(15),1025.0,970.9,0.5,14.8(03),9.8,0,0,,0,,28,16,-6.3(25),117,83,0,8,394,31.4,19,0,5,14,2.7,0,5.2,9.8,0,950.0(27),8,0,06/14.2(18),0,,,
2017-2,1505,53.0(04),,82,1,6,4.0,980.2(08),1018.6,965.4,3.4,19.2(22),7.9,0,0,,3,,37,15,-1.6(08),218,93,1,5,618,145.2,16,2,9,3,8.3,0,8.3,13.2,0,942.4(12),14,3,24/23.1(03),0,,,
2017-3,1505,14.8(23),,79,1,3,5.2,980.3(13),1020.0,967.1,4.7,26.9(10),9.3,0,0,,4,,43,17,0.5(22),206,96,0,2,909,101.6,16,1,9,0,4.2,2,9.8,15.0,0,948.3(03),15,1,24/19.2(30),0,,,
2017-4,1505,7.6(29),,72,1,11,9.3,975.8(04),1020.0,967.4,3.9,26.5(23),9.0,0,0,,0,,69,4,-2.3(27),161,100,0,10,1069,15.4,4,0,7,4,10.1,0,11.6,19.4,0,949.3(30),4,0,06/15.0(26),0,,,
2017-5,1505,34.8(09),,76,2,9,6.8,975.1(15),1015.3,963.8,9.5,31.7(24),13.9,1,0,,5,,46,17,3.3(02),138,142,1,6,869,138.8,16,6,7,0,13.6,0,15.8,22.1,0,941.4(11),12,1,26/17.5(05),0,,,
2017-6,1505,13.8(27),,76,0,8,7.4,975.1(30),1017.3,966.2,12.1,35.2(18),17.1,4,0,,2,,48,10,5.3(07),138,168,0,5,633,44.7,13,1,7,0,15.3,0,18.3,24.4,0,955.4(28),7,0,25/12.2(05),0,,,
2017-7,1505,5.0(04),,76,1,6,7.8,977.0(02),1018.1,967.1,13.0,34.6(04),17.8,2,0,,0,,52,7,6.3(21),152,173,0,6,748,11.1,15,2,7,0,20.1,0,19.1,25.2,0,958.6(18),4,0,25/12.8(29),0,,,
2017-8,1505,5.8(27),,74,1,8,8.1,976.3(10),1018.8,967.7,12.0,39.1(21),17.7,5,0,,0,,58,9,6.8(11),142,164,0,3,757,18.9,13,3,7,0,17.7,0,19.0,26.1,0,959.9(27),5,0,06/11.1(05),0,,,
2017-9,1505,3.0(17),,76,0,8,5.9,975.6(06),1020.8,969.0,9.4,27.8(05),15.8,0,0,,0,,47,12,2.9(16),128,141,0,6,599,14.2,15,0,6,0,15.9,0,15.8,22.2,0,962.4(09),5,0,24/11.1(03),0,,,
2018-10,1505,47.0(13),,78,0,12,6.0,976.9(23),1016.7,964.4,7.0,30.4(04),14.1,1,0,,4,,54,14,1.9(28),155,116,1,9,586,147.6,15,3,7,0,6.6,0,13.0,18.8,0,943.7(30),9,1,21/15.3(13),0,,,
2018-11,1505,19.2(05),,86,0,8,2.3,975.0(02),1013.5,960.8,5.5,20.4(16),11.7,0,0,,7,,24,23,-0.2(25),168,102,0,3,353,155.8,24,0,7,2,9.0,0,9.4,13.1,0,947.3(05),17,0,22/15.0(29),0,,,
2018-12,1505,18.2(18),,87,0,13,2.0,981.3(09),1026.0,972.6,4.6,18.0(04),11.8,0,0,,3,,22,13,-3.8(31),166,100,0,7,335,76.6,18,1,7,5,4.9,0,8.6,12.6,0,953.2(12),10,1,18/15.8(18),0,,,
2018-13,1505,47.0(13/oct),,80,9,99,4.9,984.4(28/ene),1017.5,965.2,7.5,35.6(03/ago),18.3,16,0,,49,,39,181,-4.3(24/feb),162,122,2,52,7445,1225.7,203,26,7,29,3.1,13,12.5,17.4,0,924.2(01/mar),143,11,24/20.3(14/mar),0,,,
2018-1,1505,26.2(10),,88,1,5,1.8,984.4(28),1024.7,971.1,3.4,14.9(03),12.3,0,0,,4,,19,21,-2.6(29),177,93,0,3,505,109.2,26,0,8,6,5.8,0,7.1,10.8,0,953.0(06),17,1,28/15.8(10),0,,,
2018-2,1505,21.0(04),,86,1,8,3.3,976.9(17),1018.6,964.7,0.7,14.9(25),11.6,0,0,,7,,30,19,-4.3(24),140,78,0,7,332,140.7,10,0,6,13,3.1,9,5.0,9.2,0,932.7(28),17,0,06/13.1(05),0,,,
2018-3,1505,33.5(30),,82,2,0,3.1,979.1(21),1007.4,954.6,3.2,17.8(27),10.6,0,0,,13,,26,28,-3.6(22),266,84,1,0,638,304.6,25,2,12,2,5.0,4,7.1,10.9,0,924.2(01),27,7,24/20.3(14),0,,,
2018-4,1505,14.8(06),,74,3,2,5.6,973.0(25),1012.4,960.1,5.6,27.0(18),9.9,0,0,,5,,41,17,0.3(11),191,99,0,1,1040,120.4,18,4,9,0,10.1,0,11.3,16.9,0,943.8(10),16,1,24/18.9(03),0,,,
2018-5,1505,11.0(25),,76,1,10,6.8,973.1(14),1017.5,965.4,7.8,26.2(07),11.9,0,0,,1,,46,13,-0.7(01),154,121,0,6,640,29.2,16,3,7,1,11.3,0,13.2,18.6,0,958.3(21),10,0,07/11.7(17),0,,,
2018-6,1505,26.9(04),,81,0,12,5.0,975.2(18),1017.1,965.6,12.1,33.6(24),16.0,2,0,,3,,32,16,8.8(13),128,157,0,6,397,78.9,18,4,6,0,14.2,0,16.9,21.6,0,955.5(30),10,0,06/10.6(18),0,,,
2018-7,1505,21.6(01),,78,0,5,6.3,972.2(05),1017.3,966.3,14.6,32.0(23),17.1,1,0,,1,,42,9,10.6(21),137,177,0,2,576,38.0,17,4,7,0,17.9,0,19.4,24.1,0,958.2(01),7,0,06/11.7(19),0,,,
2018-8,1505,18.0(08),,74,1,6,9.3,973.7(09),1018.9,967.9,12.7,35.6(03),18.3,6,0,,1,,67,3,6.4(10),130,173,0,1,716,19.2,7,0,6,0,19.4,0,19.6,26.5,0,961.5(06),2,0,06/12.2(17),0,,,
2018-9,1505,4.6(04),,73,0,18,7.8,976.7(24),1020.0,968.8,12.5,32.3(02),15.6,6,0,,0,,63,5,5.9(26),133,161,0,7,1327,5.5,9,5,6,0,18.4,0,19.3,26.1,0,962.0(03),1,0,08/10.8(03),0,,,
2019-10,1505,47.4(13),,83,0,13,3.9,972.3(09),1017.1,965.1,8.9,26.6(11),14.6,0,0,,5,,35,21,0.4(22),145,133,1,7,491,154.4,24,1,6,0,11.9,0,13.8,18.5,0,952.6(19),15,0,20/14.2(13),0,,,
2019-11,1505,36.6(07),,91,1,2,1.1,970.7(08),1012.0,959.3,6.4,18.5(01),14.7,0,0,,11,,12,30,0.6(19),211,107,2,0,299,333.4,29,3,9,0,6.7,0,9.3,12.2,0,931.7(22),28,2,27/19.2(22),0,,,
2019-12,1505,31.8(18),,88,0,8,1.8,980.8(09),1019.3,966.0,3.1,18.2(24),9.8,0,1,,8,,20,18,-4.5(04),189,94,1,3,456,180.3,20,1,8,9,3.9,0,7.4,11.6,0,937.6(19),14,4,24/23.6(21),0,,,
2019-13,1505,51.4(20/sep),,78,6,93,5.4,983.6(05/ene),1018.7,966.3,6.8,34.8(23/ago),18.5,10,1,,45,,43,168,-7.2(06/ene),162,118,6,44,7694,1275.4,200,14,8,41,3.9,2,12.4,18.0,0,931.7(22/nov),125,14,24/23.6(21/dic),0,,,
2019-1,1505,21.8(22),,87,0,9,3.2,983.6(05),1024.7,970.7,0.6,12.8(14),8.5,0,0,,4,,34,16,-7.2(06),135,82,0,2,309,100.0,18,0,6,14,5.9,0,5.4,10.2,0,940.0(31),15,0,32/12.8(29),0,,,
2019-2,1505,25.0(01),,71,0,10,6.2,979.8(28),1024.8,971.4,1.3,24.0(26),8.7,0,0,,1,,59,8,-2.8(20),134,79,0,5,772,58.8,7,0,6,10,5.5,2,8.4,15.5,0,933.8(01),6,2,24/16.7(09),0,,,
2019-3,1505,36.0(05),,73,0,7,6.6,982.4(13),1024.4,971.1,2.3,23.2(16),9.0,0,0,,2,,55,12,-1.5(18),178,87,1,5,855,71.9,15,1,9,8,10.6,0,9.3,16.2,0,944.4(06),6,2,22/18.3(03),0,,,
2019-4,1505,23.0(07),,76,2,7,6.2,977.0(26),1013.1,960.6,4.8,25.7(29),13.3,0,0,,8,,46,16,1.2(03),188,98,0,4,850,150.0,17,1,9,0,8.2,0,10.5,16.3,0,941.2(24),14,0,22/14.2(08),0,,,
2019-5,1505,15.2(09),,69,0,5,8.4,974.7(11),1018.2,966.3,6.5,33.3(31),11.5,2,0,,1,,57,7,1.5(20),150,116,0,5,925,33.0,13,0,8,0,11.7,0,13.4,20.3,0,954.6(08),4,2,25/17.8(08),0,,,
2019-6,1505,13.0(06),,72,1,7,5.6,971.8(07),1016.1,964.6,9.9,31.9(01),14.9,1,0,,1,,37,12,3.3(08),136,134,0,4,683,50.4,20,0,7,0,14.3,0,15.5,21.1,0,949.2(06),6,0,24/14.2(06),0,,,
2019-7,1505,24.6(04),,75,1,13,7.5,971.2(21),1016.3,965.4,12.8,33.0(24),17.2,4,0,,2,,50,7,5.6(31),149,169,0,5,601,48.8,11,3,7,0,17.6,0,19.1,25.3,0,958.6(28),5,0,25/12.2(29),0,,,
2019-8,1505,3.8(11),,74,0,9,7.5,973.3(12),1017.8,966.7,13.1,34.8(23),18.5,3,0,,0,,54,10,6.4(13),141,167,0,1,697,22.0,12,2,7,0,19.3,0,19.4,25.6,0,957.1(08),7,2,25/17.2(09),0,,,
2019-9,1505,51.4(20),,76,1,3,7.2,977.9(12),1020.1,968.5,11.5,29.6(20),15.8,0,0,,2,,57,11,6.0(28),186,148,1,3,756,72.4,14,2,9,0,16.3,0,17.2,22.9,0,953.7(21),5,0,12/12.8(20),0,,,
2020-10,1505,27.2(24),,83,1,4,3.9,979.1(11),1018.0,965.7,8.2,22.5(18),14.8,0,0,,6,,35,18,0.1(16),176,123,0,3,425,136.2,22,0,8,0,13.2,0,12.7,17.1,0,943.3(20),12,2,25/16.1(24),0,,,
2020-11,1505,29.2(08),,86,0,15,4.1,983.9(19),1021.0,968.1,5.7,20.9(18),15.8,0,0,,5,,42,13,0.1(23),132,113,0,9,388,94.8,15,0,6,0,10.2,0,10.7,15.6,0,951.8(28),10,0,08/15.0(04),0,,,
2020-12,1505,32.2(10),,87,0,6,1.6,980.7(25),1016.3,963.0,4.0,17.8(22),11.6,0,0,,9,,17,27,-3.3(26),214,92,1,1,280,258.3,27,2,9,4,3.3,2,7.2,10.4,0,944.9(04),24,1,25/18.9(27),0,,,
2020-13,1505,32.2(10/dic),,78,4,120,5.4,984.2(04/ene),1018.9,966.7,7.9,36.7(30/jul),17.2,17,0,,43,,42,162,-4.1(02/ene),167,124,2,62,8083,1056.4,203,20,8,26,3.3,2,13.3,18.7,0,941.9(02/mar),118,13,25/21.9(04/may),0,,,
2020-1,1505,21.6(16),,84,0,13,2.8,984.2(04),1025.7,971.9,3.1,16.6(31),12.6,0,0,,5,,30,16,-4.1(02),204,88,0,5,549,110.6,18,1,9,11,3.9,0,7.4,11.7,0,957.1(15),11,3,06/18.9(20),0,,,
2020-2,1505,14.2(16),,77,0,12,4.5,983.8(18),1025.9,972.7,4.9,22.1(23),13.5,0,0,,2,,42,13,-1.7(18),211,99,0,9,776,51.8,17,0,9,7,10.7,0,10.3,15.7,0,951.7(29),9,3,23/19.2(16),0,,,
2020-3,1505,31.4(01),,79,1,12,5.5,978.5(09),1019.2,966.2,4.3,22.8(11),11.4,0,0,,6,,46,13,-0.8(26),176,96,1,8,725,133.4,17,4,8,4,7.2,0,9.8,15.3,0,941.9(02),11,2,26/17.8(01),0,,,
2020-4,1505,15.6(18),,80,1,11,4.0,970.9(07),1014.2,962.1,7.8,24.1(08),11.7,0,0,,2,,30,20,0.3(03),153,118,0,5,725,79.8,23,4,7,0,12.5,0,12.7,17.5,0,954.3(20),15,1,21/15.8(30),0,,,
2020-5,1505,11.0(31),,70,1,9,8.5,978.9(23),1016.8,965.4,9.6,33.2(28),13.3,3,0,,1,,57,8,4.1(17),153,137,0,4,1119,34.6,11,3,8,0,13.5,0,16.6,23.5,0,952.5(13),6,1,25/21.9(04),0,,,
2020-6,1505,15.6(11),,74,0,10,6.2,975.6(21),1016.9,965.4,10.2,35.2(23),15.3,1,0,,1,,40,11,4.9(05),138,143,0,7,846,32.8,16,1,7,0,15.2,0,16.2,22.1,0,952.0(11),4,0,25/11.9(11),0,,,
2020-7,1505,0.2(08),,72,0,7,8.9,973.6(03),1018.5,967.6,13.0,36.7(30),16.2,6,0,,0,,59,2,4.8(03),169,164,0,3,843,0.4,10,1,8,0,18.6,0,19.4,25.7,0,959.6(30),0,0,06/12.2(14),0,,,
2020-8,1505,20.2(17),,73,0,8,7.1,974.2(22),1016.3,965.4,13.0,36.3(06),17.2,4,0,,4,,51,11,5.1(31),141,163,0,2,765,76.9,15,1,7,0,17.3,0,19.2,25.3,0,954.3(19),9,0,25/14.7(19),0,,,
2020-9,1505,14.6(17),,76,0,13,7.2,976.4(25),1018.3,966.9,10.9,34.1(13),15.2,3,0,,2,,58,10,2.5(28),131,150,0,6,642,46.8,12,3,6,0,15.3,0,17.5,24.0,0,956.8(17),7,0,06/12.2(06),0,,,
2021-10,1505,35.6(02),12,81,,,5.3,975.0(06),1019.2,967.0,7.8,26.8(19),14.3,0,8,7,4,12,48,18,2.3(27),134,129,1,0,,105.8,,,6,0,13.1,,13.8,19.8,0,944.5(29),12,1,22/17.2(20),0,15.7,,
2021-11,1505,17.6(22),10,87,,,4.0,979.2(06),1021.7,968.2,3.0,18.5(08),7.9,0,5,5,3,15,41,15,-1.7(19),112,94,0,0,,90.0,,,5,3,6.9,,7.9,12.7,0,956.0(02),13,0,36/13.3(27),0,10.6,,
2021-12,1505,,13,87,,,2.6,975.1(14),1020.3,967.1,4.3,20.9(31),11.5,0,2,4,,13,29,,-3.2(18),161,100,,0,,,,,7,6,5.4,,8.7,13.1,0,949.7(25),,1,21/16.7(27),0,8.8,,
2021-13,1505,,,78,,,5.4,,,,7.0,33.7(05/sep),16.8,11,,,,,43,,-4.9(07/ene),151,118,,,,,,,7,38,1.3,,12.5,17.9,,,,11,25/18.6(21/ene),0,14.1,,
2021-1,1505,40.0(21),,87,,,2.1,979.9(13),1019.1,965.3,2.4,16.1(28),12.1,0,0,,6,,22,19,-4.9(07),186,84,1,7,,141.2,,,8,14,1.3,,5.8,9.1,0,945.8(20),12,3,25/18.6(21),0,6.7,,
2021-2,1505,33.6(20),,78,,,3.6,978.1(25),1015.3,962.5,5.7,20.8(15),12.0,0,,,7,,34,18,-1.2(07),235,93,1,,,175.8,,,11,3,7.7,,9.6,13.5,,942.5(09),16,4,21/17.8(20),0,9.2,,
2021-3,1505,8.0(11),,75,,,6.2,977.3(14),1024.0,970.7,2.1,27.8(31),7.3,0,,,0,,52,12,-2.6(21),146,88,0,,,23.6,,,7,8,8.8,,8.9,15.6,,958.9(31),5,0,99/12.2(11),0,9.7,,
2021-4,1505,15.6(01),,74,,,6.3,972.0(12),1015.6,963.2,5.0,22.7(24),11.2,0,,,4,,47,12,-1.6(17),131,100,0,,,91.6,,,6,3,9.7,,11.3,17.6,,954.5(26),9,0,06/12.5(06),0,12.9,,
2021-5,1505,10.0(10),,70,,,7.2,976.1(25),1017.6,965.6,6.5,30.1(31),12.3,1,,,1,,49,14,-0.7(02),173,111,0,,,49.6,,,9,1,11.6,,12.9,19.2,,948.6(09),11,1,26/15.6(09),0,15.1,,
2021-6,1505,21.2(18),,77,,,6.8,973.9(04),1018.3,966.7,10.7,30.9(13),16.0,1,,,4,,45,13,2.6(04),149,146,0,,,83.0,,,7,0,13.4,,16.0,21.3,,954.4(20),10,0,26/10.6(01),0,18.7,,
2021-7,1505,8.0(24),,74,,,7.1,,,,12.2,32.4(18),16.0,3,,,0,,47,11,6.8(08),134,157,0,,,14.0,,,7,0,18.5,,18.2,24.1,,,3,1,24/15.3(05),0,20.4,,
2021-8,1505,4.2(01),,72,,,8.0,974.8(16),1017.5,966.4,12.5,31.6(26),16.1,3,,,0,,58,6,7.6(08),139,161,0,,,11.8,,,7,0,21.3,,19.1,25.6,,958.8(07),4,0,26/11.7(05),0,21.4,,
2021-9,1505,15.0(15),12,77,0,13,5.4,977.7(29),1018.0,966.6,11.4,33.7(05),16.8,3,4,0,1,18,43,15,6.4(19),116,151,0,0,,51.4,15,1,5,0,17.9,0,17.3,23.1,0,957.7(14),8,0,06/12.2(22),0,19.4,,
2022-10,1505,53.0(16),11,78,,,4.9,976.1(05),1016.4,964.8,11.5,29.5(03),17.0,0,0,2,8,18,44,19,5.5(05),179,142,1,0,,199.2,,,8,0,15.4,,16.3,21.1,0,949.9(23),15,4,18/16.9(28),0,16.9,,
2022-11,1505,19.6(22),16,84,,,3.5,975.9(25),1018.3,965.6,6.6,20.0(11),11.8,0,1,2,5,12,35,23,-0.3(05),178,110,0,0,,140.6,,,8,1,9.4,,10.9,15.1,0,951.4(16),19,1,24/15.3(07),0,12.3,,
2022-12,1505,48.8(19),22,87,,,1.8,977.9(27),1012.8,960.1,5.7,17.3(31),12.7,0,2,1,5,8,20,22,-3.3(04),189,106,2,0,,186.6,,,8,5,5.8,,9.3,12.9,0,943.5(12),14,4,22/17.8(31),0,9.9,,
2022-13,1505,53.0(16/oct),159,,,,,,,,,,,,29,34,29,169,,165,,,,4,0,,928.8,,,,,,,,,0,,115,,,,14.6,,
2022-1,1505,13.0(04),5,82,0,14,4.9,983.1(31),1029.2,975.0,0.7,21.3(01),13.1,0,2,8,1,18,52,12,-5.5(29),122,80,0,0,,37.2,6,0,5,17,8.4,4,6.5,12.2,0,955.4(04),6,1,23/15.8(03),0,6.8,,
2022-2,1505,10.6(13),10,78,,,5.1,983.3(01),1026.8,973.2,1.6,20.1(23),8.1,0,3,6,1,12,48,11,-2.7(06),130,87,0,0,,27.0,,,6,10,9.6,,7.9,14.3,0,956.2(13),6,1,22/15.3(13),0,7.6,,
2022-3,1505,16.4(10),18,76,,,4.5,977.2(17),1017.5,964.6,3.0,21.9(27),7.4,0,1,1,4,12,38,18,-3.2(07),148,91,0,0,,92.4,,,7,5,9.4,,9.0,14.9,0,953.8(11),11,0,20/14.7(12),0,9.5,,
2022-4,1505,37.0(22),13,72,,,6.2,974.7(29),1016.0,963.5,4.3,26.3(16),9.2,0,6,1,2,13,46,17,-3.4(05),154,96,1,0,,75.6,,,7,7,9.4,,10.8,17.2,0,941.5(22),9,1,24/15.6(07),0,12.0,,
2022-5,1505,15.4(31),11,73,,,7.4,975.8(25),1018.2,966.6,9.3,29.2(09),13.8,0,5,5,1,15,50,7,4.4(07),135,136,0,0,,29.8,,,7,0,14.5,,15.7,22.0,0,955.5(29),4,0,21/15.0(17),0,17.1,,
2022-6,1505,29.6(02),22,77,0,11,5.1,971.8(27),1016.7,965.3,11.6,32.4(14),16.3,3,2,0,2,8,33,16,5.4(26),129,158,0,0,,93.4,16,7,6,0,16.0,0,16.9,22.3,0,957.7(19),16,0,25/15.0(15),0,19.3,,
2022-7,1505,1.4(14),11,72,0,5,8.7,976.1(07),1018.7,968.0,13.9,38.7(17),17.6,10,3,6,0,14,58,2,6.5(01),149,181,0,0,,2.0,2,1,7,0,19.7,0,20.7,27.5,0,962.5(18),1,0,20/12.8(14),0,21.7,,
2022-8,1505,6.6(16),9,,,,,,,,,,,,2,0,0,22,,5,,,,0,0,,14.4,,,,,,,,,0,,4,,,,22.3,,
2022-9,1505,8.8(12),11,74,,,6.1,970.3(30),1015.6,964.3,11.1,33.5(11),16.2,2,2,2,0,17,49,13,5.2(26),130,146,0,0,,30.6,,,7,0,17.0,,17.2,23.3,0,950.2(13),10,0,22/14.2(05),0,19.5,,
