fecha,indicativo,p_max,n_cub,hr,n_gra,n_fog,inso,q_max,nw_55,q_mar,q_med,tm_min,ta_max,ts_min,nt_30,nv_0050,n_des,w_racha,np_100,n_nub,p_sol,nw_91,np_001,ta_min,w_rec,e,np_300,nv_1000,evap,p_mes,n_llu,n_tor,w_med,nt_00,ti_max,n_nie,tm_mes,tm_max,nv_0100,q_min,np_010,glo,ts_20,ts_10,ts_50
1985-10,3260B,0.0(--),0,55,0,0,9.0,968.9(12),0,1019.4,960.1,9.5,32.9(01),17.7,2,0,12,27/12.5(04),0,19,80,0,0,5.0(30),193,113,0,0,1290,0.0,1,0,3,0,18.4,0,17.7,25.9,0,937.3(30),0,,,,
1985-11,3260B,11.2(25),12,74,0,7,4.8,964.1(17),4,1016.5,955.5,4.4,25.6(08),16.0,0,0,6,27/23.1(06),1,12,48,0,12,-4.8(21),234,93,0,4,537,42.1,12,0,7,8,6.3,0,9.4,14.4,0,940.0(26),7,,,,
1985-12,3260B,12.1(29),18,86,,14,3.1,971.3(16),2,1022.2,960.2,1.6,22.2(04),7.2,0,5,3,27/25.0(22),2,10,32,0,19,-3.0(19),216,84,0,4,317,71.2,,0,6,12,2.0,,6.3,10.9,1,938.5(28),10,,,,
1985-13,3260B,18.1(31/may),90,61,,34,8.0,971.3(16/dic),32,1016.5,956.9,9.0,41.0(24/jul),23.2,101,6,118,27/29.2(04/abr),8,157,64,2,80,-8.9(09/ene),260,112,0,11,15942,283.1,,7,9,43,2.0,,15.6,22.1,1,933.5(05/ene),50,,,,
1985-1,3260B,17.3(20),13,79,,7,4.9,970.7(30),1,1016.6,954.5,-0.4,16.4(21),8.8,0,0,8,27/18.6(18),2,10,51,0,12,-8.9(09),207,71,0,2,239,48.9,,0,6,15,3.1,,4.5,9.3,0,933.5(05),9,,,,
1985-2,3260B,10.2(09),15,76,0,4,4.4,969.9(01),8,1019.1,958.1,5.1,19.4(04),10.4,0,1,1,27/26.4(11),1,12,42,1,9,-0.4(04),322,94,0,1,620,23.5,15,0,11,2,5.2,0,10.0,14.8,0,941.2(11),5,,,,
1985-3,3260B,2.9(27),5,59,0,1,8.4,968.7(09),5,1018.4,957.3,2.7,22.5(31),9.2,0,0,10,25/23.6(19),0,16,70,0,4,-2.2(06),329,71,0,0,1073,6.7,6,0,11,6,12.0,0,9.2,15.7,0,939.3(21),3,,,,
1985-4,3260B,8.0(22),11,61,,1,7.6,966.7(02),3,1014.8,955.0,7.2,27.1(30),11.2,0,0,5,27/29.2(04),0,14,57,1,9,2.2(15),265,100,0,0,1037,36.8,,0,9,0,13.6,,13.8,20.3,0,942.4(21),9,,,,
1985-5,3260B,18.1(31),11,57,,0,8.8,960.7(08),5,1012.0,952.8,8.9,29.0(30),14.6,0,0,0,27/20.6(05),2,20,61,0,9,2.8(07),308,108,0,0,1350,41.5,,3,13,0,13.3,,15.4,21.9,0,945.5(05),5,,,,
1985-6,3260B,7.2(01),5,55,,0,10.9,962.0(10),1,1013.5,955.8,15.6,36.0(30),20.5,19,0,10,27/17.5(21),0,15,73,0,3,11.0(09),261,163,0,0,1902,11.4,,2,12,0,16.2,,22.7,29.8,0,949.3(13),2,,,,
1985-7,3260B,0.2(03),0,48,,0,12.2,963.6(22),1,1013.3,956.4,19.4,41.0(24),23.2,27,0,22,32/16.7(29),0,9,83,0,2,14.2(04),286,184,0,0,2900,0.3,,0,11,0,26.6,,27.2,35.1,0,950.9(25),0,,,,
1985-8,3260B,0.0(--),0,38,0,0,12.6,965.3(27),1,1014.7,957.4,17.2,40.5(04),21.9,28,0,27,34/19.2(05),0,4,92,0,0,11.5(07),255,132,0,0,2836,0.0,0,0,10,0,27.0,0,25.8,34.3,0,949.3(05),0,,,,
1985-9,3260B,0.7(20),0,44,0,0,9.8,966.0(29),1,1017.0,959.3,16.3,37.1(06),21.0,25,0,14,27/15.6(07),0,16,79,0,1,11.5(17),242,134,0,0,1841,0.7,2,2,5,0,28.0,0,24.6,33.0,0,954.0(15),0,,,,
1986-10,3260B,26.1(14),8,69,0,3,6.4,969.9(27),0,1019.6,960.1,10.8,28.0(09),16.6,0,0,7,30/13.9(23),2,16,58,0,12,4.5(24),209,129,0,1,759,57.8,12,0,5,0,16.3,0,16.8,22.8,0,953.2(12),9,37539,,,
1986-11,3260B,7.0(14),8,70,0,2,6.5,971.4(27),0,1024.3,963.0,3.5,21.0(01),9.9,0,0,10,20/14.4(14),0,12,64,0,4,-1.4(30),164,86,0,1,485,15.0,5,0,4,4,11.0,0,10.0,16.4,0,942.5(14),4,,,,
1986-12,3260B,11.2(13),4,77,0,4,6.1,973.6(17),1,1029.4,966.9,0.7,15.4(27),6.0,0,0,11,35/16.4(27),1,16,65,0,3,-3.6(11),184,75,0,1,425,17.4,4,0,6,12,7.5,0,6.4,12.1,0,953.1(08),3,,,,
1986-13,3260B,26.1(14/oct),77,58,,22,8.3,975.4(13/ene),18,1017.6,957.9,8.7,40.8(30/jul),22.9,98,3,101,27/26.7(05/ene),5,187,66,1,78,-5.0(10/feb),258,99,0,9,15522,251.4,,6,9,44,4.3,,15.3,21.8,0,931.6(30/ene),56,,,,
1986-1,3260B,3.7(07),10,74,,8,5.5,975.4(13),6,1023.2,961.0,0.6,15.2(16),6.0,0,3,7,27/26.7(05),0,14,57,1,6,-4.0(26),267,70,0,2,548,10.0,,0,8,16,7.5,,6.0,11.4,0,931.6(30),3,,,,
1986-2,3260B,19.4(13),19,76,0,3,3.9,962.9(12),4,1010.4,949.3,2.9,16.9(26),10.2,0,0,1,27/23.3(16),1,8,36,0,17,-5.0(10),320,79,0,3,474,62.3,16,1,13,8,4.3,1,7.3,11.7,0,933.1(17),14,,,,
1986-3,3260B,5.5(01),7,59,0,2,8.1,969.1(22),1,1019.1,958.4,4.4,22.7(31),8.2,0,0,7,30/16.1(24),0,17,67,0,8,-0.4(26),273,77,0,0,1017,11.8,11,1,10,1,11.8,0,10.8,17.2,0,935.6(01),3,,,,
1986-4,3260B,5.8(06),9,61,0,0,7.4,963.3(20),2,1012.7,952.1,3.8,23.2(01),8.0,0,0,4,30/18.9(21),0,17,55,0,14,-2.6(13),299,74,0,0,807,37.4,14,0,12,3,8.4,2,9.5,15.3,0,941.2(06),12,,,,
1986-5,3260B,10.5(12),5,44,0,0,10.3,965.2(09),0,1015.5,956.9,11.7,34.8(25),16.8,12,0,5,30/13.6(06),1,21,72,0,4,4.4(03),280,103,0,0,1760,15.5,5,2,11,0,13.5,0,19.1,26.6,0,947.0(02),2,,,,
1986-6,3260B,0.0(--),0,35,0,0,13.5,960.3(30),0,1013.1,955.4,15.4,37.0(28),21.4,21,0,10,24/13.9(26),0,20,90,0,0,9.6(07),288,105,0,0,2219,0.0,0,0,12,0,25.5,0,23.4,31.3,0,947.4(05),0,85799,,,
1986-7,3260B,2.5(25),1,32,0,0,12.4,962.2(29),2,1014.0,957.0,18.6,40.8(30),22.9,30,0,16,34/19.4(25),0,14,85,0,1,13.3(19),299,119,0,0,2925,2.5,1,0,11,0,29.4,0,27.0,35.5,0,949.8(22),1,,,,
1986-8,3260B,1.8(31),0,36,0,0,12.0,962.7(06),0,1013.3,955.9,16.9,38.2(02),20.2,24,0,16,28/13.6(22),0,15,87,0,1,12.2(29),286,117,0,0,2674,1.8,1,1,13,0,26.8,0,24.9,32.9,0,949.0(27),1,,,,
1986-9,3260B,9.9(11),6,58,0,0,7.6,971.1(20),2,1017.1,958.8,15.6,35.8(03),20.6,11,0,7,28/23.6(11),0,17,60,0,8,9.0(27),228,153,0,1,1429,19.9,10,1,8,0,22.2,0,22.1,28.5,0,950.6(16),4,,,,
1987-10,3260B,15.3(27),15,81,0,8,4.0,963.9(17),4,1015.1,955.4,9.9,28.5(01),16.1,0,0,2,24/28.9(16),1,14,35,1,15,4.8(29),247,137,0,0,667,49.7,18,2,9,0,11.8,0,14.7,19.4,0,938.0(10),11,,,,
1987-11,3260B,17.7(07),8,75,0,6,5.2,973.2(19),6,1019.5,958.5,5.0,20.0(20),13.6,0,0,7,35/23.9(23),1,15,53,0,9,-4.2(30),263,97,0,0,527,42.6,10,0,10,3,9.6,0,10.0,15.1,0,938.3(23),6,,,,
1987-12,3260B,27.1(11),21,88,0,15,1.8,977.0(29),2,1020.1,958.7,5.5,18.4(16),11.4,0,4,2,12/22.5(03),2,8,19,0,13,-2.0(01),214,102,0,3,289,62.8,15,0,6,5,0.8,0,8.7,11.9,0,943.6(03),9,,,,
1987-13,3260B,27.2(09/ene),106,63,1,42,7.4,977.0(29/dic),60,1016.5,957.0,9.8,41.6(12/ago),24.6,86,8,71,24/28.9(16/oct),11,188,58,1,91,-5.2(06/ene),268,120,0,8,,365.2,104,12,10,36,0.8,3,15.9,22.0,1,930.6(11/feb),61,,,,
1987-1,3260B,27.2(09),10,75,1,3,5.2,969.9(05),4,1019.4,957.4,0.5,17.8(26),10.4,0,3,9,34/21.4(14),2,12,54,0,11,-5.2(06),250,72,0,1,,64.6,13,0,9,18,3.0,0,5.7,10.9,0,935.0(13),8,,,,
1987-2,3260B,5.2(10),13,76,0,8,5.2,970.4(07),8,1018.3,956.9,3.0,23.2(28),9.2,0,0,3,04/20.8(18),0,12,49,0,12,-3.8(22),242,84,0,3,539,25.7,10,0,8,8,2.2,3,7.9,12.9,1,930.6(11),9,,,,
1987-3,3260B,7.4(12),7,59,0,2,7.1,971.1(30),3,1018.8,958.3,5.6,24.2(04),11.4,0,1,4,35/21.7(29),0,20,59,0,4,0.0(21),267,86,0,1,1023,9.5,5,0,10,2,13.1,0,12.1,18.6,0,947.4(19),2,,,,
1987-4,3260B,17.0(07),13,60,0,0,7.5,967.0(13),7,1016.7,957.0,8.3,30.2(27),13.2,1,0,2,22/20.0(24),2,15,56,0,7,2.2(03),290,102,0,0,1033,41.7,8,0,11,0,10.8,0,14.6,20.8,0,931.1(03),6,,,,
1987-5,3260B,7.3(16),5,44,0,0,10.7,965.2(29),4,1014.3,955.5,10.2,33.1(31),16.7,2,0,7,28/17.5(10),0,19,74,0,3,1.6(05),291,94,0,0,1784,9.0,5,0,11,0,17.6,0,17.7,25.3,0,946.6(22),2,,,,
1987-6,3260B,3.9(30),2,38,0,0,11.7,965.2(27),7,1015.2,957.3,15.4,38.6(28),21.6,17,0,6,30/20.6(07),0,22,78,0,3,9.2(13),322,113,0,0,2317,4.2,5,0,16,0,21.2,0,23.0,30.6,0,950.2(09),1,83562,,,
1987-7,3260B,14.0(13),5,51,0,0,10.6,962.9(27),8,1013.0,955.7,17.9,37.0(03),22.0,23,0,11,02/22.5(25),2,15,72,0,10,13.2(27),312,167,0,0,1851,40.1,10,7,12,0,27.6,0,25.2,32.5,0,948.7(18),4,,,,
1987-8,3260B,1.8(30),5,49,0,0,9.7,961.6(17),6,1012.4,955.4,19.1,41.6(12),24.6,25,0,11,12/19.4(28),0,15,71,0,2,12.6(26),282,181,0,0,2556,2.7,3,2,13,0,25.6,0,26.7,34.2,0,949.1(23),1,,,,
1987-9,3260B,10.7(25),2,64,0,0,9.5,965.5(18),1,1015.6,958.0,16.8,38.2(13),20.4,18,0,7,28/18.6(20),1,21,76,0,2,11.0(02),234,206,0,0,1858,12.6,2,1,8,0,24.6,0,24.5,32.2,0,946.9(25),2,,,,
1988-10,3260B,23.0(16),8,68,0,2,6.2,963.9(20),2,1015.4,956.0,10.5,29.9(04),14.2,0,0,3,05/16.1(16),2,20,56,0,8,5.9(21),237,126,0,0,921,54.9,10,3,8,0,14.8,0,16.4,22.3,0,944.3(14),6,,,,
1988-11,3260B,11.8(30),15,76,0,10,4.1,967.5(28),0,1019.2,958.4,6.1,20.3(04),13.3,0,2,5,12/13.9(24),2,10,41,0,12,-3.8(24),234,105,0,4,377,40.5,12,1,7,6,7.7,0,10.7,15.3,0,944.8(30),7,,,,
1988-12,3260B,0.3(01),1,70,0,5,7.2,975.8(30),1,1028.5,965.9,-0.7,15.5(20),6.4,0,2,17,30/16.1(01),0,13,76,0,1,-4.4(15),178,65,0,0,,0.3,1,0,5,25,7.0,0,5.7,12.1,0,941.6(01),0,,,,
1988-13,3260B,32.5(11/may),99,63,0,33,7.5,975.8(30/dic),40,1017.0,957.3,9.1,40.4(02/ago),23.0,70,35,97,30/28.1(06/ene),13,170,61,2,91,-4.5(27/feb),261,114,1,8,,403.1,102,23,10,49,6.5,0,15.2,21.2,1,939.4(03/abr),59,,,,
1988-1,3260B,10.6(17),20,82,0,8,3.7,972.7(08),7,1019.7,958.4,4.8,15.8(29),12.2,0,0,2,30/28.1(06),1,9,38,2,15,-1.0(10),306,92,0,3,492,33.6,18,0,11,3,9.8,0,8.6,12.4,0,946.7(29),8,,,,
1988-2,3260B,16.3(16),8,69,0,3,6.3,966.7(07),9,1020.8,959.3,2.6,18.6(14),9.1,0,1,7,30/23.1(06),1,14,58,0,5,-4.5(27),337,75,0,1,753,21.3,7,0,13,9,6.5,0,7.9,13.1,0,949.0(06),3,,,,
1988-3,3260B,2.3(04),8,54,0,1,8.3,970.3(24),8,1020.5,959.8,4.3,26.0(25),9.3,0,0,8,30/20.6(29),0,15,69,0,3,-2.4(01),279,74,0,0,1276,3.4,3,0,10,6,9.3,0,11.4,18.5,0,945.1(04),2,,,,
1988-4,3260B,12.0(11),16,67,0,3,6.4,961.6(13),5,1012.8,952.9,8.2,25.0(15),14.7,0,0,0,27/21.1(22),1,14,48,0,15,3.2(04),269,103,0,0,813,55.3,16,2,11,0,8.1,0,13.2,18.1,0,939.4(03),11,,,,
1988-5,3260B,32.5(11),8,63,0,0,7.7,960.7(20),1,1012.3,953.1,11.0,28.0(31),14.0,0,0,0,30/16.4(26),2,23,53,0,12,7.0(03),268,119,1,0,1053,88.1,13,5,10,0,14.9,0,16.2,21.4,0,943.5(12),9,,,,
1988-6,3260B,27.2(17),11,61,0,1,6.9,959.9(05),3,1012.2,953.6,13.1,32.8(02),17.5,3,0,2,24/20.0(23),4,17,46,0,17,8.5(07),256,136,0,0,1044,103.0,18,10,10,0,18.2,0,18.8,24.4,0,945.5(08),11,,,,
1988-7,3260B,1.6(04),1,50,0,0,11.9,963.5(07),2,1014.0,956.6,17.3,38.8(28),22.6,22,30,16,30/16.9(02),0,14,81,0,3,10.0(05),276,164,0,0,2074,2.7,3,1,12,0,20.2,0,24.7,32.1,1,945.2(04),2,,,,
1988-8,3260B,0.0(--),0,45,0,0,12.1,961.6(22),1,1012.1,955.0,17.7,40.4(02),23.0,29,0,21,28/20.6(02),0,10,88,0,0,12.4(21),232,163,0,0,2356,0.0,0,1,9,0,28.9,0,26.0,34.2,0,948.5(02),0,,,,
1988-9,3260B,0.0(--),3,50,0,0,9.0,967.3(26),1,1017.0,958.8,13.9,40.3(07),22.5,16,0,16,32/21.4(09),0,11,72,0,0,6.9(15),263,140,0,0,1831,0.0,1,0,10,0,21.8,0,22.3,30.7,0,949.8(13),0,,,,
1989-10,3260B,4.5(15),6,64,0,0,7.1,969.2(30),1,1019.3,959.9,11.0,30.0(07),15.2,1,0,8,12/15.6(23),0,17,64,0,5,6.5(21),306,126,0,0,1028,13.9,5,0,10,0,18.5,0,17.4,23.8,0,949.5(27),4,,,,
1989-11,3260B,12.1(26),12,79,0,1,3.4,965.1(04),6,1013.2,953.2,9.1,25.6(01),13.0,0,0,0,12/23.9(14),3,18,33,0,16,2.4(04),356,118,0,1,633,77.2,17,1,13,0,11.5,0,13.0,16.9,0,939.9(22),11,,,,
1989-12,3260B,25.2(25),19,83,0,5,2.1,969.0(23),9,1014.7,954.1,7.9,18.2(17),13.7,0,0,1,22/24.4(16),2,11,22,0,22,1.2(24),354,110,0,2,429,93.9,23,0,14,0,7.8,0,10.8,13.7,0,936.5(18),14,,,,
1989-13,3260B,25.8(27/may),98,59,2,18,7.4,981.1(12/feb),46,1016.7,957.3,10.3,41.0(19/jul),24.4,95,3,80,28/38.3(25/feb),10,187,58,3,90,-5.8(03/ene),294,109,0,8,14880,381.3,103,26,11,29,7.8,0,16.5,22.7,0,931.9(25/feb),63,,,,
1989-1,3260B,5.4(06),6,74,0,7,5.5,978.9(05),0,1030.8,968.1,-0.6,15.4(14),4.7,0,3,10,34/14.4(06),0,15,57,0,3,-5.8(03),190,69,0,3,339,6.5,3,0,6,19,8.0,0,5.7,11.9,0,953.9(06),1,,,,
1989-2,3260B,3.6(08),11,65,0,2,5.9,981.1(12),7,1024.3,962.6,2.6,20.0(18),9.0,0,0,5,28/38.3(25),0,12,55,2,6,-3.3(06),341,73,0,0,717,10.8,10,1,12,10,9.9,0,8.5,14.5,0,931.9(25),4,,,,
1989-3,3260B,6.6(28),9,55,1,0,7.2,967.1(22),5,1017.9,957.6,5.8,25.7(25),12.0,0,0,4,30/18.6(01),0,18,60,0,4,2.9(09),275,80,0,0,1023,12.9,6,0,10,0,11.6,0,12.7,19.7,0,946.9(17),3,,,,
1989-4,3260B,20.6(25),14,62,1,1,7.0,963.4(28),8,1012.0,951.9,6.3,22.5(29),10.0,0,0,0,28/23.9(12),2,16,52,0,12,1.0(17),375,85,0,0,837,59.9,13,0,15,0,9.8,0,11.6,16.8,0,934.5(03),9,,,,
1989-5,3260B,25.8(27),9,53,0,1,8.8,965.0(16),2,1014.4,955.7,11.8,31.0(20),15.4,5,0,7,24/16.9(21),2,15,61,0,9,5.4(01),287,116,0,1,1452,53.6,10,8,10,0,17.3,0,18.7,25.5,0,949.2(23),6,,,,
1989-6,3260B,1.6(18),3,42,0,0,10.9,961.1(20),2,1013.7,956.0,15.5,38.2(30),19.7,20,0,7,04/22.5(14),0,20,73,0,3,9.3(04),262,124,0,0,1913,3.2,5,6,11,0,22.0,0,23.2,30.9,0,952.1(30),2,,,,
1989-7,3260B,8.7(29),1,35,0,0,12.0,962.0(25),4,1013.9,957.1,19.9,41.0(19),24.4,31,0,20,30/25.0(20),0,10,82,0,2,17.0(04),284,135,0,0,2687,12.1,2,4,11,0,30.8,0,28.1,36.4,0,950.0(03),2,,,,
1989-8,3260B,8.9(09),4,37,0,0,10.4,961.2(22),1,1011.6,954.7,19.9,40.8(01),24.2,29,0,13,30/29.2(09),0,14,76,1,2,15.6(31),257,135,0,0,2519,10.0,3,4,11,0,27.2,0,27.3,34.6,0,947.1(06),2,,,,
1989-9,3260B,16.6(07),4,54,0,1,8.0,961.5(15),1,1014.6,956.3,14.6,32.7(15),17.5,9,0,5,16/18.9(04),1,21,64,0,6,11.5(30),246,133,0,1,1303,27.3,6,2,9,0,19.5,0,21.1,27.5,0,949.6(09),5,,,,
1990-10,3260B,15.0(18),13,71,0,2,5.3,965.0(05),6,1014.2,954.8,11.0,28.4(02),17.5,0,0,3,30/20.0(18),2,15,47,0,13,4.8(09),302,130,0,0,886,51.3,15,0,11,0,15.6,0,16.0,21.0,0,944.5(18),11,35028,,,
1990-11,3260B,15.8(24),6,78,0,11,6.4,970.4(15),2,1018.3,957.3,4.6,23.1(16),13.3,0,0,7,30/25.0(24),1,17,64,0,6,-0.9(30),201,97,0,6,422,39.5,6,0,8,2,8.8,0,10.1,15.5,1,939.4(25),4,28151,,,
1990-12,3260B,8.4(08),9,81,0,7,3.7,967.8(30),2,1021.5,959.3,1.0,13.5(01),8.9,0,1,4,35/19.4(11),0,18,40,0,5,-6.5(16),227,75,0,2,361,11.5,6,0,8,15,6.6,0,5.6,10.1,0,942.2(08),2,20027,,,
1990-13,3260B,23.6(08/sep),79,60,1,41,7.7,976.7(10/mar),34,1018.4,958.8,9.8,41.3(21/jul),24.0,102,5,74,30/25.0(24/nov),5,212,61,0,72,-6.5(16/dic),274,112,0,15,,233.3,84,13,11,31,6.6,1,16.1,22.3,1,938.9(06/abr),46,614347,,,
1990-1,3260B,9.2(27),12,81,0,11,4.5,975.8(21),4,1026.9,964.6,1.5,14.5(25),9.1,0,3,5,28/17.5(26),0,14,47,0,10,-3.6(22),184,80,0,3,,23.1,13,0,7,12,7.0,0,6.4,11.2,0,945.8(27),5,23501,,,
1990-2,3260B,0.3(06),4,73,0,8,6.8,973.8(23),2,1025.1,964.0,4.6,22.2(24),7.9,0,1,6,28/21.9(11),0,18,63,0,1,0.7(01),258,97,0,3,553,0.3,2,1,10,0,11.8,0,11.0,17.3,0,955.4(16),0,34432,,,
1990-3,3260B,3.8(31),7,56,1,1,6.9,976.7(10),6,1026.4,965.4,5.4,27.1(21),10.5,0,0,6,14/21.1(04),0,18,57,0,7,-0.5(03),386,80,0,1,1107,11.9,6,0,14,1,9.2,1,11.6,17.8,0,957.0(30),4,48192,,,
1990-4,3260B,8.5(05),10,61,0,1,6.7,967.8(18),3,1015.7,955.4,5.9,21.5(27),10.1,0,0,2,28/20.0(06),0,18,50,0,15,0.0(10),332,86,0,0,964,35.8,15,2,14,1,12.5,0,11.6,17.3,0,938.9(06),11,53381,,,
1990-5,3260B,4.2(12),5,47,0,0,9.5,964.2(28),4,1015.5,956.7,11.2,32.2(31),16.8,4,0,2,28/18.1(12),0,24,66,0,5,6.0(04),293,104,0,0,1601,10.1,8,3,12,0,17.0,0,18.3,25.4,0,949.2(11),3,76334,,,
1990-6,3260B,0.0(--),2,37,0,0,12.1,960.7(25),0,1012.6,955.1,17.1,37.5(24),22.5,23,0,12,28/13.9(04),0,16,81,0,0,12.1(06),321,118,0,0,2407,0.0,0,0,15,0,27.3,0,24.4,31.8,0,948.7(04),0,87092,,,
1990-7,3260B,3.0(28),1,40,0,0,11.7,963.7(29),3,1013.9,957.1,19.4,41.3(21),24.0,30,0,15,02/18.1(21),0,15,80,0,4,12.7(29),289,160,0,0,2750,5.9,5,1,10,0,24.6,0,27.7,35.8,0,951.4(13),2,83208,,,
1990-8,3260B,1.2(21),1,43,0,0,10.5,963.9(04),1,1015.1,958.1,19.5,39.4(01),22.8,30,0,9,10/16.4(02),0,21,76,0,3,13.8(31),261,162,0,0,2434,2.3,3,3,10,0,28.6,0,27.2,35.0,0,952.1(06),1,72446,,,
1990-9,3260B,23.6(08),9,56,0,0,7.8,965.6(28),1,1015.2,957.4,16.7,36.0(06),19.8,15,0,3,02/18.9(16),2,18,62,0,3,12.4(01),238,160,0,0,1503,41.6,5,3,9,0,24.0,0,23.3,29.9,0,951.0(08),3,52555,,,
1991-10,3260B,13.6(10),7,74,0,4,5.7,966.6(02),0,1016.8,956.7,8.2,28.5(05),12.7,0,0,8,30/14.4(11),2,15,50,0,13,0.9(22),230,113,0,1,801,52.9,15,1,8,0,10.7,0,13.4,18.5,0,942.7(10),7,35306,,,
1991-11,3260B,4.4(30),5,75,0,5,5.6,972.2(07),2,1020.4,959.3,4.0,22.9(01),12.5,0,0,6,28/19.4(15),0,19,56,0,6,-3.8(24),258,95,0,4,715,8.0,7,0,9,4,10.3,0,9.8,15.6,0,950.0(30),2,25429,,,
1991-12,3260B,16.8(14),11,85,0,12,3.4,975.0(18),0,1028.2,965.9,1.9,16.1(23),7.0,0,1,7,12/14.4(13),1,13,37,0,9,-3.6(28),211,84,0,5,270,27.3,7,0,7,10,4.5,0,6.6,11.2,1,949.9(01),4,18529,,,
1991-13,3260B,26.9(20/jul),81,62,1,31,7.7,975.0(18/dic),23,1017.6,958.0,9.1,41.8(06/ago),25.9,99,2,90,35/24.4(08/may),8,193,61,0,84,-5.0(15/ene),265,112,0,12,15996,270.7,97,13,10,34,3.0,1,15.4,21.6,3,921.6(07/mar),44,,,,
1991-1,3260B,3.4(07),15,79,0,6,3.6,971.5(21),1,1026.7,964.3,1.1,16.5(10),9.4,0,1,4,10/18.6(20),0,12,37,0,8,-5.0(15),175,75,0,1,347,8.5,8,0,6,14,3.0,1,5.7,10.3,2,955.1(14),3,21283,,,
1991-2,3260B,19.5(16),12,77,0,2,5.4,969.8(23),3,1018.3,956.7,1.9,18.4(24),7.2,0,0,4,28/17.5(07),2,12,50,0,13,-4.7(13),252,77,0,1,387,58.5,13,0,10,5,5.2,0,6.6,11.3,0,939.6(19),8,27220,,,
1991-3,3260B,9.4(12),12,71,0,1,4.9,969.1(19),4,1012.0,951.8,6.5,23.4(20),9.5,0,0,0,32/18.9(17),0,19,41,0,13,1.8(24),309,97,0,0,710,30.2,15,0,12,0,9.8,0,11.3,16.1,0,921.6(07),6,41798,,,
1991-4,3260B,5.9(14),7,54,0,1,9.2,964.7(06),4,1016.5,956.4,5.5,27.8(30),9.7,0,0,6,30/19.4(04),0,17,69,0,6,0.6(21),312,81,0,0,1141,11.2,8,0,12,0,12.2,0,12.3,19.2,0,946.0(17),3,65351,,,
1991-5,3260B,2.7(29),4,42,0,0,11.1,972.5(22),2,1017.0,957.8,8.6,31.4(24),16.2,7,0,11,35/24.4(08),0,16,77,0,2,-0.3(06),333,85,0,0,1851,2.8,5,1,13,1,15.7,0,16.5,24.3,0,947.7(08),1,,,,
1991-6,3260B,10.0(15),1,42,0,0,12.2,963.3(23),3,1013.8,956.3,16.3,38.7(25),22.2,18,0,15,35/23.1(15),1,14,81,0,3,10.0(08),328,136,0,0,2398,12.2,4,1,14,0,23.6,0,24.2,31.9,0,949.2(15),2,83277,,,
1991-7,3260B,26.9(20),3,44,1,0,11.4,963.4(08),2,1013.0,956.1,19.2,41.0(18),25.0,26,0,9,24/20.0(20),1,19,77,0,2,13.2(06),281,166,0,0,2732,28.3,3,4,12,0,25.0,0,27.2,35.2,0,946.3(28),2,76968,,,
1991-8,3260B,1.6(17),2,42,0,0,11.7,962.9(10),1,1014.1,957.3,19.7,41.8(06),25.9,29,0,14,28/16.1(17),0,15,85,0,2,12.9(09),258,172,0,0,2954,1.7,2,1,12,0,29.3,0,27.9,36.1,0,951.4(06),1,75321,,,
1991-9,3260B,10.5(04),2,55,0,0,8.5,963.9(17),1,1014.7,956.8,15.9,36.7(18),19.8,19,0,6,30/20.8(28),1,22,68,0,7,9.3(30),232,157,0,0,1690,29.1,10,5,9,0,16.6,0,22.9,29.8,0,940.5(29),5,54409,,,
1992-10,3260B,16.4(18),10,72,0,0,5.6,966.1(24),4,1013.3,953.5,8.9,28.6(01),14.9,0,0,2,36/21.1(04),1,19,50,0,12,2.5(22),283,114,0,0,598,51.8,13,0,11,0,12.5,0,14.0,19.0,0,933.8(16),8,36034,,,
1992-11,3260B,3.8(15),5,79,0,11,6.3,972.9(26),0,1025.4,964.2,5.1,21.5(05),9.5,0,1,8,27/14.7(15),0,17,63,0,4,-0.6(30),174,105,0,8,347,4.5,1,0,7,1,7.7,0,11.0,16.8,0,950.4(15),1,27099,,,
1992-12,3260B,8.5(04),14,81,0,4,3.9,966.6(12),3,1020.2,958.7,3.3,16.0(04),9.2,0,0,6,24/26.7(05),0,11,41,1,10,-4.6(31),280,89,0,3,348,15.5,11,0,10,8,7.8,0,7.6,12.0,0,942.9(04),2,18305,,,
1992-13,3260B,27.7(13/jun),62,62,1,33,7.7,975.9(02/ene),30,1018.4,958.6,8.5,40.5(25/ago),23.6,83,4,111,24/26.7(05/dic),6,193,62,1,82,-6.0(21/ene),260,110,0,16,14402,294.5,92,18,10,52,1.6,2,15.2,21.7,0,933.2(31/mar),43,,,,
1992-1,3260B,0.6(08),4,78,0,13,4.5,975.9(02),0,1027.6,964.7,-1.7,15.5(08),6.5,0,3,8,10/12.2(27),0,19,46,0,5,-6.0(21),198,65,0,4,415,1.9,4,0,7,25,1.6,1,4.0,9.6,0,954.6(09),0,,,,
1992-2,3260B,23.4(19),6,68,0,4,6.0,971.0(22),2,1026.3,964.3,0.2,19.6(05),6.0,0,0,12,10/19.4(19),1,11,56,0,4,-4.0(04),223,71,0,1,559,30.3,4,0,8,15,6.5,1,7.4,14.5,0,953.4(19),4,32982,,,
1992-3,3260B,9.3(30),7,57,1,0,6.7,973.1(10),6,1020.3,959.5,3.8,26.5(21),8.4,0,0,9,28/22.5(26),0,15,55,0,5,-1.0(29),300,76,0,0,1167,10.6,9,0,11,3,10.0,0,11.1,18.3,0,933.2(31),1,48511,,,
1992-4,3260B,10.2(02),5,56,0,0,9.7,971.3(17),3,1015.3,955.7,7.2,29.6(27),14.2,0,0,15,32/18.1(08),1,10,72,0,7,0.6(06),287,96,0,0,1504,22.3,7,0,11,0,12.2,0,14.4,21.6,0,939.6(03),4,66063,,,
1992-5,3260B,21.0(29),4,57,0,0,8.9,965.9(16),2,1014.6,956.1,12.4,33.5(17),16.8,10,0,8,34/16.1(02),1,19,62,0,12,3.4(03),312,139,0,0,1725,44.9,15,4,11,0,18.0,0,19.8,27.1,0,948.5(27),7,70524,,,
1992-6,3260B,27.7(13),6,60,0,0,8.4,959.3(05),0,1013.1,954.4,12.6,32.7(27),19.0,4,0,2,33/14.2(06),2,22,56,0,10,9.0(10),286,130,0,0,1253,82.7,13,1,13,0,16.4,0,18.3,23.9,0,946.6(22),9,66980,,,
1992-7,3260B,6.8(30),0,48,0,1,12.1,962.1(29),1,1014.1,957.0,18.5,38.9(27),22.3,27,0,13,27/17.5(16),0,18,82,0,2,13.2(06),280,176,0,0,2512,6.9,2,2,10,0,27.4,0,26.6,34.5,0,950.4(20),1,82467,,,
1992-8,3260B,5.6(19),0,43,0,0,10.6,962.4(13),6,1014.5,957.2,18.0,40.5(25),23.6,25,0,10,18/20.6(24),0,21,77,0,8,12.5(29),270,145,0,0,2247,18.1,10,8,11,0,23.5,0,25.9,33.8,0,949.3(28),4,69507,,,
1992-9,3260B,2.4(25),1,45,0,0,9.8,966.0(02),3,1016.5,958.3,13.5,36.4(16),19.5,17,0,18,20/19.7(16),0,11,78,0,3,8.4(23),230,116,0,0,1727,5.0,3,3,10,0,19.4,0,21.7,29.8,0,946.4(26),2,59734,,,
1993-10,3260B,19.7(27),10,78,0,2,5.3,966.0(19),4,1014.0,953.9,8.1,23.9(04),16.0,0,0,5,24/22.8(13),3,16,47,0,17,1.4(25),322,116,0,1,688,86.1,20,0,12,0,10.9,0,12.6,17.1,0,938.0(13),13,,,,
1993-11,3260B,13.3(30),8,84,0,11,3.7,966.2(13),0,1018.4,957.3,4.0,18.2(01),11.5,0,0,4,24/13.3(02),1,18,37,0,9,-2.0(21),188,100,0,11,309,22.6,11,0,7,7,8.8,0,8.9,13.9,0,939.9(03),5,22040,,,
1993-12,3260B,3.2(14),11,86,0,15,3.7,974.2(19),3,1025.8,963.6,2.5,15.6(26),9.1,0,3,6,24/17.2(25),0,14,39,0,2,-3.8(23),198,85,0,11,,4.0,3,0,7,7,4.2,0,6.6,10.6,0,948.7(14),1,18495,,,
1993-13,3260B,61.7(05/jun),65,67,3,44,7.5,975.1(06/ene),35,1017.9,958.0,8.3,41.1(20/ago),23.7,65,4,97,24/22.8(13/oct),10,203,59,0,87,-6.6(04/ene),266,119,2,28,,406.3,93,16,10,51,4.2,1,14.4,20.6,0,936.3(25/abr),57,,,,
1993-1,3260B,0.3(31),5,76,0,12,5.6,975.1(06),1,1030.4,967.6,-1.7,16.2(26),6.8,0,1,11,11/15.6(31),0,15,58,0,1,-6.6(04),157,69,0,5,365,0.3,2,0,6,25,6.4,0,5.2,12.1,0,951.7(29),0,26936,,,
1993-2,3260B,5.5(11),4,65,0,1,6.2,971.2(15),2,1024.2,962.5,1.6,19.8(21),7.7,0,0,9,31/16.7(28),0,15,57,0,4,-3.8(25),267,70,0,0,576,9.7,4,0,10,9,7.4,0,7.5,13.5,0,944.9(28),3,,,,
1993-3,3260B,21.5(13),5,61,0,0,7.1,971.7(17),1,1018.7,958.0,4.4,23.5(18),10.6,0,0,7,06/18.1(25),2,19,59,0,7,-5.8(01),270,84,0,0,909,41.9,6,0,10,3,4.9,1,11.2,17.9,0,939.1(01),4,50551,,,
1993-4,3260B,12.0(25),5,63,3,0,7.6,965.4(17),8,1013.5,953.4,6.3,26.8(08),12.3,0,0,6,33/21.9(23),1,19,58,0,12,2.4(15),301,93,0,0,965,29.1,10,0,14,0,12.0,0,12.6,18.8,0,936.3(25),8,58280,,,
1993-5,3260B,38.9(24),10,68,0,3,7.6,960.8(21),4,1012.3,953.2,10.1,29.0(31),13.8,0,0,2,11/18.6(04),2,19,52,0,17,5.4(20),298,128,1,0,935,92.0,17,5,12,0,17.4,0,16.0,21.8,0,944.2(13),9,66368,,,
1993-6,3260B,61.7(05),3,63,0,0,11.0,963.3(12),5,1015.1,957.0,14.7,35.2(27),19.2,10,0,9,09/19.2(07),1,18,73,0,9,9.8(11),278,172,1,0,1212,87.3,10,4,11,0,20.4,0,21.3,27.9,0,950.3(04),6,78513,,,
1993-7,3260B,5.4(01),0,51,0,0,12.7,964.6(22),1,1014.6,957.5,17.9,40.4(28),23.4,25,0,24,27/16.1(10),0,7,87,0,1,11.5(11),308,183,0,0,2247,5.4,1,1,11,0,26.1,0,26.0,34.0,0,949.5(09),1,84582,,,
1993-8,3260B,6.4(05),1,51,0,0,10.9,963.4(05),4,1013.9,956.7,18.5,41.1(20),23.7,25,0,12,18/20.6(06),0,18,79,0,4,10.0(29),304,181,0,0,2159,15.8,5,4,12,0,23.7,0,26.0,33.5,0,947.4(24),3,72408,,,
1993-9,3260B,4.2(29),3,61,0,0,8.1,961.1(26),2,1013.4,954.8,13.0,34.3(01),18.2,5,0,2,24/17.2(12),0,25,65,0,4,6.7(28),296,142,0,0,1384,12.1,4,2,11,0,19.6,0,19.4,25.8,0,948.9(12),4,54895,,,
1994-10,3260B,9.0(14),8,77,0,3,6.1,965.6(13),1,1015.5,956.1,11.1,27.8(03),15.8,0,0,4,24/20.3(22),0,19,54,0,10,5.2(29),249,146,0,1,739,19.5,11,3,9,0,16.8,0,16.6,22.1,0,942.3(19),7,36702,,,
1994-11,3260B,11.4(08),4,83,0,11,4.7,971.0(24),2,1021.7,960.9,6.1,22.2(01),11.5,0,2,4,27/15.8(09),1,22,47,0,7,0.0(27),205,117,0,7,376,35.2,8,0,8,1,11.6,0,11.7,17.2,2,943.8(04),6,23364,,,
1994-12,3260B,10.2(31),12,83,0,5,4.2,974.0(11),1,1027.3,965.4,2.9,18.6(13),12.3,0,0,8,24/16.7(31),1,11,44,0,6,-7.5(26),199,94,0,2,398,16.5,8,0,7,8,7.2,0,7.9,12.8,1,949.6(31),2,20783,,,
1994-13,3260B,15.3(06/ene),53,66,3,24,8.3,974.7(28/ene),30,1017.7,958.2,9.7,40.7(30/jun),25.8,97,3,125,15/23.3(28/jul),4,186,66,0,62,-7.5(26/dic),265,133,0,12,15006,188.1,73,14,11,34,6.8,0,16.2,22.8,3,930.6(06/ene),38,637676,,,
1994-1,3260B,15.3(06),7,74,0,3,5.8,974.7(28),3,1024.1,962.1,1.1,15.8(27),9.0,0,0,12,27/22.2(09),1,12,59,0,6,-4.6(19),256,76,0,2,504,37.8,6,0,11,14,7.4,0,6.6,11.9,0,930.6(06),5,27099,,,
1994-2,3260B,6.3(03),7,76,1,2,5.7,972.3(09),3,1018.0,956.6,2.2,20.2(26),8.8,0,1,6,27/18.6(03),0,14,53,0,13,-3.6(06),276,85,0,0,513,21.3,13,0,11,9,6.8,0,7.9,13.5,0,941.3(04),4,30192,,,
1994-3,3260B,0.0(--),2,65,0,0,8.9,971.3(23),0,1021.7,961.5,6.0,26.4(25),11.5,0,0,10,09/14.2(06),0,19,75,0,0,1.9(02),233,106,0,0,933,0.0,1,0,9,0,16.4,0,13.7,21.3,0,950.3(01),0,56952,,,
1994-4,3260B,11.6(23),2,58,2,0,9.9,968.9(03),8,1016.8,956.8,5.7,30.1(30),13.9,1,0,8,29/19.7(01),1,20,74,0,5,-1.9(16),324,91,0,0,1226,21.0,4,0,13,2,8.0,0,12.6,19.5,0,943.8(19),4,65470,,,
1994-5,3260B,5.7(07),7,63,0,0,8.8,963.3(01),4,1012.2,953.6,11.8,34.5(31),18.0,9,0,5,24/18.3(17),0,19,61,0,10,6.8(12),296,139,0,0,1384,26.0,11,2,13,0,15.3,0,18.2,24.6,0,942.9(13),7,69088,,,
1994-6,3260B,2.0(07),2,48,0,0,12.3,965.6(09),3,1016.0,958.3,15.6,40.7(30),21.4,20,0,16,18/21.1(07),0,12,83,0,1,10.4(12),336,157,0,0,2266,2.0,1,2,13,0,23.8,0,23.6,31.6,0,950.6(24),1,85824,,,
1994-7,3260B,2.7(28),0,47,0,0,12.8,961.1(04),2,1011.9,955.5,20.5,39.4(28),25.2,30,0,21,15/23.3(28),0,10,87,0,1,17.5(06),274,208,0,0,2720,2.7,4,4,12,0,29.7,0,28.7,36.8,0,948.9(29),1,90773,,,
1994-8,3260B,0.0(--),0,53,0,0,11.9,960.1(23),2,1011.9,955.3,19.8,38.8(27),25.8,28,0,20,29/18.1(02),0,11,87,0,0,16.2(11),261,216,0,0,2427,0.0,3,1,11,0,26.9,0,27.6,35.4,0,950.8(09),0,75687,,,
1994-9,3260B,4.9(28),2,63,0,0,8.8,965.4(18),1,1014.7,956.2,13.1,34.2(06),19.2,9,0,11,27/16.9(14),0,17,70,0,3,7.3(22),274,156,0,0,1520,6.1,3,2,10,0,14.8,0,19.7,26.3,0,945.0(21),1,55742,,,
1995-10,3260B,1.8(23),3,72,0,0,8.1,970.6(18),0,1019.2,960.2,12.3,31.4(01),18.2,1,0,9,11/13.9(08),0,19,72,0,4,5.3(30),270,160,0,0,972,2.9,7,0,9,0,19.0,0,18.8,25.2,0,954.9(04),1,,,,
1995-11,3260B,11.7(16),13,77,0,3,4.4,967.5(19),2,1017.3,957.1,8.4,23.9(03),15.0,0,0,2,24/20.0(18),1,15,44,0,13,3.2(24),246,118,0,0,411,47.7,16,0,9,0,10.4,0,12.9,17.4,0,938.6(11),12,,,,
1995-12,3260B,29.2(29),16,82,0,7,2.8,970.6(02),4,1014.9,954.0,5.7,18.9(24),13.0,0,1,3,24/23.3(26),4,12,29,0,19,-1.2(14),300,98,0,4,280,122.1,18,0,12,2,5.0,1,9.1,12.4,0,938.6(15),10,,,,
1995-13,3260B,29.2(29/dic),58,62,0,15,8.3,973.7(08/ene),42,1016.6,957.4,10.7,42.4(24/jul),25.8,88,2,106,24/31.9(24/jul),5,201,66,1,74,-4.0(15/ene),304,125,0,6,15199,235.7,88,18,12,22,5.0,1,17.0,23.3,0,938.6(11/nov),40,,,,
1995-1,3260B,2.2(18),5,75,0,1,5.8,973.7(08),4,1027.1,965.2,2.2,17.2(25),11.2,0,0,9,27/17.8(18),0,17,60,0,5,-4.0(15),255,85,0,1,547,4.6,9,0,11,11,7.9,0,7.8,13.4,0,947.9(01),2,,,,
1995-2,3260B,9.2(12),5,78,0,3,6.8,972.9(04),4,1023.8,962.6,4.4,20.2(24),11.6,0,1,6,24/21.1(26),0,17,63,0,6,-2.1(04),270,100,0,1,551,16.1,7,0,10,7,10.4,0,10.0,15.5,0,946.6(10),2,,,,
1995-3,3260B,0.0(--),4,58,0,1,8.5,970.4(23),6,1018.5,958.2,5.3,24.2(26),10.3,0,0,9,24/20.3(03),0,18,71,0,0,-0.4(07),364,86,0,0,1210,0.0,2,0,14,1,13.6,0,12.5,19.7,0,942.6(10),0,,,,
1995-4,3260B,6.3(27),1,56,0,0,10.2,970.3(01),3,1014.4,955.0,7.6,30.4(09),12.2,1,0,12,33/15.8(24),0,17,77,0,3,-1.4(23),300,105,0,0,1462,8.6,5,0,11,1,12.0,0,15.3,22.9,0,944.7(20),2,,,,
1995-5,3260B,1.5(09),5,60,0,0,10.6,962.2(04),7,1013.9,955.6,13.3,34.1(28),17.6,5,0,4,27/24.2(11),0,22,74,0,7,5.0(13),400,159,0,0,2051,4.2,7,5,14,0,20.7,0,20.5,27.6,0,942.5(11),2,,,,
1995-6,3260B,5.8(29),4,52,0,0,10.0,961.7(01),3,1011.5,954.0,16.5,36.4(19),21.4,20,0,4,09/15.6(06),0,22,67,0,7,8.9(01),340,160,0,0,1855,15.5,7,7,13,0,24.6,0,23.7,30.8,0,945.8(24),5,76173,,,
1995-7,3260B,1.3(08),1,38,0,0,12.5,961.3(05),3,1011.6,954.9,20.1,42.4(24),25.8,27,0,22,24/31.9(24),0,8,85,1,2,14.5(04),330,146,0,0,2638,1.8,2,1,14,0,26.4,0,27.6,35.0,0,948.3(31),1,84908,,,
1995-8,3260B,4.8(21),1,41,0,0,11.6,963.5(12),3,1012.3,955.3,18.9,38.6(12),23.5,30,0,17,29/17.2(23),0,13,84,0,3,14.6(29),281,144,0,0,2018,5.6,3,3,11,0,29.4,0,26.5,34.0,0,949.3(01),1,,,,
1995-9,3260B,3.8(17),0,59,0,0,8.8,966.5(27),3,1015.0,956.4,13.1,33.2(01),18.6,4,0,9,24/20.0(07),0,21,70,0,5,5.7(27),296,138,0,0,1204,6.6,5,2,11,0,19.0,0,19.4,25.8,0,948.3(07),2,,,,
1996-10,3260B,7.1(13),6,65,0,1,8.3,970.1(31),0,1019.6,959.9,8.6,27.8(22),13.8,0,0,13,33/14.7(06),0,12,75,0,2,1.0(31),194,122,0,0,912,7.3,2,0,8,0,16.3,0,15.6,22.7,0,941.1(13),1,44184,,,
1996-11,3260B,31.2(11),8,76,0,2,5.6,971.5(01),8,1019.3,958.6,5.6,24.9(02),11.6,0,0,6,24/21.1(20),3,16,56,0,7,1.1(01),307,104,1,0,671,75.3,9,0,12,0,9.2,0,11.1,16.5,0,933.9(11),3,26378,,,
1996-12,3260B,21.7(31),17,82,0,7,2.3,966.5(02),2,1010.4,949.5,4.9,18.4(01),11.8,0,0,3,27/16.7(14),4,11,24,0,19,-2.2(27),237,93,0,2,302,115.1,19,0,9,3,2.4,0,8.4,11.9,0,933.9(21),18,15084,,,
1996-13,3260B,31.2(11/nov),79,59,2,13,8.0,971.5(01/nov),36,1014.5,955.0,9.7,39.1(22/jul),23.6,79,0,106,27/21.4(06/ene),15,181,63,0,86,-3.5(23/feb),288,107,1,3,13341,445.6,95,13,11,14,2.4,2,15.7,21.6,0,933.9(11/nov),65,,,,
1996-1,3260B,15.8(04),17,78,0,1,2.5,963.0(16),6,1009.7,949.0,5.7,18.2(06),8.7,0,0,0,27/21.4(06),3,14,26,0,15,1.7(31),345,92,0,1,332,71.0,17,2,14,0,7.6,0,9.0,12.3,0,934.7(22),13,,,,
1996-2,3260B,9.3(01),5,62,0,0,7.2,967.9(16),5,1018.0,956.4,1.8,17.4(18),7.8,0,0,9,27/21.4(07),0,15,66,0,6,-3.5(23),339,64,0,0,561,16.6,6,0,13,8,7.5,2,7.1,12.4,0,940.9(01),4,,,,
1996-3,3260B,14.0(29),5,59,1,0,7.3,964.3(01),1,1013.6,953.1,5.2,26.4(23),12.6,0,0,4,31/20.0(30),1,22,60,0,7,-1.4(17),314,79,0,0,844,26.0,8,3,12,3,11.2,0,11.0,16.7,0,937.3(13),4,49161,,,
1996-4,3260B,8.5(01),6,55,1,0,8.7,964.7(08),3,1013.9,954.3,8.0,25.7(14),11.9,0,0,6,27/20.0(01),0,18,65,0,7,2.4(04),286,92,0,0,916,19.4,7,1,11,0,14.6,0,14.4,20.8,0,941.4(01),3,61985,,,
1996-5,3260B,14.6(11),7,58,0,1,9.3,966.2(22),3,1012.9,953.9,10.9,34.2(30),18.1,5,0,5,24/18.3(02),3,19,64,0,11,5.6(13),259,113,0,0,1104,62.6,14,1,11,0,11.3,0,16.9,22.8,0,944.1(06),9,71613,,,
1996-6,3260B,3.1(16),1,39,0,0,12.7,964.9(12),1,1016.0,958.3,16.4,37.6(30),20.0,20,0,16,27/16.7(17),0,13,85,0,2,10.6(04),305,126,0,0,2067,3.3,2,2,11,0,25.6,0,24.1,31.8,0,948.7(20),1,88314,,,
1996-7,3260B,0.0(--),1,36,0,0,12.2,966.5(09),5,1014.2,957.1,18.6,39.1(22),23.6,26,0,19,36/18.1(26),0,11,83,0,0,11.0(08),322,126,0,0,2358,0.0,1,0,14,0,26.9,0,26.2,33.8,0,949.1(01),0,85476,,,
1996-8,3260B,2.8(07),1,42,0,0,11.8,962.1(31),1,1012.8,955.4,17.9,36.6(01),22.4,23,0,16,24/16.4(07),0,14,86,0,1,12.4(31),279,137,0,0,2077,2.8,1,1,12,0,27.6,0,25.0,32.0,0,950.1(13),1,77636,,,
1996-9,3260B,14.3(04),5,59,0,1,8.1,965.7(29),1,1013.6,955.0,13.0,33.3(29),15.6,5,0,9,27/18.9(21),1,16,66,0,9,9.6(13),263,133,0,0,1197,46.2,9,3,10,0,16.7,0,19.4,25.8,0,946.1(20),8,54410,,,
1997-10,3260B,7.6(20),6,61,0,2,7.2,964.3(30),0,1015.6,956.6,11.6,31.0(03),17.1,3,0,7,36/15.0(12),0,18,64,0,9,0.7(30),228,129,0,0,929,15.0,9,1,9,0,16.2,0,17.9,24.1,0,948.2(06),5,41769,20.5,21.0,20.9
1997-11,3260B,24.1(13),12,81,0,6,3.3,962.9(30),3,1012.4,952.0,7.4,20.9(05),12.7,0,1,0,24/28.6(06),4,18,33,1,19,2.2(23),298,109,0,3,307,108.6,20,1,12,0,10.8,0,11.1,14.8,1,920.5(06),12,19808,12.1,12.1,13.1
1997-12,3260B,12.1(04),15,83,0,15,3.2,972.7(24),5,1018.3,956.9,3.9,16.9(17),9.9,0,2,1,27/21.1(22),1,15,34,0,15,-2.8(15),222,92,0,6,260,53.4,15,0,8,6,6.3,1,7.8,11.7,3,936.9(17),11,17802,8.8,8.7,9.5
1997-13,3260B,24.1(13/nov),75,61,1,47,7.6,974.2(28/feb),28,1016.5,957.1,10.3,39.4(02/ago),22.6,68,4,91,24/28.6(06/nov),14,199,60,1,105,-2.8(15/dic),261,115,0,18,12287,459.2,104,26,10,10,1.2,4,16.4,22.4,4,920.5(06/nov),69,613664,,,
1997-1,3260B,18.5(19),14,85,0,15,3.0,969.8(31),2,1017.8,956.2,3.5,16.4(31),7.0,0,0,2,27/17.8(09),4,15,31,0,12,-2.5(07),249,87,0,6,243,92.4,11,0,10,4,1.2,3,7.1,10.7,0,938.6(02),11,18701,,,
1997-2,3260B,2.0(02),3,73,0,7,7.4,974.2(28),1,1029.0,967.6,4.5,22.2(27),9.4,0,1,5,24/18.9(14),0,20,69,0,2,0.1(10),222,95,0,3,529,2.7,2,1,8,0,11.6,0,10.7,16.9,0,960.5(23),1,35948,,,
1997-3,3260B,0.0(--),1,47,0,0,10.2,973.5(03),0,1023.1,962.9,5.8,26.0(17),9.1,0,0,21,06/13.9(25),0,9,85,0,0,2.7(26),237,78,0,0,1227,0.0,0,0,9,0,16.6,0,14.4,22.9,0,951.4(24),0,60923,,,
1997-4,3260B,18.9(20),9,53,0,0,8.2,967.7(10),0,1015.0,955.8,9.7,28.7(16),13.8,0,0,13,11/14.2(05),2,8,62,0,8,3.8(11),264,99,0,0,1081,44.0,8,1,9,0,16.8,0,16.4,23.1,0,937.5(20),4,62014,,,
1997-5,3260B,22.6(25),3,56,0,1,8.5,962.5(03),4,1013.2,954.3,11.4,30.2(29),15.0,1,0,3,27/21.9(07),2,25,59,0,14,4.2(08),321,120,0,0,1116,68.1,14,7,13,0,16.8,0,17.6,23.7,0,947.7(05),10,69654,20.5,21.5,19.7
1997-6,3260B,3.3(05),3,53,0,0,10.1,959.3(08),6,1010.9,952.8,14.5,32.4(09),18.3,3,0,7,27/17.2(21),0,20,67,0,6,10.4(30),311,136,0,0,1462,7.2,6,1,14,0,19.3,0,20.6,26.6,0,942.5(27),2,76665,23.7,25.5,22.6
1997-7,3260B,9.7(23),2,46,1,0,10.9,965.7(05),5,1014.2,956.7,16.9,37.6(27),22.0,24,0,10,27/18.9(15),0,19,75,0,6,10.2(03),259,142,0,0,1754,26.2,5,6,9,0,21.1,0,24.4,31.9,0,950.2(21),4,81653,27.5,30.0,26.2
1997-8,3260B,13.6(25),3,46,0,1,10.7,963.9(29),1,1013.2,955.9,18.2,39.4(02),22.6,22,0,12,36/17.8(25),1,16,78,0,6,11.9(29),243,150,0,0,1872,22.7,6,4,10,0,23.4,0,25.6,32.9,0,949.5(07),5,72329,28.8,30.4,28.1
1997-9,3260B,7.7(28),4,51,0,0,7.9,963.8(08),1,1015.6,957.7,16.4,36.2(11),21.4,15,0,10,15/16.4(25),0,16,63,0,8,11.6(03),280,145,0,0,1507,18.9,8,4,10,0,20.2,0,23.3,30.0,0,950.6(11),4,56398,26.5,27.5,26.2
1998-10,3260B,12.1(05),1,63,0,0,8.2,970.1(23),1,1020.7,960.7,7.8,26.1(12),12.8,0,0,8,27/16.1(25),1,22,74,0,4,3.2(21),198,107,0,1,760,25.5,4,0,8,0,14.6,0,14.7,21.7,0,944.6(05),3,42989,16.6,17.5,17.4
1998-11,3260B,18.2(04),4,68,0,3,6.6,969.1(09),2,1021.4,960.3,4.5,21.9(10),13.9,0,0,11,33/16.9(29),1,15,66,0,3,-4.0(22),208,90,0,1,496,21.7,3,0,7,6,8.0,0,10.3,16.0,0,946.5(04),2,27592,11.4,11.6,12.6
1998-12,3260B,5.4(30),6,70,0,7,5.5,975.8(13),2,1024.3,962.0,-0.9,15.5(17),7.4,0,0,10,11/20.0(31),0,15,58,0,6,-5.9(23),174,68,0,6,306,10.3,5,0,7,20,6.4,0,5.6,12.0,0,932.5(31),2,23981,6.2,6.2,7.4
1998-13,3260B,52.5(26/may),51,60,2,31,8.1,976.5(23/feb),25,1017.8,958.2,9.3,39.4(10/ago),24.4,82,1,114,24/24.2(09/abr),10,200,65,0,79,-5.9(23/dic),256,111,1,14,12749,389.2,77,14,10,28,6.4,0,15.7,22.1,3,932.5(31/dic),53,623844,17.8,19.1,17.4
1998-1,3260B,6.6(28),11,79,0,6,3.8,970.2(17),1,1021.1,959.6,3.8,16.8(03),10.2,0,1,2,27/15.8(19),0,18,39,0,9,-1.0(22),272,88,0,2,345,21.7,9,0,11,2,8.4,0,8.0,12.2,1,942.9(31),6,21843,8.3,8.6,8.8
1998-2,3260B,14.2(02),7,74,0,9,5.7,976.5(23),0,1025.2,963.9,4.6,21.6(16),8.0,0,0,7,33/12.2(22),1,14,52,0,7,0.1(24),244,94,0,4,418,31.9,8,0,8,0,9.9,0,10.1,15.5,1,940.2(03),5,30346,10.2,11.0,10.0
1998-3,3260B,6.4(29),2,56,0,1,8.4,970.2(19),2,1022.4,962.0,5.6,24.8(20),13.7,0,0,11,27/18.1(12),0,18,71,0,3,0.1(14),226,89,0,0,972,17.0,3,0,9,0,13.2,0,13.2,20.8,0,947.8(29),3,55424,14.0,16.1,13.2
1998-4,3260B,12.2(28),5,62,1,1,8.0,964.7(24),6,1012.7,952.6,6.2,28.8(25),10.4,0,0,2,24/24.2(09),1,23,60,0,14,0.1(12),367,92,0,0,736,43.9,13,1,16,0,10.0,0,11.7,17.2,0,941.5(09),8,58377,14.1,15.3,14.0
1998-5,3260B,52.5(26),5,64,1,3,7.6,961.5(09),2,1013.2,954.1,10.3,29.0(18),13.6,0,0,2,13/17.5(15),4,24,53,0,19,4.2(05),256,123,1,0,794,135.7,18,6,10,0,15.9,0,16.3,22.2,0,947.0(27),12,67255,18.6,20.1,17.6
1998-6,3260B,23.8(04),2,46,0,0,12.2,965.9(12),1,1014.7,957.0,15.9,36.8(29),21.0,15,0,18,06/18.9(05),1,10,82,0,3,9.0(12),268,136,0,0,1790,35.0,3,2,11,0,22.0,0,23.0,30.0,0,948.7(30),3,83442,24.5,27.4,22.6
1998-7,3260B,0.0(--),0,35,0,0,13.2,961.9(04),2,1011.9,955.1,19.0,38.8(17),23.0,27,0,21,27/16.1(02),0,10,90,0,0,13.0(03),272,134,0,0,2479,0.0,0,0,11,0,26.3,0,27.0,35.0,0,949.7(01),0,87811,31.4,34.3,29.3
1998-8,3260B,1.3(15),0,43,0,0,11.1,966.2(03),3,1013.4,956.5,19.3,39.4(10),24.4,29,0,15,15/16.1(19),0,16,81,0,2,13.2(03),278,162,0,0,2251,1.5,2,4,9,0,27.8,0,27.2,35.2,0,949.0(31),1,73297,31.7,33.8,30.2
1998-9,3260B,12.5(22),8,58,0,1,7.2,962.6(20),3,1012.7,954.7,15.6,35.1(09),21.9,11,0,7,24/18.3(25),1,15,58,0,9,11.7(27),303,150,0,0,1402,45.0,9,1,12,0,19.8,0,21.7,27.7,1,945.0(25),8,51487,26.2,27.0,26.2
1999-10,3260B,25.8(23),11,72,0,3,5.1,966.5(09),4,1015.7,956.3,11.2,27.1(01),14.4,0,1,1,27/29.2(24),3,19,46,1,16,8.0(25),265,134,0,2,643,90.8,17,2,9,0,15.4,0,16.4,21.5,0,936.3(20),12,34353,18.3,18.5,18.8
1999-11,3260B,9.3(11),4,68,0,10,6.4,969.5(27),1,1022.1,960.6,2.8,21.9(01),9.6,0,0,8,33/15.3(02),0,18,64,0,5,-2.3(24),228,76,0,4,427,18.3,7,1,8,8,6.0,1,8.3,13.7,1,949.1(21),3,27730,9.9,10.0,11.1
1999-12,3260B,11.5(29),13,78,0,11,2.9,970.2(01),4,1024.9,962.8,2.5,16.4(02),11.5,0,5,2,27/24.2(27),1,16,31,0,7,-2.4(31),249,80,0,3,262,26.1,7,0,9,9,2.6,0,6.5,10.4,2,945.3(15),5,16435,7.4,7.5,7.9
1999-13,3260B,25.8(23/oct),59,58,2,29,8.4,975.7(03/feb),35,1016.8,957.3,9.5,41.2(01/jul),24.4,99,6,118,27/29.2(24/oct),8,188,67,1,72,-5.4(01/feb),266,108,0,11,13924,307.9,82,16,11,42,2.6,1,15.9,22.3,3,936.3(20/oct),51,,18.4,19.6,17.9
1999-1,3260B,4.6(16),6,71,0,3,6.5,972.6(24),1,1022.4,960.4,0.4,18.3(29),6.4,0,0,13,24/19.7(09),0,12,67,0,5,-4.2(13),205,71,0,1,370,14.1,6,0,8,12,7.0,0,6.4,12.4,0,936.9(01),4,27700,5.9,6.4,6.5
1999-2,3260B,8.6(09),5,61,0,0,8.0,975.7(03),1,1023.4,961.8,1.1,21.0(22),8.1,0,0,12,24/16.9(09),0,11,75,0,4,-5.4(01),231,68,0,0,592,19.1,5,0,9,12,7.8,0,7.9,14.5,0,947.3(09),3,35167,7.5,8.5,7.5
1999-3,3260B,7.8(11),6,61,0,1,7.9,967.4(01),5,1014.6,954.2,4.5,25.5(31),9.8,0,0,9,24/18.6(27),0,16,66,0,6,0.0(07),292,83,0,1,800,18.5,6,1,11,1,11.6,0,11.2,17.8,0,945.1(11),5,,12.7,14.0,11.9
1999-4,3260B,13.4(27),4,53,2,0,9.7,966.7(06),6,1016.6,956.9,7.8,30.2(06),12.4,1,0,6,24/17.5(16),2,20,73,0,10,1.5(16),314,91,0,0,1260,39.4,8,3,13,0,12.8,0,14.6,21.4,0,942.2(14),7,,18.0,19.5,17.0
1999-5,3260B,8.2(03),7,62,0,0,9.4,964.3(22),4,1014.0,955.4,12.4,33.8(25),18.5,8,0,4,24/18.3(18),0,20,65,0,7,7.5(20),285,141,0,0,1378,40.9,8,2,12,0,14.5,0,19.0,25.6,0,944.6(17),7,72649,21.4,23.2,19.9
1999-6,3260B,1.2(01),0,40,0,0,12.5,962.3(09),4,1014.8,957.1,16.0,37.8(30),20.6,20,0,16,24/21.9(01),0,14,83,0,4,12.0(06),302,122,0,0,2089,1.7,5,4,13,0,23.2,0,23.9,31.8,0,950.5(22),1,84758,28.7,31.4,26.4
1999-7,3260B,0.2(12),0,34,0,0,12.7,962.9(07),0,1010.9,954.3,20.4,41.2(01),24.4,29,0,21,18/14.2(10),0,10,86,0,1,17.0(27),274,135,0,0,2378,0.2,2,1,11,0,29.2,0,28.2,36.0,0,946.7(11),0,85129,33.9,36.3,31.3
1999-8,3260B,1.3(07),1,39,0,0,11.5,959.8(11),2,1010.3,953.5,19.0,41.1(24),23.5,29,0,16,29/18.1(07),0,14,84,0,1,14.6(08),262,140,0,0,2385,1.3,1,0,11,0,27.4,0,26.8,34.6,0,945.8(07),1,74362,31.9,33.7,30.4
1999-9,3260B,14.3(01),2,57,0,1,8.2,963.4(10),3,1012.4,954.4,15.7,34.0(12),19.5,12,0,10,11/21.7(01),2,18,66,0,6,10.8(20),281,151,0,0,1340,37.5,10,2,12,0,19.5,0,21.9,28.0,0,936.6(19),3,53524,25.5,26.3,25.6
2000-10,3260B,17.0(30),4,54,0,1,7.9,967.8(18),1,1016.8,957.3,9.2,30.2(04),13.0,1,0,5,27/20.8(11),2,22,71,0,4,5.0(15),230,98,0,0,949,38.1,4,0,7,0,15.8,0,16.0,22.7,0,940.9(11),3,,18.1,18.8,18.8
2000-11,3260B,14.9(22),8,71,0,7,5.4,965.3(27),3,1016.4,955.6,5.1,21.5(28),11.9,0,0,3,27/21.4(06),1,19,54,0,11,-0.6(10),288,90,0,1,483,49.7,12,0,11,1,8.7,0,9.8,14.5,0,941.0(06),9,,10.9,10.9,11.7
2000-12,3260B,14.7(01),13,76,0,2,3.3,972.6(11),6,1016.1,954.9,4.5,19.8(07),11.2,0,0,1,22/28.9(07),2,17,35,1,14,-2.6(17),268,86,0,2,367,66.6,15,0,10,3,7.6,0,8.5,12.6,0,935.0(26),12,,8.7,8.7,9.1
2000-13,3260B,17.6(15/abr),53,55,2,37,8.3,974.2(30/ene),34,1016.9,957.4,9.2,40.3(31/jul),23.4,96,2,118,22/28.9(07/dic),10,195,67,1,79,-5.8(25/ene),262,99,0,13,13666,331.1,87,11,10,34,1.4,0,15.8,22.4,2,927.4(02/abr),57,,18.4,19.7,17.7
2000-1,3260B,2.9(26),5,73,0,11,5.6,974.2(30),0,1026.2,963.5,-1.8,16.5(31),3.4,0,1,14,09/11.4(26),0,12,57,0,3,-5.8(25),174,62,0,9,316,5.3,4,0,7,25,1.4,0,4.2,10.1,0,945.9(14),3,26199,4.5,4.8,5.0
2000-2,3260B,1.5(01),1,61,0,8,8.2,973.5(04),1,1028.4,967.1,2.8,21.6(19),7.8,0,0,8,36/17.2(16),0,20,76,0,1,-1.7(06),194,79,0,0,595,1.5,2,0,7,3,14.0,0,10.5,18.2,2,959.9(19),1,38061,9.9,11.3,9.0
2000-3,3260B,5.6(30),4,52,0,2,8.1,971.3(09),1,1020.0,959.6,5.0,25.5(11),9.6,0,0,9,11/16.1(21),0,18,68,0,8,-1.7(03),231,76,0,0,954,13.5,9,0,9,2,12.6,0,12.2,19.4,0,949.0(28),3,52041,14.3,15.8,13.2
2000-4,3260B,17.6(15),10,67,0,1,6.2,962.9(23),12,1010.0,950.0,6.7,23.8(25),12.0,0,0,0,27/22.2(16),2,20,46,0,17,1.6(05),396,95,0,0,741,66.3,20,0,16,0,12.3,0,11.8,16.8,0,927.4(02),11,,14.1,14.8,13.5
2000-5,3260B,16.7(03),7,64,1,5,8.1,962.2(30),1,1014.0,955.3,12.4,34.2(31),17.6,5,1,3,13/17.2(03),2,21,56,0,15,6.0(02),236,142,0,1,909,61.4,14,9,9,0,15.6,0,18.6,24.8,0,947.1(03),10,,20.3,22.2,18.6
2000-6,3260B,5.5(04),1,38,0,0,12.7,964.9(14),4,1015.7,958.1,16.4,38.6(26),22.4,23,0,19,27/17.5(09),0,10,85,0,2,9.4(10),316,122,0,0,2103,7.3,2,1,13,0,22.2,0,24.3,32.2,0,949.0(08),2,,29.2,32.1,26.5
2000-7,3260B,0.4(10),0,35,0,0,12.7,961.8(14),1,1012.2,955.0,17.8,40.3(31),21.4,23,0,21,11/16.4(17),0,10,87,0,1,11.5(12),307,118,0,0,2245,0.4,2,0,12,0,27.6,0,25.7,33.5,0,947.9(10),0,87260,32.0,34.4,29.7
2000-8,3260B,0.0(--),0,32,0,0,12.1,963.9(05),2,1014.0,956.8,18.1,40.3(15),23.4,27,0,18,04/16.4(05),0,13,88,0,0,13.4(05),265,110,0,0,2359,0.0,0,0,11,0,28.1,0,26.0,33.9,0,949.9(30),0,77800,32.0,33.9,30.2
2000-9,3260B,17.0(26),0,41,1,0,9.8,962.3(05),2,1013.5,955.5,14.4,35.9(07),19.4,17,0,17,27/18.3(19),1,13,78,0,3,6.7(21),244,110,0,0,1645,21.0,3,1,9,0,20.0,0,22.4,30.4,0,945.3(19),3,59334,27.2,28.2,26.6
2001-10,3260B,14.6(18),7,69,0,3,6.0,969.5(24),5,1018.3,958.9,12.1,29.0(02),16.9,0,1,1,27/22.8(12),2,23,54,0,12,7.0(24),248,136,0,1,667,65.0,14,1,11,0,18.4,0,17.4,22.7,0,944.2(20),10,35535,18.5,19.0,19.1
2001-11,3260B,5.0(15),4,65,0,5,6.3,968.6(29),4,1022.4,960.8,2.4,21.2(01),10.6,0,0,11,01/25.8(14),0,15,63,1,7,-4.4(11),245,73,0,1,539,16.6,8,0,12,11,7.6,0,8.2,14.1,1,951.5(09),5,27596,10.4,10.3,11.8
2001-12,3260B,12.1(23),10,76,0,9,4.5,971.4(05),2,1023.9,961.2,-1.9,15.1(07),4.5,0,2,7,09/15.8(17),1,14,47,0,4,-8.0(16),223,62,0,5,202,21.2,5,0,10,23,-0.4,1,3.6,9.1,2,948.1(23),3,20656,5.0,5.0,6.3
2001-13,3260B,23.8(09/may),63,55,3,31,8.1,976.3(11/feb),37,1016.8,957.3,9.8,40.4(24/ago),25.4,100,3,114,01/25.8(14/nov),10,188,65,1,90,-8.0(16/dic),272,101,0,9,14073,340.1,104,10,12,40,-0.4,1,16.0,22.2,3,931.3(02/mar),58,618928,18.5,19.6,18.1
2001-1,3260B,10.8(01),13,74,0,4,4.2,967.5(20),7,1017.4,956.2,4.9,17.3(05),10.4,0,0,4,27/25.0(28),1,14,43,0,19,-0.6(21),326,86,0,0,450,46.2,20,0,13,2,7.4,0,8.8,12.6,0,941.7(28),8,20789,8.5,8.8,8.4
2001-2,3260B,10.9(06),4,65,1,4,6.8,976.3(11),4,1021.8,960.5,3.1,19.8(22),10.5,0,0,9,20/20.8(07),1,15,63,0,12,-2.5(26),271,76,0,1,529,25.5,12,0,10,4,9.5,0,8.9,14.6,0,942.9(27),5,32906,9.4,9.9,9.2
2001-3,3260B,10.9(02),11,67,1,2,6.0,964.7(13),10,1012.6,952.8,8.4,26.0(23),13.4,0,0,2,24/20.0(02),1,18,50,0,11,3.1(14),316,104,0,0,738,45.1,15,1,14,0,10.0,0,13.3,18.3,0,931.3(02),8,45329,13.6,14.7,12.5
2001-4,3260B,11.8(30),1,47,0,1,10.4,967.3(09),1,1017.0,957.2,7.4,24.6(10),12.2,0,0,9,29/16.7(23),1,20,78,0,4,2.0(21),310,80,0,0,1208,14.5,6,0,13,0,15.6,0,14.3,21.2,0,944.7(29),3,68803,18.2,19.3,17.2
2001-5,3260B,23.8(09),7,53,1,2,9.0,965.9(28),1,1014.3,955.4,11.2,36.2(31),18.6,7,0,8,24/16.4(12),1,16,62,0,9,1.5(02),228,108,0,1,1198,42.8,10,4,9,0,11.5,0,17.6,24.1,0,947.8(03),9,69723,20.0,21.7,18.9
2001-6,3260B,8.1(10),0,32,0,0,12.9,964.1(18),1,1014.4,957.0,17.1,39.6(24),24.4,21,0,21,27/15.3(15),0,9,86,0,2,10.0(11),276,106,0,0,2375,15.3,2,1,12,0,23.6,0,25.0,32.8,0,950.1(08),2,86996,28.9,31.6,27.0
2001-7,3260B,0.4(08),1,34,0,0,11.5,963.0(01),1,1012.6,955.5,18.5,38.9(31),23.6,25,0,14,29/16.1(04),0,16,79,0,1,12.6(05),322,118,0,0,2501,0.4,2,0,15,0,26.4,0,25.8,33.2,0,946.3(04),0,82370,31.4,33.7,29.9
2001-8,3260B,2.7(12),1,37,0,0,11.4,963.3(06),1,1013.4,956.4,19.6,40.4(24),25.4,31,0,14,22/19.2(26),0,16,83,0,5,16.2(17),259,137,0,0,2213,5.6,6,3,14,0,30.0,0,27.1,34.6,0,951.0(13),2,73455,31.6,33.4,30.4
2001-9,3260B,22.9(21),4,46,0,1,8.7,962.1(25),0,1013.3,955.2,14.9,35.0(04),19.6,16,0,14,29/15.0(23),2,12,70,0,4,8.8(26),240,121,0,0,1453,41.9,4,0,10,0,21.0,0,22.0,29.1,0,944.6(22),3,54770,26.8,27.8,26.9
2002-10,3260B,16.7(08),4,68,0,2,6.4,968.5(27),3,1016.8,957.2,10.6,26.6(06),14.4,0,0,4,24/17.5(21),2,23,57,0,10,5.6(19),260,124,0,2,607,35.8,10,2,11,0,16.3,0,16.1,21.6,0,941.4(09),5,,17.5,17.5,18.4
2002-11,3260B,12.2(19),11,73,0,3,4.3,970.5(30),5,1015.5,955.0,7.2,22.5(06),13.6,0,0,1,27/23.9(21),2,18,43,0,14,3.2(08),264,99,0,1,451,56.7,17,0,12,0,10.4,0,11.5,15.8,0,927.1(14),8,24057,13.0,13.0,13.8
2002-12,3260B,9.6(18),10,77,0,6,3.9,968.2(01),2,1019.2,958.1,4.9,18.7(17),12.7,0,0,2,25/17.2(27),0,19,41,0,13,-1.0(09),255,92,0,0,321,39.2,15,0,11,2,8.6,0,9.1,13.3,0,942.1(27),11,19893,9.5,9.5,10.0
2002-13,3260B,22.1(10/abr),75,57,1,35,7.9,973.1(11/ene),36,1016.7,957.2,9.9,40.1(28/jul),23.0,92,3,96,27/25.6(21/ene),11,194,62,1,94,-3.2(16/ene),276,103,0,10,13101,362.9,104,12,13,17,6.2,0,16.1,22.2,4,927.1(14/nov),61,,18.4,19.3,18.1
2002-1,3260B,11.8(02),9,80,0,13,3.2,973.1(11),4,1028.1,965.9,2.5,16.0(29),8.7,0,2,1,27/25.6(21),1,21,32,1,9,-3.2(16),247,82,0,4,230,36.0,9,0,11,9,6.2,0,6.9,11.3,2,951.3(23),7,19924,6.9,7.2,6.9
2002-2,3260B,1.4(28),4,62,0,8,7.6,972.6(20),1,1024.3,962.9,2.6,20.3(23),9.4,0,1,11,27/22.8(05),0,13,71,0,3,-1.4(15),239,74,0,2,532,1.8,4,0,11,6,11.0,0,9.2,15.8,1,949.4(28),1,36092,9.4,10.5,9.2
2002-3,3260B,12.0(15),13,61,0,3,6.2,969.3(21),5,1016.5,956.2,5.8,26.8(24),11.4,0,0,8,22/17.2(13),1,10,52,0,9,0.5(03),292,85,0,1,747,31.9,11,0,13,0,10.2,0,11.8,17.8,1,944.1(13),6,46505,12.8,13.8,12.2
2002-4,3260B,22.1(10),8,53,0,0,9.1,968.5(22),1,1012.7,953.1,7.3,30.2(25),14.0,1,0,9,27/18.3(03),3,13,68,0,7,1.4(04),247,86,0,0,958,58.6,7,0,11,0,12.0,0,14.1,20.8,0,929.7(11),6,63455,16.2,17.3,15.4
2002-5,3260B,9.9(07),9,52,1,0,9.4,964.2(14),5,1014.4,955.2,9.9,32.4(16),16.1,6,0,8,27/17.5(22),0,14,65,0,8,2.7(04),320,100,0,0,1256,42.4,8,2,16,0,11.8,0,16.5,23.0,0,945.0(08),7,71958,19.7,21.2,18.9
2002-6,3260B,2.4(04),1,35,0,0,11.4,961.8(21),5,1013.3,955.9,17.0,39.6(17),23.0,24,0,13,29/21.4(06),0,16,76,0,8,7.6(07),358,115,0,0,2221,5.4,8,3,16,0,21.2,0,24.9,32.7,0,946.3(05),2,77111,28.5,30.9,26.5
2002-7,3260B,1.5(07),0,34,0,0,13.0,963.4(24),1,1012.8,955.8,18.4,40.1(28),23.0,27,0,21,03/15.3(14),0,10,89,0,1,13.4(15),309,123,0,0,2392,1.5,1,1,15,0,27.6,0,26.3,34.1,0,948.7(31),1,84391,32.0,34.3,30.3
2002-8,3260B,19.4(26),2,38,0,0,11.6,960.6(31),2,1012.3,955.0,17.6,38.3(13),21.5,26,0,14,08/15.3(24),1,15,84,0,4,13.4(27),256,121,0,0,2149,22.5,4,4,13,0,25.2,0,25.3,32.9,0,949.3(01),2,,30.7,31.8,30.1
2002-9,3260B,12.6(17),4,52,0,0,8.5,961.9(29),2,1014.0,955.7,14.6,32.7(01),19.0,8,0,4,29/17.8(07),1,22,68,0,8,8.4(25),262,130,0,0,1237,31.1,10,0,12,0,21.7,0,21.2,27.7,0,950.2(13),5,,24.3,24.6,24.9
2003-10,3260B,19.1(18),8,66,0,3,5.6,964.5(08),6,1012.8,953.3,10.4,27.4(10),15.0,0,0,4,29/25.0(31),2,19,50,0,16,2.7(24),293,115,0,1,705,81.2,17,1,12,0,12.8,0,15.5,20.5,0,930.2(31),14,35842,17.6,17.2,19.3
2003-11,3260B,13.7(15),13,77,0,12,3.8,967.3(13),3,1017.1,956.5,6.6,19.6(07),10.4,0,0,4,23/20.6(27),2,13,37,0,8,1.7(26),230,102,0,3,343,45.2,8,0,10,0,10.2,0,11.0,15.4,0,934.3(01),6,21902,12.1,12.1,13.1
2003-12,3260B,16.0(09),10,79,0,14,4.1,971.4(23),3,1021.1,959.3,2.2,16.8(15),8.8,0,0,4,10/16.4(09),1,17,44,0,12,-1.8(23),235,80,0,6,302,35.4,12,0,10,9,6.1,0,6.9,11.5,2,942.5(09),8,20279,7.7,7.6,8.6
2003-13,3260B,19.1(18/oct),71,54,0,34,7.9,973.9(25/ene),39,1016.4,957.0,10.2,42.0(01/ago),24.8,112,0,103,29/25.0(31/oct),7,191,63,0,83,-5.5(15/ene),292,99,0,11,14804,300.3,99,7,13,29,3.4,1,16.6,22.8,3,930.2(31/oct),51,621060,19.0,19.7,18.7
2003-1,3260B,9.5(20),7,66,0,0,5.7,973.9(25),9,1022.4,960.5,1.5,22.0(27),8.5,0,0,10,36/20.3(29),0,14,58,0,9,-5.5(15),311,68,0,0,492,36.4,11,0,14,11,5.0,0,6.6,11.6,0,941.3(05),6,26554,6.7,6.6,7.2
2003-2,3260B,8.6(18),9,65,0,3,5.1,969.0(28),2,1019.4,957.8,2.1,16.1(06),8.0,0,0,6,27/21.1(04),0,13,49,0,8,-5.0(17),285,68,0,1,432,32.0,9,0,12,9,3.4,1,7.2,12.4,0,943.0(19),6,28238,7.6,7.8,7.7
2003-3,3260B,5.6(27),9,56,0,2,6.6,967.7(01),3,1019.8,959.3,5.8,26.2(13),10.5,0,0,9,11/19.7(17),0,13,56,0,7,0.4(20),323,83,0,0,838,13.7,9,0,14,0,13.5,0,12.4,18.9,1,944.3(30),3,47449,12.9,14.1,12.1
2003-4,3260B,13.3(18),6,53,0,0,7.7,963.5(01),6,1013.3,953.7,8.0,26.8(28),13.5,0,0,6,33/17.8(03),1,18,59,0,8,0.4(04),313,89,0,0,954,24.7,11,0,15,0,14.8,0,14.3,20.6,0,943.8(13),3,60140,16.2,17.1,15.4
2003-5,3260B,8.4(06),4,43,0,0,10.8,969.7(22),1,1015.8,957.3,11.7,33.6(23),17.2,10,0,13,29/16.7(05),0,14,75,0,5,5.5(07),296,102,0,0,1520,10.3,7,3,14,0,14.0,0,19.5,27.3,0,949.1(24),1,78306,23.0,25.1,21.3
2003-6,3260B,1.0(29),3,35,0,0,11.0,963.0(14),2,1012.1,955.2,19.0,38.7(13),23.0,26,0,6,11/15.6(15),0,21,74,0,3,14.2(30),322,126,0,0,2313,1.3,6,1,15,0,25.7,0,26.7,34.3,0,947.5(22),1,78473,30.6,32.9,28.5
2003-7,3260B,0.0(--),0,31,0,0,13.3,963.3(29),1,1013.2,956.3,19.1,40.8(11),24.4,27,0,23,30/16.9(15),0,8,91,0,0,12.4(16),288,116,0,0,2604,0.0,1,0,15,0,26.6,0,27.2,35.2,0,947.8(14),0,89326,32.4,34.5,31.1
2003-8,3260B,3.8(22),0,34,0,0,11.5,963.4(13),1,1013.5,956.6,20.6,42.0(01),24.8,29,0,12,32/17.2(02),0,19,84,0,3,15.8(29),313,129,0,0,2602,4.5,4,2,14,0,25.7,0,28.3,36.0,0,949.3(28),1,74637,33.0,33.9,32.0
2003-9,3260B,13.1(30),2,41,0,0,9.4,965.4(12),2,1016.4,958.3,15.7,33.3(11),20.4,20,0,6,14/17.2(14),1,22,75,0,4,9.6(10),292,114,0,0,1699,15.6,4,0,13,0,23.7,0,23.1,30.4,0,944.2(30),2,59914,27.7,28.0,27.8
2004-10,3260B,16.9(25),6,60,0,0,6.8,963.0(01),4,1013.5,954.3,10.5,33.2(02),16.5,6,0,5,29/19.2(29),3,20,61,0,12,4.4(13),260,110,0,0,962,64.4,13,1,12,0,14.2,0,16.8,23.0,0,938.6(27),10,38796,20.2,19.8,21.3
2004-11,3260B,3.2(04),5,69,0,11,6.6,969.0(17),1,1021.5,960.2,3.2,19.3(06),10.7,0,1,10,33/15.8(10),0,15,66,0,6,-1.6(19),196,82,0,4,453,8.9,6,0,9,7,9.6,0,9.3,15.4,1,943.5(30),3,29148,10.9,10.8,12.3
2004-12,3260B,6.9(01),7,72,0,9,4.7,970.3(30),3,1021.6,959.7,1.9,17.8(18),7.2,0,0,5,35/16.9(25),0,19,50,0,4,-3.1(23),241,74,0,2,409,10.5,5,0,11,9,6.4,0,7.0,12.0,3,934.3(01),2,21346,7.7,7.5,8.7
2004-13,3260B,39.1(28/mar),63,56,0,47,8.1,975.3(04/feb),31,1016.9,957.3,9.1,40.8(24/jul),24.5,105,1,100,27/21.7(05/may),13,203,65,0,81,-5.4(02/mar),264,99,1,14,13323,399.7,83,14,12,38,6.4,1,15.6,22.1,4,932.7(21/feb),54,620058,17.9,18.6,17.7
2004-1,3260B,5.4(31),9,73,0,9,5.4,968.1(10),5,1021.1,959.5,2.4,19.4(24),10.5,0,0,5,28/18.3(27),0,17,55,0,7,-4.0(29),260,81,0,2,413,8.4,7,0,12,11,9.0,0,7.7,13.1,0,949.3(28),2,25463,8.0,8.3,8.2
2004-2,3260B,16.9(24),7,69,0,8,5.7,975.3(04),3,1020.2,958.7,2.0,20.4(05),8.3,0,0,8,32/17.8(27),2,14,53,0,7,-2.6(17),247,77,0,4,430,48.5,7,0,11,8,7.6,1,8.1,14.1,0,932.7(21),6,30016,9.1,9.3,9.2
2004-3,3260B,39.1(28),11,66,0,4,5.8,971.5(03),0,1020.7,959.6,4.6,23.5(21),9.3,0,0,2,29/14.4(12),4,18,48,0,12,-5.4(02),292,83,1,1,636,99.3,12,0,12,3,6.4,0,9.8,15.0,0,941.4(29),9,42433,11.1,11.8,10.7
2004-4,3260B,16.5(01),4,55,0,3,8.9,967.7(03),1,1013.6,953.7,6.0,28.0(26),11.6,0,0,8,26/19.4(18),1,18,67,0,8,0.5(10),309,86,0,0,873,28.8,8,2,14,0,12.2,0,12.7,19.3,0,941.3(28),3,63121,14.6,15.5,13.5
2004-5,3260B,29.4(11),11,61,0,3,8.1,965.0(19),3,1014.0,954.7,10.1,30.6(31),15.6,1,0,4,27/21.7(05),3,16,56,0,12,5.2(07),295,112,0,1,917,93.7,12,3,13,0,13.0,0,15.8,21.4,0,937.7(03),12,66679,18.0,18.9,17.1
2004-6,3260B,9.7(06),0,38,0,0,12.6,963.5(14),4,1015.0,957.7,17.1,40.0(28),22.3,24,0,13,28/18.9(18),0,17,84,0,3,11.5(15),283,129,0,0,2022,10.4,3,3,14,0,27.0,0,25.0,32.9,0,948.9(18),1,84884,27.2,29.9,24.9
2004-7,3260B,3.1(06),0,32,0,0,12.5,963.1(24),2,1013.1,956.1,18.6,40.8(24),24.5,28,0,20,28/15.6(07),0,11,85,0,3,11.0(09),281,117,0,0,2512,4.8,3,3,13,0,25.6,0,26.8,35.0,0,949.0(06),2,86006,31.2,33.6,29.7
2004-8,3260B,8.3(17),2,41,0,0,11.0,962.3(21),4,1012.8,955.5,18.0,37.9(01),24.2,24,0,11,29/16.7(17),0,18,81,0,6,12.9(21),277,130,0,0,1995,21.0,6,2,13,0,24.6,0,25.4,32.7,0,947.8(08),3,73642,29.6,30.5,29.1
2004-9,3260B,1.0(03),1,39,0,0,9.4,964.2(22),1,1016.1,958.2,15.0,34.6(22),21.2,22,0,9,13/15.3(08),0,20,76,0,1,9.1(26),226,112,0,0,1701,1.0,1,0,10,0,23.2,0,23.1,31.2,0,950.5(01),1,58524,27.2,27.6,27.1
2005-10,3260B,15.7(22),6,62,2,4,6.4,965.3(03),2,1017.0,957.5,10.6,31.6(01),14.7,1,0,7,29/17.8(28),2,18,57,0,14,5.8(05),242,115,0,2,846,58.9,11,3,11,0,16.8,0,16.7,22.7,0,951.5(30),10,38990,19.1,19.0,20.1
2005-11,3260B,12.0(12),8,72,0,5,5.2,970.5(09),4,1018.4,957.3,4.2,20.6(02),10.1,0,,5,34/16.4(09),1,17,52,0,9,-1.8(27),254,85,0,,473,21.4,9,0,11,4,8.2,0,9.2,14.2,,941.7(25),4,,11.3,11.1,13.0
2005-12,3260B,7.6(01),7,70,0,3,5.5,969.5(22),2,1021.5,959.5,0.8,16.4(09),8.9,0,0,10,26/22.2(02),0,14,59,0,4,-4.4(11),255,69,0,1,421,15.2,5,0,11,14,7.0,0,6.2,11.6,0,941.3(02),3,,6.5,6.2,7.6
2005-13,3260B,15.7(22/oct),40,50,3,28,8.6,978.3(11/feb),35,1017.4,957.8,9.0,41.2(07/ago),26.0,111,,123,36/24.4(13/feb),4,202,69,0,56,-9.6(27/ene),281,90,0,,16851,159.6,56,8,13,73,5.2,4,15.9,22.8,,941.3(02/dic),32,,18.7,19.4,18.5
2005-1,3260B,0.2(26),0,62,0,7,7.8,977.7(06),4,1028.6,965.9,-2.9,17.8(20),4.7,0,0,13,34/17.8(19),0,18,80,0,1,-9.6(27),206,55,0,1,449,0.2,0,0,9,29,5.2,1,4.8,12.4,1,951.9(27),0,31085,5.5,5.7,6.4
2005-2,3260B,10.4(23),4,59,0,6,7.3,978.3(11),6,1019.9,957.9,-0.7,18.6(13),4.0,0,0,12,36/24.4(13),1,12,68,0,6,-4.6(18),292,54,0,1,537,29.0,5,0,13,17,5.6,1,5.5,11.7,0,942.5(28),6,34925,6.8,7.1,7.2
2005-3,3260B,5.3(23),5,53,0,1,6.6,969.8(17),2,1017.6,957.0,4.7,24.2(17),13.3,0,0,3,28/16.4(26),0,23,55,0,5,-4.6(08),295,76,0,0,903,13.5,5,0,13,8,7.6,2,11.3,17.8,0,945.8(01),4,50280,11.9,12.9,11.1
2005-4,3260B,3.4(02),2,48,0,1,9.6,968.1(10),3,1015.3,955.7,7.3,31.6(29),14.0,3,0,8,36/18.1(14),0,20,72,0,5,-1.3(10),339,83,0,0,1269,6.9,5,0,16,1,14.3,0,14.6,21.8,0,946.2(14),2,67065,18.1,19.1,17.0
2005-5,3260B,6.0(12),4,40,1,0,9.3,963.3(19),4,1014.7,956.3,12.6,36.7(26),17.4,9,0,3,32/17.8(07),0,24,65,0,5,6.6(18),316,96,0,0,1884,8.9,7,1,15,0,17.2,0,20.0,27.3,0,947.9(09),2,74495,24.0,25.3,22.7
2005-6,3260B,0.7(10),1,32,0,0,11.8,963.9(16),4,1013.4,956.2,18.7,38.6(19),23.0,28,0,10,17/16.7(10),0,19,79,0,3,14.7(14),328,113,0,0,2704,1.1,4,3,15,0,25.2,0,26.4,34.0,0,946.9(12),0,81269,30.4,32.5,28.6
2005-7,3260B,0.0(--),0,31,0,0,12.8,964.1(20),0,1012.5,955.7,20.0,40.4(03),24.7,30,0,20,26/14.2(17),0,11,87,0,0,14.9(31),302,118,0,0,2799,0.0,0,0,15,0,29.4,0,27.9,35.7,0,948.9(23),0,,33.0,35.2,31.6
2005-8,3260B,3.8(10),3,34,0,0,11.3,963.5(21),0,1013.4,956.4,18.7,41.2(07),26.0,29,0,18,03/13.9(19),0,10,82,0,1,10.8(22),272,120,0,0,2648,3.8,2,1,12,0,24.2,0,26.8,34.7,0,947.3(09),1,,30.9,32.2,30.2
2005-9,3260B,0.4(06),0,39,0,1,9.5,966.1(14),4,1016.3,958.0,13.5,36.4(03),20.6,11,0,14,28/18.9(06),0,16,76,0,3,6.3(19),276,101,0,0,1918,0.7,3,0,12,0,22.9,0,21.3,29.1,0,948.7(07),0,,26.8,26.9,27.0
2006-10,3260B,30.0(16),8,62,0,2,6.0,967.5(28),2,1014.5,955.5,12.8,30.6(02),15.9,2,0,5,28/20.0(25),4,18,54,0,11,7.6(13),279,129,1,0,1022,108.7,11,0,13,0,17.5,0,18.3,23.7,0,943.4(25),8,36464,20.6,20.7,21.1
2006-11,3260B,20.9(02),10,79,0,7,4.3,969.9(30),3,1020.7,960.2,8.4,22.4(01),13.6,0,0,5,22/20.8(24),3,15,43,0,12,3.7(14),284,118,0,4,425,81.2,13,0,12,0,12.8,0,12.8,17.1,0,943.8(24),8,22128,14.0,13.8,14.8
2006-12,3260B,9.9(05),8,72,0,3,5.5,979.9(31),2,1028.1,965.8,1.3,16.5(04),11.2,0,0,13,28/18.9(08),0,10,58,0,6,-3.0(22),204,74,0,1,351,15.1,6,0,9,13,7.4,1,6.5,11.7,1,946.9(08),3,23643,,,
2006-13,3260B,30.0(16/oct),63,55,1,36,8.0,979.9(31/dic),35,1016.5,957.1,10.4,40.4(10/jul),24.9,103,0,100,18/22.8(15/jun),11,202,64,0,87,-5.6(28/ene),279,103,1,9,16404,373.6,92,16,13,35,1.4,3,16.8,23.1,2,936.3(26/feb),53,,,,
2006-1,3260B,7.5(15),11,76,0,13,4.6,970.3(11),0,1021.4,959.3,1.0,14.8(19),4.6,0,0,6,12/13.6(25),0,14,47,0,9,-5.6(28),209,70,0,3,322,18.4,7,0,10,10,1.4,2,5.6,10.2,1,947.0(06),5,19592,6.7,6.7,7.4
2006-2,3260B,7.5(25),5,64,0,6,6.2,965.3(07),5,1016.5,955.0,0.9,18.3(13),7.8,0,0,8,27/22.2(19),0,15,59,0,5,-4.0(06),270,65,0,1,514,15.6,8,0,12,10,5.6,0,7.1,13.2,0,936.3(26),2,,7.6,8.0,7.8
2006-3,3260B,10.7(04),6,63,0,3,6.8,968.7(06),3,1016.1,955.7,5.7,25.2(26),10.4,0,0,5,32/21.4(05),1,20,57,0,10,-2.7(01),307,90,0,0,837,25.7,11,0,14,2,9.2,0,11.8,18.0,0,940.3(18),7,,12.4,13.2,11.7
2006-4,3260B,12.4(22),3,56,1,2,8.9,962.3(02),4,1013.4,954.1,9.0,28.2(27),12.2,0,0,4,33/18.6(27),1,23,67,0,11,4.1(11),273,100,0,0,1130,38.6,11,1,13,0,15.1,0,15.6,22.2,0,945.9(04),8,,18.1,19.0,17.3
2006-5,3260B,15.7(11),5,41,0,0,9.8,967.0(25),2,1014.6,956.3,13.4,37.4(17),20.6,8,0,2,12/16.4(02),1,24,68,0,7,7.5(08),310,106,0,0,1836,22.9,7,2,15,0,17.6,0,20.7,27.9,0,946.5(02),3,,24.1,25.7,22.8
2006-6,3260B,17.4(15),2,39,0,0,11.3,962.6(04),7,1013.5,956.1,16.9,39.2(08),21.7,21,0,5,18/22.8(15),1,23,75,0,8,12.0(03),327,122,0,0,2295,32.4,9,9,15,0,26.4,0,24.5,32.2,0,949.5(14),6,,28.3,30.5,27.0
2006-7,3260B,0.7(18),2,31,0,0,11.8,962.7(11),2,1013.6,956.9,21.3,40.4(10),24.9,31,0,17,28/18.9(18),0,12,81,0,1,17.4(03),295,125,0,0,3090,0.7,1,0,15,0,31.3,0,28.9,36.5,0,951.0(29),0,83040,33.0,35.3,31.2
2006-8,3260B,2.6(17),0,34,0,0,12.4,964.1(21),4,1012.3,955.1,18.2,37.8(02),23.5,27,0,22,29/17.2(16),0,9,91,0,2,11.6(19),307,113,0,0,2680,2.7,2,0,14,0,24.0,0,26.0,33.8,0,945.9(17),1,69527,31.6,32.9,30.9
2006-9,3260B,5.5(13),3,45,0,0,8.2,964.1(04),1,1013.5,955.6,16.1,39.4(03),22.4,14,0,8,16/16.4(09),0,19,65,0,5,10.6(15),284,122,0,0,1902,11.6,6,4,13,0,20.6,0,23.2,30.2,0,946.2(21),2,53677,27.0,27.4,27.2
2007-10,3260B,25.5(03),5,60,1,1,8.1,966.6(09),1,1018.8,959.1,9.4,26.3(08),14.1,0,0,8,07/15.3(11),2,18,73,0,4,3.4(31),212,111,0,0,827,55.5,3,3,9,0,15.7,0,15.9,22.4,0,950.7(24),4,44425,,,
2007-11,3260B,8.5(20),2,55,0,5,8.1,968.2(06),0,1020.1,958.9,1.2,23.6(05),5.9,0,0,19,22/14.7(20),0,9,81,0,3,-5.6(17),175,66,0,2,540,17.1,3,0,8,11,11.6,0,9.2,17.1,0,942.6(20),2,33860,11.0,11.4,12.3
2007-12,3260B,1.8(18),6,75,0,9,5.2,971.8(27),2,1026.1,963.9,0.5,17.4(04),6.5,0,0,6,28/18.3(09),0,19,56,0,6,-6.3(15),213,75,0,4,276,3.2,8,0,10,15,8.0,0,6.5,12.5,2,953.8(21),1,23069,7.1,7.2,7.9
2007-13,3260B,34.0(22/may),63,56,4,40,8.3,979.5(02/ene),29,1018.1,958.4,8.9,41.3(04/ago),22.6,77,2,101,32/25.8(07/mar),12,201,67,2,76,-6.3(15/dic),265,99,1,11,13004,382.5,86,28,12,38,5.2,2,15.4,21.9,5,942.6(20/nov),43,636141,,,
2007-1,3260B,6.5(29),10,77,0,13,3.8,979.5(02),1,1027.9,965.6,1.6,16.8(12),6.5,0,2,2,04/19.2(26),0,19,40,0,5,-4.5(28),219,76,0,2,272,8.3,6,0,10,9,5.2,2,6.3,10.9,3,945.7(25),1,20682,7.4,7.6,7.6
2007-2,3260B,17.9(08),9,72,0,4,5.1,968.1(26),6,1019.1,958.2,5.5,23.8(16),10.4,0,0,0,27/25.3(16),1,19,47,1,11,-0.1(01),325,92,0,1,502,27.9,15,1,16,2,10.0,0,10.2,14.9,0,943.8(16),5,29042,10.3,11.0,9.5
2007-3,3260B,14.7(31),4,52,0,2,8.2,974.2(10),6,1020.4,959.5,4.1,22.4(04),9.0,0,0,6,32/25.8(07),1,21,68,1,5,-2.3(22),331,68,0,0,1069,30.5,7,1,15,1,10.8,0,10.6,17.1,0,948.4(25),4,53343,13.3,14.3,12.4
2007-4,3260B,26.3(25),9,64,2,4,6.8,963.5(23),2,1015.5,955.5,7.6,27.6(24),12.6,0,0,3,13/19.7(16),3,18,51,0,18,0.4(05),272,98,0,1,723,92.0,16,6,12,0,11.6,0,13.3,19.1,0,947.7(01),9,53543,15.6,16.4,14.5
2007-5,3260B,34.0(22),8,55,1,2,9.8,968.5(08),5,1014.8,955.8,10.7,31.6(18),16.6,2,0,5,02/19.2(05),2,18,68,0,10,5.5(01),299,113,1,1,1142,86.0,11,9,13,0,15.7,0,17.2,23.7,0,945.3(02),9,73085,19.7,21.2,18.4
2007-6,3260B,13.6(14),6,48,0,0,11.1,964.0(01),1,1013.2,955.2,14.5,34.9(30),19.2,9,0,9,17/15.6(30),2,15,74,0,5,10.0(01),267,127,0,0,1463,35.9,6,2,13,0,22.4,0,21.4,28.3,0,949.1(06),5,79554,25.2,27.1,23.5
2007-7,3260B,0.6(07),0,32,0,0,13.3,963.6(05),1,1013.5,956.4,17.9,39.6(31),22.0,28,0,20,29/16.7(23),0,11,90,0,1,14.3(10),299,112,0,0,2480,0.6,1,1,14,0,28.6,0,26.0,34.0,0,950.5(23),0,91016,31.3,34.3,29.2
2007-8,3260B,14.8(24),1,36,0,0,11.4,961.9(31),4,1012.2,954.9,17.7,41.3(04),22.6,23,0,14,29/23.3(05),1,16,83,0,3,10.6(22),315,119,0,0,2247,22.3,4,1,14,0,26.8,0,25.4,33.0,0,949.9(21),3,76787,30.7,32.7,29.6
2007-9,3260B,0.9(09),3,47,0,0,8.8,962.3(15),0,1015.7,957.6,15.6,34.7(03),20.0,15,0,9,13/13.9(12),0,18,70,0,5,5.4(28),257,132,0,0,1463,3.2,6,4,10,0,21.2,0,22.6,29.6,0,950.1(28),0,57735,27.4,28.6,26.8
2008-10,3260B,89.6(11),12,63,0,4,6.1,967.8(26),4,1017.6,957.9,10.4,27.0(02),16.3,0,0,6,11/19.7(10),3,13,54,0,12,4.0(30),260,115,1,1,868,151.0,13,2,12,0,12.3,0,15.8,21.1,0,933.3(31),10,37288,18.2,18.1,19.0
2008-11,3260B,2.1(28),2,68,0,10,6.4,970.3(09),2,1018.9,957.6,3.3,18.6(22),7.8,0,0,9,26/20.0(29),0,19,64,0,9,-3.1(28),223,77,0,3,470,5.2,8,0,11,3,8.2,1,8.6,14.0,0,936.5(29),1,29767,9.7,9.6,10.9
2008-12,3260B,21.7(09),12,73,1,2,4.6,972.7(20),3,1019.6,957.9,2.3,15.9(05),9.4,0,0,6,06/17.5(09),2,13,49,0,8,-2.8(26),265,75,0,1,399,51.5,12,0,12,8,7.0,0,6.7,11.2,0,939.1(14),6,20977,6.2,6.3,6.8
2008-13,3260B,89.6(11/oct),64,55,3,32,8.0,975.4(27/ene),45,1016.6,957.0,9.5,40.6(04/ago),24.0,78,1,85,28/24.7(16/jun),10,217,64,0,90,-4.3(01/ene),286,99,1,8,14006,396.2,99,10,14,21,7.0,1,15.8,22.0,3,932.5(18/abr),55,626802,18.3,19.2,17.9
2008-1,3260B,6.6(02),8,73,0,8,5.5,975.4(27),3,1024.8,963.2,2.6,19.0(22),9.0,0,1,10,28/21.9(11),0,13,56,0,8,-4.3(01),214,83,0,2,380,13.7,9,0,10,6,8.9,0,8.3,14.0,1,936.4(03),4,25073,8.1,8.5,8.2
2008-2,3260B,4.7(23),8,70,0,5,4.9,973.1(06),3,1024.5,963.2,4.4,21.2(27),9.2,0,0,2,12/17.2(17),0,19,46,0,9,-1.6(01),334,89,0,1,540,17.2,9,0,14,1,11.2,0,9.9,15.4,2,949.1(03),5,27786,10.0,10.6,9.4
2008-3,3260B,3.2(22),2,51,1,1,8.2,967.0(01),11,1016.6,956.2,4.2,26.4(14),9.8,0,0,3,29/22.2(27),0,26,69,0,4,-3.0(06),348,73,0,0,1035,4.9,3,0,17,3,10.9,0,11.5,18.7,0,935.6(22),2,53662,13.8,14.8,13.3
2008-4,3260B,16.4(17),6,53,1,1,8.8,967.8(02),10,1012.8,953.3,8.1,28.8(27),12.3,0,0,5,29/22.8(18),2,19,66,0,10,4.0(15),343,88,0,0,1017,65.9,10,0,16,0,13.2,0,14.7,21.1,0,932.5(18),9,61906,17.1,18.2,16.2
2008-5,3260B,17.1(23),9,58,0,1,6.8,960.8(03),2,1010.9,951.9,11.1,29.5(03),14.4,0,0,1,28/15.8(18),2,21,47,0,16,6.6(01),280,112,0,0,958,52.8,21,2,14,0,12.3,0,16.7,22.2,0,945.4(25),11,61542,19.9,20.8,19.3
2008-6,3260B,10.8(23),2,43,0,0,11.1,960.6(20),3,1014.1,956.3,15.4,37.9(27),22.0,15,0,10,28/24.7(16),1,18,74,0,6,10.6(06),286,121,0,0,1726,24.5,6,3,14,0,18.4,0,22.7,30.0,0,947.5(16),3,80904,25.7,27.9,23.8
2008-7,3260B,1.2(15),1,31,0,0,13.1,964.9(15),2,1013.1,955.9,18.5,40.3(23),24.0,26,0,17,06/15.8(15),0,13,90,0,1,13.0(13),322,111,0,0,2584,1.2,1,1,16,0,28.6,0,26.2,33.9,0,951.0(12),1,91096,32.0,34.3,30.2
2008-8,3260B,0.0(--),0,33,0,0,11.9,962.2(15),2,1012.1,955.1,19.2,40.6(04),23.4,29,0,12,29/16.4(11),0,19,87,0,0,13.9(15),284,118,0,0,2536,0.0,0,0,14,0,29.7,0,26.8,34.3,0,947.5(11),0,79555,32.1,33.7,30.7
2008-9,3260B,3.7(21),2,48,0,0,8.7,962.7(28),0,1014.2,955.9,14.9,33.3(01),20.0,8,0,4,26/14.4(05),0,24,70,0,7,9.6(30),268,121,0,0,1493,8.3,7,2,12,0,17.3,0,21.3,27.7,0,949.4(23),3,57246,26.4,27.0,26.4
2009-10,3260B,13.8(07),,58,0,4,8.2,966.9(31),2,1016.6,957.5,11.6,30.9(05),19.5,2,,,27/26.7(22),2,,74,1,4,4.7(16),182,121,0,,939,34.9,4,1,8,0,15.0,0,18.3,25.0,,937.2(22),3,44597,,,
2009-11,3260B,5.6(29),,63,0,1,6.1,971.9(23),5,1018.8,958.3,7.3,25.4(01),13.3,0,,,29/18.9(07),0,,60,0,4,0.5(24),278,91,0,,838,9.0,5,0,13,0,10.6,0,12.7,18.0,,942.7(29),3,27437,,,
2009-12,3260B,34.3(29),,82,0,9,3.0,967.5(10),7,1012.6,951.3,3.2,16.5(29),12.7,0,,,29/23.6(31),6,,32,0,21,-6.2(20),272,85,1,,250,142.5,20,0,12,7,1.5,2,6.9,10.6,,928.1(24),18,17003,,,
2009-13,3260B,34.3(29/dic),,54,3,24,8.6,971.9(23/nov),44,1015.1,955.8,10.3,41.0(26/jul),23.1,107,,,26/30.0(24/ene),11,,68,3,78,-6.2(20/dic),281,99,1,,16007,333.5,84,8,13,24,-0.2,4,16.7,23.1,,927.5(02/feb),55,649077,,,
2009-1,3260B,4.4(31),9,78,0,6,4.4,969.8(11),5,1017.7,955.9,1.9,17.0(23),11.0,0,0,2,26/30.0(24),0,20,46,1,11,-4.9(11),308,76,0,1,380,16.8,15,0,14,14,-0.2,1,6.0,10.0,2,940.2(25),5,23964,6.4,6.7,6.2
2009-2,3260B,15.8(01),7,65,0,1,7.1,969.7(22),3,1015.7,954.6,2.6,20.0(24),8.5,0,0,9,30/20.8(04),1,12,66,0,6,-0.4(14),261,71,0,0,543,29.8,7,0,12,3,7.4,1,8.5,14.4,0,927.5(02),5,33999,8.4,9.3,8.1
2009-3,3260B,11.9(28),5,54,1,1,7.9,966.6(17),4,1015.9,955.6,5.2,25.4(14),9.2,0,,14,31/26.4(05),1,9,66,1,6,2.0(31),279,77,0,,1021,20.4,6,0,12,0,8.5,0,12.2,19.3,,937.3(04),5,52944,13.3,15.0,12.3
2009-4,3260B,7.7(14),2,51,1,2,9.3,963.8(21),6,1014.1,954.2,6.4,26.9(24),10.4,0,,4,24/18.1(15),0,24,70,0,10,1.9(01),306,77,0,,1134,22.8,9,1,15,0,13.6,0,13.0,19.5,,944.9(14),5,65665,15.5,16.9,14.2
2009-5,3260B,5.0(22),2,39,0,0,11.6,965.8(02),4,1014.9,956.5,12.5,35.1(20),19.7,9,,10,26/17.5(22),0,19,80,0,4,7.0(02),284,93,0,,1823,10.7,5,2,14,0,20.2,0,20.1,27.7,,948.1(22),3,82909,22.9,24.4,20.8
2009-6,3260B,4.2(05),,36,0,0,11.1,962.9(11),3,1013.1,955.6,17.5,39.3(13),22.2,21,,,30/24.2(08),0,,74,0,6,10.2(07),330,116,0,,2146,7.6,6,1,16,0,21.2,0,24.9,32.2,,948.3(05),3,81242,,,
2009-7,3260B,0.0(--),,29,0,0,13.4,965.5(18),2,1013.7,956.7,19.6,41.0(26),22.7,31,,,26/18.6(22),0,,91,0,0,14.5(18),320,109,0,,2953,0.0,1,0,16,0,30.0,0,27.5,35.4,,950.1(21),0,82935,,,
2009-8,3260B,23.3(10),,37,1,0,12.0,960.9(21),2,1012.6,955.8,20.2,39.2(23),23.0,31,,,11/23.6(10),1,,88,0,1,15.5(02),272,138,0,,2571,23.3,0,2,12,0,31.1,0,28.1,35.9,,949.7(24),1,79131,,,
2009-9,3260B,9.4(17),,51,0,0,8.6,964.4(21),1,1015.6,957.4,15.9,34.7(06),23.1,13,,,32/19.2(12),0,,69,0,5,9.8(18),277,134,0,,1409,15.7,6,1,12,0,16.9,0,22.3,28.6,,947.2(16),4,57251,,,
2010-10,3260B,23.9(09),,56,0,1,7.6,966.8(27),3,1013.3,953.7,8.8,28.7(02),15.1,0,,,28/20.0(29),1,,69,0,6,1.5(26),207,96,0,,1084,49.0,7,0,9,0,12.8,0,15.4,21.9,,939.7(31),6,43175,,,
2010-11,3260B,6.6(14),,70,0,7,6.4,969.8(04),2,1013.9,953.1,4.7,22.6(05),9.5,0,,,27/22.5(08),0,,64,0,9,-1.8(29),242,84,0,,518,28.2,9,0,11,4,4.0,1,9.7,14.7,,931.5(09),8,28828,,,
2010-12,3260B,10.8(05),,76,0,6,3.9,967.5(10),3,1014.3,952.9,3.1,19.4(06),12.5,0,,,25/16.1(06),1,,41,0,17,-5.7(17),217,80,0,,309,61.4,16,0,9,10,4.8,0,7.0,10.8,,931.7(22),12,17588,,,
2010-13,3260B,36.2(12/jun),,57,4,26,7.9,969.8(04/nov),40,1013.9,954.4,9.8,39.9(26/ago),25.8,90,,,25/25.3(20/mar),11,,63,2,111,-5.7(17/dic),262,101,2,,13209,543.0,108,20,12,30,0.6,9,15.7,21.5,,929.0(16/feb),81,626035,,,
2010-1,3260B,16.7(07),,77,0,6,3.6,964.6(15),4,1016.3,954.6,2.6,15.4(17),8.2,0,,,26/24.4(14),1,,37,0,10,-4.1(10),269,75,0,,351,58.3,9,0,12,6,0.6,4,6.3,10.0,,937.4(07),9,20926,,,
2010-2,3260B,26.7(15),,71,0,0,4.5,964.3(02),7,1008.8,947.9,3.3,23.0(27),10.1,0,,,21/23.3(27),1,,42,0,20,-4.3(14),320,76,0,,486,86.7,18,0,14,6,2.6,2,7.6,11.9,,929.0(16),14,26778,,,
2010-3,3260B,32.8(05),,60,1,3,6.2,966.6(17),10,1017.4,956.5,4.8,22.5(20),12.8,0,,,25/25.3(20),1,,52,2,12,-2.4(10),305,75,1,,742,74.5,10,1,14,4,6.5,2,10.2,15.4,,945.1(08),7,46963,,,
2010-4,3260B,15.6(13),,58,3,1,8.8,966.0(04),0,1015.5,955.9,9.3,29.9(28),15.7,0,,,10/15.0(05),3,,67,0,9,3.2(05),277,102,0,,882,58.3,7,3,12,0,10.9,0,15.2,21.0,,943.2(12),7,63137,,,
2010-5,3260B,9.8(08),,49,0,0,11.0,966.6(18),5,1014.1,955.0,10.6,33.5(31),16.6,5,,,36/17.2(04),0,,76,0,9,3.5(06),299,100,0,,1307,34.0,10,1,15,0,15.1,0,16.9,23.2,,944.2(07),6,80937,,,
2010-6,3260B,36.2(12),,50,0,0,10.3,960.3(29),2,1012.2,954.3,15.6,35.1(24),20.9,16,,,26/20.3(25),2,,69,0,9,9.5(16),255,134,1,,1551,64.4,11,6,11,0,18.7,0,22.3,28.8,,939.0(09),6,78913,,,
2010-7,3260B,2.7(03),,34,0,0,12.3,962.6(24),1,1013.1,956.3,20.5,39.3(11),25.8,30,,,16/18.3(01),0,,84,0,4,17.5(15),267,132,0,,2230,5.5,4,3,12,0,29.5,0,28.2,35.9,,949.3(21),2,86113,,,
2010-8,3260B,2.5(08),,37,0,0,11.1,964.9(21),0,1013.4,956.3,19.6,39.9(26),23.5,28,,,29/14.4(23),0,,81,0,2,14.0(15),268,132,0,,2341,3.4,3,3,12,0,25.2,0,27.3,34.9,,949.8(31),1,75518,,,
2010-9,3260B,10.9(01),,49,0,2,8.7,964.8(14),3,1014.2,956.1,15.1,35.9(14),20.5,11,,,29/17.5(07),1,,70,0,4,7.8(27),218,129,0,,1408,19.3,4,3,10,0,20.5,0,22.0,28.9,,948.3(07),3,57159,,,
2011-10,3260B,12.0(26),2,46,,,9.0,967.6(10),2,1018.6,959.3,10.2,33.1(12),15.1,8,0,12,18/16.7(24),1,17,80,0,5,4.1(21),198,90,0,0,1212,16.7,,,9,0,16.8,,18.1,25.8,0,938.0(24),2,46935,21.5,21.7,22.0
2011-11,3260B,11.6(03),8,74,,,5.0,970.9(26),5,1017.5,957.0,7.5,22.6(12),13.4,0,0,3,18/18.9(02),1,19,51,0,12,0.8(27),234,103,0,3,489,42.4,,,10,0,11.2,,12.1,16.7,0,936.5(04),8,24576,13.0,12.9,14.3
2011-12,3260B,6.0(10),6,75,,,5.7,974.3(28),1,1028.4,966.1,1.4,17.8(21),8.1,0,1,8,27/19.2(16),0,17,61,0,4,-2.7(30),174,75,0,5,357,12.0,,,8,10,4.5,,7.1,12.7,0,957.3(11),3,24299,7.4,7.5,8.8
2011-13,3260B,52.3(21/abr),,54,,,8.6,974.4(04/feb),28,1017.3,957.8,10.4,39.9(20/ago),24.4,114,,,33/21.7(12/jul),7,,68,0,76,-5.0(23/ene),251,99,1,,,289.6,,,12,30,4.5,,16.9,23.4,,935.7(17/feb),50,649944,,,
2011-1,3260B,13.1(09),12,77,0,18,3.8,970.2(17),0,1020.2,958.3,2.6,18.1(06),11.4,0,0,3,07/14.7(21),1,14,38,0,9,-5.0(23),184,78,0,7,288,32.3,11,0,8,8,6.7,0,6.9,11.1,4,939.1(27),6,21908,7.2,7.3,7.7
2011-2,3260B,10.2(19),4,64,0,6,7.6,974.4(04),3,1021.7,960.2,2.6,22.5(25),10.5,0,0,4,25/16.9(17),1,18,71,0,7,-2.0(02),222,74,0,1,545,26.0,8,0,11,10,9.5,0,9.1,15.6,0,935.7(17),6,35403,8.1,8.7,7.8
2011-3,3260B,12.4(11),,65,0,1,5.4,967.6(31),5,1018.3,957.4,5.6,23.9(31),10.3,0,,,10/17.2(24),1,,44,0,12,-1.1(01),354,84,0,,712,39.2,14,0,15,2,9.6,0,10.8,16.0,,939.3(14),8,42394,,,
2011-4,3260B,52.3(21),,55,0,1,8.4,967.0(07),1,1014.0,954.9,10.5,30.0(08),13.1,1,,,19/15.8(03),1,,64,0,10,8.7(13),263,107,1,,1015,66.6,10,3,11,0,14.6,0,17.1,23.7,,940.9(29),5,61359,,,
2011-5,3260B,7.9(06),,53,0,0,9.7,965.0(16),2,1015.6,957.0,13.5,33.6(25),17.8,7,,,29/20.0(30),0,,67,0,10,8.4(15),272,125,0,,1338,20.7,11,4,13,0,19.1,0,20.1,26.8,,940.5(01),5,75262,,,
2011-6,3260B,13.7(07),,38,0,0,12.5,964.7(01),1,1014.0,956.5,16.8,39.7(27),23.3,20,,,29/16.9(22),1,,83,0,3,10.0(02),288,116,0,,,20.5,3,3,15,0,22.9,0,24.3,31.8,,946.2(05),3,86318,,,
2011-7,3260B,4.7(12),,32,0,0,13.0,961.2(15),3,1011.3,954.3,18.5,37.6(01),22.7,29,,,33/21.7(12),0,,89,0,1,14.6(14),299,113,0,,2440,4.7,1,1,15,0,28.6,0,26.3,34.1,,948.1(03),1,92118,,,
2011-8,3260B,5.7(12),,36,2,0,11.6,962.3(09),4,1012.1,955.1,19.7,39.9(20),24.4,29,,,17/21.7(20),0,,85,0,3,12.4(27),285,128,0,,2335,8.5,2,3,14,0,28.4,0,27.2,34.7,,946.0(01),3,75581,,,
2011-9,3260B,0.0(--),2,36,0,0,11.0,966.1(06),1,1015.9,958.0,15.5,37.6(09),19.7,20,0,16,25/16.9(01),0,10,88,0,0,10.3(19),241,100,0,0,2015,0.0,1,0,10,0,26.1,0,23.5,31.4,0,950.3(01),0,63791,28.1,29.0,27.4
2012-10,3260B,20.4(30),,62,0,1,7.5,963.9(07),0,1013.0,953.7,10.3,30.2(09),17.1,1,0,,26/15.0(11),1,,67,0,7,0.7(29),204,113,0,0,852,31.2,9,0,9,0,9.5,0,16.2,22.1,0,938.4(30),4,42316,18.4,18.3,
2012-11,3260B,24.6(03),,75,0,4,4.4,965.2(07),2,1015.2,954.7,6.4,20.0(15),11.1,0,0,,27/15.8(01),3,,45,0,10,0.6(28),233,100,0,1,426,70.2,11,0,11,0,7.7,0,10.7,15.0,0,942.9(01),7,23297,11.6,11.3,
2012-12,3260B,3.8(25),,80,0,8,4.3,973.2(27),1,1023.2,961.4,3.0,15.8(24),11.2,0,0,,25/15.3(14),0,,46,0,7,-2.4(03),180,84,0,4,298,10.0,11,0,8,11,6.3,0,7.5,11.9,0,947.7(01),3,21083,8.2,8.0,
2012-13,3260B,53.0(28/sep),,50,4,21,9.0,977.7(19/ene),25,1017.2,957.7,9.4,43.1(10/ago),25.3,112,,,28/20.3(10/abr),9,,72,0,63,-6.1(12/feb),247,86,1,,14955,316.7,70,6,12,53,5.9,1,16.1,22.7,,938.4(30/oct),39,669448,,,
2012-1,3260B,4.4(16),4,71,0,6,7.4,977.7(19),0,1027.5,965.3,0.0,18.8(06),4.9,0,0,11,07/13.6(16),0,16,76,0,4,-3.8(09),143,69,0,1,382,9.6,4,0,7,17,6.4,0,6.8,13.6,0,950.8(16),3,30496,6.5,6.9,7.1
2012-2,3260B,3.4(01),0,45,0,0,9.1,971.7(04),0,1025.2,963.0,-1.9,22.0(29),6.2,0,0,11,01/14.7(02),0,18,84,0,1,-6.1(12),219,41,0,0,740,3.4,1,0,10,24,5.9,0,6.0,13.8,0,951.0(02),1,41728,6.3,7.1,6.6
2012-3,3260B,22.0(20),6,45,0,0,9.4,973.0(10),1,1023.9,963.1,4.0,26.6(14),9.2,0,0,9,20/15.3(01),1,16,78,0,3,-0.7(07),251,59,0,1,1180,25.8,4,0,11,1,7.1,1,11.7,19.3,0,948.5(31),3,56654,13.3,14.4,12.4
2012-4,3260B,10.6(27),10,60,2,1,7.5,960.8(16),10,1010.2,950.3,6.8,24.4(09),9.9,0,0,1,28/20.3(10),1,19,56,0,15,2.7(16),367,85,0,0,928,48.8,15,1,16,0,12.2,0,12.2,17.5,0,942.8(12),9,57716,15.1,15.6,14.5
2012-5,3260B,7.6(04),,40,2,0,10.8,965.7(12),1,1014.1,955.9,12.9,36.2(12),18.1,15,0,,26/17.2(04),0,,75,0,6,5.3(02),262,95,0,0,1686,17.8,4,2,13,0,16.3,0,20.3,27.6,0,946.1(18),3,79959,22.1,23.6,
2012-6,3260B,0.7(18),,30,0,0,12.4,961.9(24),2,1013.2,955.9,17.6,40.7(26),24.8,20,0,,26/19.2(11),0,,83,0,2,11.0(12),312,96,0,0,2351,0.9,2,0,16,0,25.5,0,25.0,32.3,0,949.0(07),0,86477,29.2,30.8,
2012-7,3260B,2.0(26),,25,0,0,13.4,967.5(17),5,1012.7,955.8,18.8,39.3(18),22.7,30,0,,36/17.8(11),0,,92,0,2,13.9(02),276,91,0,0,2613,3.0,3,3,14,0,28.4,0,26.8,34.8,0,949.8(26),2,92766,31.6,33.2,
2012-8,3260B,0.2(05),,26,0,0,12.1,966.1(31),2,1013.5,956.6,19.9,43.1(10),25.3,29,,,11/15.8(07),0,,89,0,1,13.7(31),270,97,0,,1797,0.2,1,0,13,0,27.2,0,27.7,35.5,,950.1(04),0,80399,,,
2012-9,3260B,53.0(28),,41,0,1,9.4,964.6(01),1,1014.2,956.1,15.1,35.0(16),18.8,17,,,25/16.7(23),3,,75,0,5,9.5(30),246,102,1,,1702,95.8,5,0,10,0,15.9,0,22.0,28.9,,944.9(26),4,56557,,,
2013-10,3260B,36.2(24),8,65,0,4,7.3,966.2(27),0,1017.4,958.1,11.2,27.5(17),17.7,0,0,6,27/11.4(11),2,17,65,0,7,2.5(31),180,125,1,1,735,71.8,8,0,8,0,16.5,0,17.1,23.0,0,948.5(22),7,39104,19.6,19.4,20.4
2013-11,3260B,8.2(17),4,68,0,3,6.7,968.5(10),1,1020.6,959.5,4.1,24.0(06),13.4,0,0,10,30/20.8(04),0,16,68,0,2,-2.8(29),224,84,0,1,547,8.4,3,0,11,8,6.1,0,9.8,15.5,0,947.7(18),1,28809,11.2,10.8,12.7
2013-12,3260B,18.4(24),8,73,2,3,6.2,973.4(15),2,1025.9,963.8,0.3,17.1(05),7.6,0,0,12,23/22.2(24),1,10,66,0,6,-4.6(08),194,71,0,1,374,34.4,6,0,9,17,6.9,0,6.4,12.5,0,939.0(25),5,24744,6.1,6.2,7.0
2013-13,3260B,36.2(24/oct),,56,4,14,8.5,978.2(04/ene),38,1016.5,957.0,9.2,40.3(01/ago),22.4,96,,,28/27.5(22/ene),11,,69,1,73,-4.6(08/dic),251,95,1,,13466,391.0,88,10,12,37,5.4,3,15.5,21.9,,920.6(19/ene),57,640619,,,
2013-1,3260B,6.4(22),,77,0,3,5.1,978.2(04),6,1021.9,960.2,2.7,18.0(26),10.8,0,,,28/27.5(22),0,,53,1,9,-2.5(05),266,79,0,,379,25.2,10,0,12,5,6.0,0,7.2,11.6,,920.6(19),5,24682,,,
2013-2,3260B,14.8(28),,66,0,1,6.9,970.8(04),7,1018.9,957.4,2.0,17.4(14),8.1,0,0,,28/18.6(22),1,,65,0,9,-1.9(25),310,69,0,0,580,34.0,7,0,13,5,5.4,2,7.3,12.6,0,941.2(22),7,33849,8.0,7.9,
2013-3,3260B,25.4(31),,74,0,0,5.1,959.4(20),9,1008.2,948.0,6.1,18.6(21),11.0,0,0,,27/21.1(29),4,,43,0,18,-0.7(14),344,93,0,0,588,112.4,21,0,16,2,8.9,1,10.3,14.4,0,935.7(05),16,38856,10.3,10.7,
2013-4,3260B,10.8(28),,60,0,0,8.4,964.2(19),3,1014.7,954.8,7.0,29.1(17),13.0,0,0,,28/19.4(01),1,,64,0,10,1.2(07),283,93,0,0,831,37.0,12,0,13,0,9.1,0,12.9,18.9,0,940.1(01),6,61283,14.9,15.2,
2013-5,3260B,12.0(17),,49,2,0,10.1,962.2(06),6,1014.1,954.9,8.9,28.1(13),15.8,0,0,,28/18.6(18),1,,70,0,5,4.7(20),261,90,0,0,1128,23.0,7,3,13,0,11.7,0,15.7,22.5,0,939.0(17),4,78919,18.2,18.6,
2013-6,3260B,6.0(05),,38,0,0,12.0,965.2(29),1,1015.1,957.2,14.1,35.7(16),19.9,17,0,,30/15.8(08),0,,80,0,2,7.2(01),274,103,0,0,1687,11.2,5,3,13,0,19.5,0,21.9,29.7,0,949.4(16),2,85452,24.3,25.0,
2013-7,3260B,0.0(--),,29,0,0,12.7,964.8(30),2,1013.5,956.8,19.4,39.4(08),22.4,29,0,,17/23.3(09),0,,87,0,0,14.3(29),253,110,0,0,2627,0.0,3,2,13,0,25.5,0,27.6,35.8,0,949.6(26),0,87999,31.7,32.5,
2013-8,3260B,9.8(28),2,31,0,0,11.9,964.9(09),0,1013.3,956.4,18.8,40.3(01),22.3,28,0,18,27/14.2(07),0,9,87,0,1,14.9(08),223,111,0,0,2395,9.8,2,2,11,0,27.7,0,27.1,35.4,0,947.9(26),1,78055,32.3,33.2,31.0
2013-9,3260B,17.4(30),3,42,0,0,9.9,964.5(09),1,1014.7,956.9,15.5,34.8(03),19.9,22,0,7,26/19.2(28),1,19,79,0,4,11.6(12),200,114,0,0,1595,23.8,4,0,9,0,19.3,0,23.0,30.5,0,947.4(28),3,58867,27.8,27.9,27.3
2014-10,3260B,20.0(11),,61,0,0,8.4,967.4(22),0,1016.6,957.8,12.7,29.8(21),16.7,0,0,,24/11.7(09),2,,76,0,6,8.3(23),194,131,0,0,926,52.6,6,1,9,0,17.5,0,19.1,25.4,0,945.8(11),6,39934,,,
2014-11,3260B,16.8(03),,79,1,3,4.6,964.3(01),2,1010.9,950.9,7.8,23.9(01),12.7,0,0,,32/17.5(04),2,,46,0,17,2.2(10),241,111,0,1,435,74.6,18,1,10,0,10.9,0,12.0,16.1,0,924.8(28),12,23729,,,
2014-12,3260B,7.2(13),,76,0,10,6.0,974.4(29),0,1025.5,963.5,1.6,16.6(01),8.5,0,0,,33/14.7(01),0,,64,0,4,-5.3(31),168,76,0,3,291,12.4,5,0,7,10,6.1,0,7.0,12.4,1,943.6(01),2,24462,,,
2014-13,3260B,34.8(23/sep),,56,7,22,8.6,974.4(29/dic),26,1015.3,956.1,10.6,40.6(16/jul),22.3,89,,,29/26.4(04/ene),8,,68,1,91,-5.3(31/dic),257,103,2,,14381,390.4,99,14,12,13,6.1,0,16.8,22.9,,924.8(28/nov),60,644727,,,
2014-1,3260B,7.6(04),12,79,0,2,4.0,968.2(24),2,1016.4,955.4,4.5,17.8(25),10.4,0,0,0,29/26.4(04),0,19,41,1,14,-0.7(12),272,89,0,1,398,42.6,17,0,12,1,8.8,0,8.6,12.6,0,934.3(19),9,21470,8.5,8.6,8.4
2014-2,3260B,25.4(09),,73,1,3,4.7,968.4(26),7,1017.0,955.9,4.1,17.8(14),11.7,0,,,27/20.6(05),1,,44,0,17,-0.4(02),321,83,0,,472,51.4,16,1,14,2,7.1,0,8.5,12.9,,933.9(09),9,27310,,,
2014-3,3260B,30.2(29),,56,0,1,8.3,968.5(15),6,1017.8,957.4,5.4,24.7(17),10.7,0,,,28/20.8(25),1,,70,0,5,1.7(27),324,77,1,,888,35.8,9,0,14,0,11.8,0,11.9,18.3,,941.8(29),3,51180,,,
2014-4,3260B,8.6(09),,57,1,0,9.4,963.1(25),2,1013.8,954.8,10.2,29.6(10),13.5,0,,,26/18.9(24),0,,71,0,7,4.8(25),265,109,0,,991,27.0,8,2,13,0,15.2,0,16.8,23.3,,939.7(02),6,65217,,,
2014-5,3260B,2.4(20),,38,0,1,10.9,966.0(14),1,1013.9,955.4,11.7,32.5(10),17.8,7,,,26/18.3(21),0,,76,0,4,7.2(03),282,87,0,,1700,3.8,6,0,14,0,18.1,0,19.1,26.5,,943.5(19),1,81283,,,
2014-6,3260B,8.8(11),,36,1,0,12.0,962.9(12),0,1013.5,955.9,15.8,36.2(13),20.1,18,,,30/14.4(28),0,,80,0,3,10.8(01),268,107,0,,2237,11.0,3,2,13,0,25.0,0,23.3,30.7,,949.2(06),2,84974,,,
2014-7,3260B,18.4(03),,33,1,0,12.6,962.2(21),1,1012.6,955.5,17.9,40.6(16),22.3,24,,,29/15.3(06),1,,86,0,1,12.7(03),265,110,0,,2194,18.4,0,1,12,0,24.1,0,25.6,33.3,,949.2(24),1,87901,,,
2014-8,3260B,0.0(--),,33,0,0,12.6,960.6(16),0,1012.2,955.3,19.3,36.6(07),21.9,29,0,,27/14.4(01),0,,92,0,0,15.8(14),267,118,0,0,2477,0.0,0,0,14,0,28.5,0,26.6,33.9,0,949.8(18),0,81769,,,
2014-9,3260B,34.8(23),,53,2,2,9.2,964.7(30),5,1013.7,955.7,16.2,39.4(02),22.3,11,0,,28/17.5(07),1,,74,0,13,10.9(26),217,138,1,0,1372,60.8,11,6,10,0,21.9,0,22.6,28.9,0,946.7(16),9,55498,,,
2015-10,3260B,8.4(18),,63,,,6.7,963.4(01),1,1014.9,955.7,11.2,26.9(01),18.6,0,,,25/16.1(05),0,,60,0,10,4.4(15),211,120,0,,,22.0,,,10,0,17.0,,17.0,22.6,,947.6(11),8,38578,,,
2015-11,3260B,20.0(01),,68,,,7.2,975.4(30),2,1025.2,964.4,5.6,24.3(08),12.1,0,,,34/18.3(21),1,,73,0,6,-2.5(30),187,98,0,,,26.2,,,9,2,10.0,,12.2,18.8,,948.5(02),4,30551,,,
2015-12,3260B,2.8(28),,73,,,5.3,975.9(09),0,1030.2,968.5,3.3,20.9(05),8.5,0,,,28/11.1(20),0,,57,0,2,-1.6(01),135,87,0,,,3.6,,,6,2,12.1,,9.5,15.6,,960.2(14),1,23039,,,
2015-13,3260B,20.4(23/mar),,53,,,9.1,982.3(09/ene),36,1018.6,959.2,10.2,42.8(06/jul),25.4,104,,,26/23.6(30/ene),9,,73,0,60,-4.2(08/feb),246,97,0,,,231.0,,,11,30,4.7,,17.0,23.7,,933.9(31/ene),44,664016,,,
2015-1,3260B,10.0(18),,68,0,4,7.6,982.3(09),4,1025.6,963.5,-0.1,16.6(25),11.7,0,0,,26/23.6(30),1,,78,0,6,-3.9(01),223,65,0,3,534,21.6,5,0,10,16,4.7,1,6.4,12.9,0,933.9(31),4,30484,,,
2015-2,3260B,12.4(16),,65,0,1,6.8,970.9(19),10,1020.0,958.5,2.4,17.8(28),7.8,0,0,,34/18.3(05),1,,63,0,6,-4.2(08),350,68,0,1,629,20.0,6,0,15,7,6.0,0,7.4,12.3,0,939.2(03),4,34026,,,
2015-3,3260B,20.4(23),,59,1,0,7.8,974.0(05),0,1020.3,959.7,5.1,27.6(31),12.2,0,0,,13/14.7(17),3,,66,0,8,-1.0(05),235,81,0,0,959,58.0,8,0,10,3,9.1,0,11.7,18.3,0,941.1(24),7,49347,,,
2015-4,3260B,11.8(26),,56,1,0,9.2,968.5(01),4,1017.9,958.2,8.8,25.4(23),11.8,0,0,,11/19.2(14),2,,70,0,8,5.5(20),310,96,0,0,980,31.0,8,1,13,0,12.3,0,15.1,21.3,0,946.7(26),4,62691,,,
2015-5,3260B,4.4(29),,38,2,0,11.5,966.0(16),6,1015.7,957.5,12.6,37.7(13),16.9,13,0,,04/20.3(30),0,,79,0,3,6.8(20),275,97,0,0,1827,8.6,2,2,13,0,21.3,0,20.8,28.8,0,946.6(04),3,83613,22.4,,
2015-6,3260B,6.8(11),,34,0,0,12.4,962.8(26),1,1014.4,957.1,17.2,42.0(29),23.7,23,0,,28/17.5(11),0,,83,0,5,11.2(16),254,106,0,0,2218,17.4,6,4,12,0,21.7,0,25.0,32.8,0,950.2(10),4,86085,,,
2015-7,3260B,2.2(31),,26,1,0,12.9,961.7(04),1,1011.9,955.7,22.3,42.8(06),25.4,31,0,,25/16.1(31),0,,88,0,2,18.3(31),252,113,0,0,,3.2,2,1,13,0,33.1,0,30.4,38.5,0,946.6(31),2,89733,,,
2015-8,3260B,3.6(30),,36,1,0,11.4,961.8(09),5,1012.7,955.8,19.5,39.2(06),24.7,26,0,,32/20.3(30),0,,83,0,1,13.0(25),272,125,0,0,2365,3.6,3,3,13,0,25.7,0,27.0,34.4,0,950.4(17),1,76475,,,
2015-9,3260B,14.0(16),,44,0,0,10.0,964.2(19),2,1014.4,956.2,14.5,32.9(02),18.9,11,0,,36/20.8(27),1,,80,0,3,9.5(18),244,112,0,0,1532,15.8,6,2,10,0,21.3,0,21.4,28.2,0,944.8(16),2,59394,,,
2016-10,3260B,16.4(12),,61,,,7.0,970.2(28),0,1015.7,956.7,11.6,31.5(03),15.9,4,,,29/13.1(06),3,,63,0,11,5.4(31),182,121,0,,,54.8,,,8,0,15.4,,18.0,24.3,,942.4(13),9,39581,,,
2016-11,3260B,23.2(25),,73,,,5.7,,4,,,6.0,24.3(02),12.4,0,,,26/17.5(20),4,,57,0,10,0.4(16),203,94,0,,,77.2,,,9,0,7.0,,10.9,15.7,,,8,25541,,,
2016-12,3260B,14.4(14),,,,,,,0,,,3.2,15.6(06),10.7,0,,,25/12.2(15),1,,,0,9,-2.1(31),201,89,0,,,38.0,,,8,6,7.4,,8.0,12.6,,,8,20330,,,
2016-13,3260B,23.6(19/abr),,,,,,,40,,,10.4,41.3(06/sep),25.5,109,,,31/25.6(14/feb),14,,,1,91,-3.0(17/ene),254,102,0,,,395.4,,,12,13,7.0,,16.8,23.0,,,64,629811,,,
2016-1,3260B,11.6(04),,81,,,4.2,974.6(30),5,1022.9,961.6,5.2,20.7(24),12.1,0,,,26/25.0(11),2,,44,0,15,-3.0(17),239,98,0,,,42.6,,,11,2,8.6,,9.4,13.6,,943.1(04),7,21666,,,
2016-2,3260B,4.4(26),,69,,,5.6,975.5(04),11,1020.3,959.1,4.1,18.1(01),13.0,0,,,31/25.6(14),0,,53,1,9,-2.9(17),368,83,0,,,16.4,,,16,3,10.7,,9.2,14.2,,936.5(27),7,30232,,,
2016-3,3260B,17.0(18),,59,,,8.6,967.5(01),6,1016.6,955.9,3.5,25.7(30),9.0,0,,,29/18.1(04),1,,72,0,8,-0.8(12),283,73,0,,,30.2,,,13,2,12.3,,10.2,16.8,,944.9(04),5,53389,,,
2016-4,3260B,23.6(19),,62,,,8.0,965.0(30),3,1013.3,953.5,7.5,24.3(27),12.0,0,,,18/16.9(16),2,,60,0,13,0.8(01),252,97,0,,,83.6,,,12,0,12.0,,13.4,19.2,,940.7(04),10,58134,,,
2016-5,3260B,10.0(09),,55,,,8.4,966.7(01),4,1013.6,954.7,10.5,31.0(21),14.7,3,,,28/21.7(28),1,,58,0,9,3.8(01),246,108,0,,,43.0,,,12,0,15.2,,16.9,23.2,,939.9(08),7,66766,,,
2016-6,3260B,2.0(16),,34,,,13.0,967.9(19),4,1013.5,956.1,16.1,37.2(22),20.6,24,,,26/18.1(14),0,,87,0,1,9.8(01),288,109,0,,,2.0,,,14,0,21.5,,24.2,32.2,,946.1(15),1,87541,,,
2016-7,3260B,0.6(05),,29,,,12.7,963.4(14),3,1013.8,957.2,20.6,41.2(29),25.5,31,,,19/21.1(20),0,,87,0,3,15.1(15),279,121,0,,,1.2,,,12,0,32.6,,28.9,37.0,,952.6(11),0,86865,,,
2016-8,3260B,1.4(09),,32,,,12.4,964.5(07),0,1014.9,958.1,20.3,39.2(02),24.3,31,,,36/13.3(09),0,,90,0,2,15.7(11),293,122,0,,,1.6,,,13,0,31.2,,28.2,35.9,,951.0(18),1,79939,,,
2016-9,3260B,4.8(13),,37,,,10.6,968.0(28),0,1016.7,958.9,16.0,41.3(06),23.0,16,,,21/14.2(13),0,,86,0,1,9.9(15),211,106,0,,,4.8,,,10,0,21.7,,23.8,31.5,,951.0(12),1,59827,,,
2017-10,3260B,18.2(17),,46,,,,969.4(27),0,1020.7,961.7,11.6,33.3(03),18.0,13,,,32/12.2(18),1,,,0,2,6.8(23),173,99,0,,,24.4,,,7,0,15.4,,19.5,27.3,,951.6(18),2,,,,
2017-11,3260B,19.6(04),,58,,,,969.8(26),,1020.9,960.0,4.3,22.6(01),12.8,0,,,,2,,,,5,-0.8(30),,75,0,,,35.0,,,,2,8.6,,11.0,17.6,,946.8(29),2,31240,,,
2017-12,3260B,9.0(11),,73,,,5.8,976.4(21),,1025.6,963.7,1.8,17.2(28),9.0,0,,,,0,,61,,6,-3.6(06),,76,0,,,20.4,,,,14,5.5,,7.1,12.3,,930.9(11),4,24100,,,
2017-13,3260B,23.0(28/ago),,48,,,,976.4(21/dic),,1017.9,958.7,10.4,42.8(13/jul),25.8,124,,,,7,,,,54,-4.5(18/ene),,91,0,,,221.8,,,,36,2.1,,17.4,24.3,,930.9(11/dic),36,,,,
2017-1,3260B,2.8(27),,69,,,6.0,970.1(07),3,1023.4,961.4,0.8,19.2(11),8.2,0,,,04/16.9(19),0,,62,0,3,-4.5(18),206,68,0,,,5.8,,,9,16,2.1,,6.6,12.2,,947.0(27),2,26630,,,
2017-2,3260B,6.8(12),,68,,,5.5,970.9(16),6,1019.6,958.6,4.8,20.9(22),10.8,0,,,31/28.6(05),0,,51,1,10,-0.6(09),315,85,0,,,16.2,,,14,1,8.9,,9.9,15.0,,938.5(13),6,27832,,,
2017-3,3260B,4.6(24),,59,,,8.0,968.2(08),4,1019.3,958.9,5.4,29.0(10),10.5,0,,,26/22.8(03),0,,67,0,9,-0.8(25),272,81,0,,,14.4,,,12,3,8.2,,12.3,19.1,,942.3(03),5,48932,,,
2017-4,3260B,6.0(29),,40,,,10.8,964.8(21),3,1016.8,957.6,8.7,30.0(18),15.1,1,,,26/19.4(30),0,,82,0,5,4.1(04),302,73,0,,,13.2,,,14,0,15.8,,16.3,23.8,,946.7(26),3,70650,,,
2017-5,3260B,7.4(10),,40,,,10.7,967.7(15),1,1013.8,955.7,13.4,35.9(25),19.7,14,,,30/17.5(05),0,,74,0,5,4.1(01),273,100,0,,,14.4,,,13,0,20.2,,21.0,28.6,,940.4(11),4,78285,,,
2017-6,3260B,6.0(02),,31,,,11.9,962.4(23),6,1012.6,955.7,19.4,41.2(17),24.1,24,,,28/18.1(02),0,,79,0,2,10.9(30),287,114,0,,,10.6,,,14,0,24.9,,27.2,34.9,,950.1(28),2,83580,,,
2017-7,3260B,15.6(07),,30,,,13.4,965.2(02),1,1012.6,955.9,19.8,42.8(13),23.5,27,,,16/18.3(06),3,,91,0,3,12.3(01),237,110,0,,,39.6,,,12,0,24.1,,27.8,35.7,,949.4(31),3,87877,,,
2017-8,3260B,23.0(28),,31,,,11.8,964.4(10),0,1013.5,956.7,19.9,41.0(05),25.8,27,,,06/13.3(09),1,,86,0,4,12.9(10),239,111,0,,,27.8,,,11,0,23.4,,27.6,35.2,,951.7(07),3,74764,,,
2017-9,3260B,0.0(--),,34,,,11.0,964.4(28),0,1016.1,958.1,14.9,35.5(06),19.1,18,,,01/13.6(09),0,,88,0,0,8.8(17),205,94,0,,,0.0,,,10,0,24.1,,22.6,30.4,,948.4(09),0,59637,,,
2018-10,3260B,14.6(30),,60,,,7.1,966.2(23),0,1013.8,954.6,10.6,30.6(04),16.7,2,,,29/14.7(14),2,,63,0,16,3.2(29),216,109,0,,,57.4,,,9,0,11.9,,16.5,22.4,,939.4(30),10,37602,,,
2018-11,3260B,13.0(04),,77,,,4.8,965.1(28),2,1015.3,955.0,7.3,20.5(17),11.9,0,,,28/18.6(26),1,,48,0,12,-0.1(29),238,104,0,,,43.2,,,10,1,11.5,,11.7,16.0,,941.3(20),11,23550,,,
2018-12,3260B,3.6(12),,,,,,972.9(22),2,1026.9,965.6,2.3,18.0(05),7.6,0,,,28/17.2(13),0,,,0,5,-2.3(29),143,,0,,,8.2,,,7,6,9.4,,7.8,13.2,,947.6(13),2,,,,
2018-13,3260B,40.4(24/may),,,,,,974.4(28/ene),30,1015.3,956.1,10.1,42.6(03/ago),23.8,101,,,27/26.4(02/mar),17,,,1,102,-4.9(24/feb),244,,1,,,449.4,,,11,23,4.6,,16.2,22.4,,924.0(01/mar),74,,,,
2018-1,3260B,11.6(05),,77,,,5.6,974.4(28),1,1024.0,962.2,2.6,17.3(21),9.7,0,,,33/17.5(26),2,,57,0,8,-1.3(15),213,80,0,,,39.4,,,9,4,4.6,,7.6,12.6,,937.0(06),6,,,,
2018-2,3260B,15.4(27),,63,,,6.5,965.7(15),1,1015.3,953.8,1.1,18.9(26),7.6,0,,,20/17.5(28),3,,60,0,8,-4.9(24),224,63,0,,,47.0,,,10,10,4.6,,6.7,12.4,,930.4(28),7,,,,
2018-3,3260B,18.8(10),,67,,,6.4,965.4(27),12,1008.9,948.5,5.3,21.9(28),9.7,0,,,27/26.4(02),5,,53,1,22,-1.3(22),375,82,0,,,107.0,,,17,2,9.4,,9.8,14.4,,924.0(01),15,44971,,,
2018-4,3260B,13.0(10),,61,,,8.2,964.5(17),6,1012.4,952.8,7.9,29.4(25),14.0,0,,,28/18.1(29),1,,61,0,13,3.9(10),319,96,0,,,47.6,,,14,0,8.4,,13.8,19.6,,934.5(10),12,58022,,,
2018-5,3260B,40.4(24),,51,,,9.8,962.2(13),2,1013.2,954.5,11.3,29.7(24),15.0,0,,,11/16.7(05),2,,68,0,9,4.3(04),246,110,1,,,60.4,,,11,0,17.2,,18.0,24.7,,947.5(24),5,74717,,,
2018-6,3260B,15.8(01),,47,,,10.6,962.6(18),1,1012.8,955.2,15.8,38.9(24),21.8,16,,,16/16.1(02),1,,71,0,6,10.3(07),260,127,0,,,28.8,,,12,0,20.1,,22.7,29.6,,946.1(29),4,76413,,,
2018-7,3260B,0.0(--),,31,,,13.3,961.1(05),1,1012.4,955.6,19.1,37.9(31),22.0,27,,,21/15.8(13),0,,90,0,0,16.0(05),246,113,0,,,0.0,,,13,0,28.4,,26.7,34.3,,951.3(01),0,91243,,,
2018-8,3260B,6.2(16),,31,,,11.9,962.0(11),1,1012.9,956.2,20.2,42.6(03),23.8,31,,,27/16.7(16),0,,87,0,1,16.8(26),232,118,0,,,6.2,,,10,0,32.2,,28.5,36.7,,950.0(08),1,76685,,,
2018-9,3260B,3.4(08),,44,,,10.3,969.2(27),1,1016.2,958.7,17.7,37.6(02),22.1,25,,,36/18.3(14),0,,83,0,2,13.5(30),212,138,0,,,4.2,,,9,0,26.9,,25.1,32.5,,949.6(03),1,59075,,,
2019-10,3260B,11.9(22),,60,,,7.8,964.7(25),2,1016.5,957.3,11.4,32.6(08),18.0,7,,,27/19.2(14),1,,70,0,3,5.3(21),203,118,0,,,16.7,,,9,0,11.3,,17.7,24.0,,944.5(19),2,39887,,,
2019-11,3260B,9.0(17),,71,,,4.5,963.2(01),9,1013.0,952.7,7.2,22.7(01),16.6,0,,,28/19.7(13),0,,45,0,14,0.0(19),352,97,0,,,43.2,,,15,1,9.1,,11.1,14.8,,932.7(22),9,21728,,,
2019-12,3260B,20.4(20),,81,,,3.7,972.0(31),6,1020.2,959.1,5.3,19.1(21),12.6,0,,,28/27.5(21),3,,40,1,10,-1.2(31),268,96,0,,,50.6,,,11,3,8.3,,9.4,13.5,,938.1(20),6,17565,,,
2019-13,3260B,,,,,,,973.4(05/ene),41,,957.1,10.3,41.9(29/jun),25.0,111,,,28/27.5(21/dic),,,,2,,-4.4(07/ene),269,,,,,,,,12,30,6.2,,17.1,23.8,,932.7(22/nov),,648416,,,
2019-1,3260B,4.6(31),,,,,,973.4(05),5,1018.6,960.1,-0.2,19.0(25),9.3,0,,,28/17.8(29),0,,,0,3,-4.4(07),206,,0,,,9.4,,,10,21,6.2,,6.6,13.4,,937.1(31),3,29268,,,
2019-2,3260B,1.2(01),,55,,,9.1,971.3(25),3,1024.8,963.5,2.1,23.7(26),6.7,0,,,29/25.8(01),0,,85,1,1,-2.9(04),233,66,0,,,1.2,,,11,5,10.5,,10.1,18.0,,940.8(02),1,37626,,,
2019-3,3260B,2.8(06),,45,,,10.1,971.5(09),2,1022.1,961.8,5.5,27.4(16),9.6,0,,,28/22.8(06),0,,84,0,2,0.9(14),263,67,0,,,3.2,,,12,0,14.5,,13.0,20.4,,943.9(06),1,58739,,,
2019-4,3260B,16.0(18),,58,,,8.1,966.4(27),6,1012.6,952.9,7.7,28.8(30),11.8,0,,,27/19.2(06),2,,61,0,15,2.6(04),298,89,0,,,47.6,,,14,0,11.1,,13.8,19.8,,938.7(22),9,56581,,,
2019-5,3260B,0.6(08),,37,,,11.7,965.4(12),1,1013.3,955.1,12.1,34.9(15),16.1,9,,,28/18.9(16),0,,81,0,2,6.9(04),301,89,0,,,0.8,,,14,0,20.0,,20.0,27.8,,943.5(16),0,80777,,,
2019-6,3260B,0.0(--),,28,,,12.9,961.4(01),1,1011.8,954.6,16.3,41.9(29),25.0,20,,,27/15.3(04),0,,86,0,0,9.6(12),296,89,0,,,0.0,,,14,0,23.3,,24.3,32.3,,947.7(13),0,88860,,,
2019-7,3260B,6.6(23),,30,,,12.1,960.6(22),2,1010.5,954.0,20.7,41.0(12),24.4,30,,,20/24.7(23),0,,83,0,5,15.6(09),289,119,0,,,9.0,,,13,0,27.4,,28.6,36.5,,949.1(27),2,85138,,,
2019-8,3260B,4.2(26),,33,,,11.7,961.5(22),1,1013.1,956.2,19.7,39.0(17),22.9,29,,,09/16.7(30),0,,85,0,1,15.5(12),261,120,0,,,4.2,,,13,0,27.9,,27.4,35.1,,950.7(06),1,76943,,,
2019-9,3260B,,,,,,,966.7(12),3,,958.2,15.8,36.3(03),20.6,16,,,01/16.1(10),,,,0,,12.3(29),261,,,,,,,,11,0,19.8,,22.8,29.8,,952.5(01),,55304,,,
2020-10,3260B,6.6(21),,58,,,8.4,967.9(29),4,1017.7,958.0,8.8,29.6(09),14.4,0,,,20/28.1(20),0,,75,1,6,2.7(17),253,100,0,,,20.4,,,12,0,15.6,,15.4,21.9,,936.4(02),5,43613,,,
2020-11,3260B,6.8(27),,82,,,4.3,971.9(19),2,1021.4,960.8,7.4,23.1(01),13.5,0,,,12/20.3(06),0,,43,0,13,0.4(23),181,117,0,,,29.6,,,8,0,11.1,,12.1,16.9,,945.8(28),9,21361,,,
2020-12,3260B,13.2(07),,79,,,4.8,969.4(21),7,1017.1,955.9,4.1,17.5(01),13.1,0,,,25/20.0(07),1,,51,0,12,-3.2(26),281,89,0,,,35.4,,,12,6,8.9,,8.1,12.2,,936.0(04),8,20275,,,
2020-13,3260B,16.6(14/abr),,59,,,8.2,973.7(04/ene),38,1017.2,957.9,10.7,42.5(27/jul),24.3,98,,,20/28.1(20/oct),7,,65,2,95,-3.2(12/ene),248,107,0,,,307.4,,,12,17,7.3,,17.0,23.2,,936.0(04/dic),61,596117,,,
2020-1,3260B,10.0(18),,79,,,4.7,973.7(04),4,1026.5,964.5,2.7,17.5(16),10.6,0,,,07/17.5(19),1,,49,0,8,-3.2(12),191,82,0,,,29.0,,,8,11,7.3,,7.6,12.4,,954.1(21),6,20936,,,
2020-2,3260B,0.8(08),,75,,,6.3,973.5(23),1,1026.5,965.4,4.6,22.8(22),11.0,0,,,26/17.2(29),0,,58,0,2,0.6(22),169,97,0,,,1.0,,,8,0,11.8,,10.8,17.0,,953.2(29),0,30805,,,
2020-3,3260B,11.6(15),,65,,,7.0,967.1(10),5,1016.6,956.4,6.2,27.3(12),11.4,0,,,26/26.7(02),1,,58,1,11,0.7(28),319,92,0,,,47.8,,,15,0,10.5,,12.0,17.8,,943.4(02),9,40374,,,
2020-4,3260B,16.6(14),,70,,,6.7,963.5(07),0,1014.0,954.5,9.6,23.7(24),13.0,0,,,27/15.0(30),2,,51,0,20,4.2(02),251,119,0,,,65.8,,,11,0,15.1,,14.7,19.8,,947.1(21),10,50723,,,
2020-5,3260B,12.8(12),,51,,,9.8,966.1(26),2,1014.5,956.3,13.5,34.9(23),18.3,14,,,27/16.7(10),1,,68,0,8,9.6(13),254,122,0,,,30.0,,,12,0,17.0,,20.6,27.7,,944.1(13),5,71968,,,
2020-6,3260B,3.8(24),,36,,,12.2,963.3(21),5,1012.1,954.7,16.2,40.0(30),21.3,14,,,24/17.5(11),0,,81,0,4,9.7(13),310,109,0,,,7.4,,,15,0,21.9,,23.6,31.0,,945.1(11),2,81460,,,
2020-7,3260B,4.8(21),,29,,,12.7,962.3(04),5,1011.8,955.5,21.1,42.5(27),24.2,31,,,21/20.8(30),0,,86,0,3,17.6(03),275,122,0,,,6.0,,,13,0,33.6,,29.6,38.0,,950.7(08),2,83231,,,
2020-8,3260B,15.8(11),,34,,,11.7,962.2(22),0,1011.9,955.0,19.2,41.4(07),24.3,25,,,30/14.7(01),1,,86,0,2,11.2(31),248,118,0,,,16.0,,,13,0,25.6,,26.9,34.7,,946.3(28),1,74711,,,
2020-9,3260B,7.2(18),,45,,,9.8,964.2(04),3,1015.8,957.7,15.0,35.6(06),19.9,14,,,19/18.3(17),0,,78,0,6,7.3(28),245,117,0,,,19.0,,,11,0,22.0,,22.2,29.3,,951.6(18),4,56660,,,
2021-10,3260B,30.2(29),6,57,0,0,8.0,965.8(19),1,1018.3,959.0,10.6,27.7(08),14.8,0,0,11,99/16.1(31),2,14,72,0,6,4.9(24),186,113,1,0,,64.4,6,0,8,0,17.0,0,17.4,24.2,0,950.5(03),4,,,,
2021-11,3260B,6.2(22),5,69,0,0,6.9,967.0(30),1,1017.9,956.9,3.9,20.2(08),10.3,0,0,14,01/20.8(27),0,11,69,0,5,0.5(28),208,81,0,0,,9.8,5,0,9,0,6.8,0,9.4,14.9,0,946.3(22),3,,,,
2021-12,3260B,,8,,,,,,,,,,,,,3,5,,,17,,,,,,93,,0,,,,,11,,,,,,0,,,,,,
2021-13,3260B,,,,,,,,,,,,,,,,,,,,,,,,,102,,,,,,,12,,,,,,,,,,,,
2021-1,3260B,36.6(08),,83,,,5.8,970.2(13),4,1020.2,958.0,-0.4,18.8(27),11.8,0,,,28/18.6(24),1,,60,0,13,-13.4(12),251,75,1,,,69.2,,,10,19,0.9,,4.3,8.9,,942.0(08),8,,,,
2021-2,3260B,12.8(07),,73,,,6.5,972.3(23),,1017.9,957.3,6.1,21.1(19),10.2,0,,,,2,,61,,6,1.4(23),,97,0,,,36.0,,,12,0,11.8,,11.2,16.2,,940.6(05),6,,,,
2021-3,3260B,2.6(08),,56,,,8.7,968.4(03),4,1021.3,960.8,5.6,25.2(31),11.0,0,,,14/16.9(31),0,,73,0,2,-0.5(21),299,79,0,,,2.8,,,12,1,12.7,,12.0,18.3,,950.7(19),1,,,,
2021-4,3260B,24.0(27),,62,,,7.5,964.4(12),0,1013.6,954.0,8.9,25.3(06),11.9,0,,,10/14.2(01),2,,57,0,15,2.5(17),268,103,0,,,79.4,,,12,0,13.1,,14.6,20.3,,944.3(27),11,54433,,,
2021-5,3260B,3.2(03),,46,,,11.0,963.5(25),5,1014.7,956.2,12.1,34.0(30),18.4,7,,,25/18.1(31),0,,76,0,4,6.6(11),284,104,0,,,6.8,,,14,0,18.3,,19.2,26.2,,946.1(09),3,80504,,,
2021-6,3260B,2.0(17),,40,,,10.7,962.7(05),3,1013.4,955.9,16.1,37.1(10),22.0,20,,,13/18.6(13),0,,71,0,8,10.9(23),271,115,0,,,7.0,,,13,0,20.2,,23.7,31.1,,948.2(16),3,79309,,,
2021-7,3260B,5.0(25),,29,,,12.6,962.9(08),2,1012.2,955.4,19.0,42.3(11),23.1,26,,,25/17.2(11),0,,86,0,2,12.2(07),289,106,0,,,5.2,,,15,0,25.8,,27.1,35.1,,950.7(19),1,,,,
2021-8,3260B,56.6(31),,30,,,12.1,961.6(13),3,1011.8,955.2,20.1,44.2(13),25.5,30,,,20/17.8(11),1,,88,0,3,14.1(01),253,115,1,,,59.2,,,12,0,29.6,,28.3,36.4,,948.2(06),2,76582,,,
2021-9,3260B,27.4(01),,55,,,8.7,965.9(30),1,1015.9,957.7,15.9,34.9(07),22.3,6,,,16/20.3(22),3,,70,0,6,10.9(21),222,143,0,,,73.8,,,10,0,21.6,,22.0,28.1,,952.4(12),6,,,,
2022-10,3260B,5.4(11),9,52,0,0,7.1,966.9(02),3,1017.9,959.2,13.8,33.1(04),20.0,8,0,10,21/21.7(19),0,12,63,0,7,7.2(01),203,118,0,0,,16.8,7,2,9,0,18.8,0,20.5,27.2,0,951.9(22),4,39309,,,
2022-11,3260B,7.8(18),11,71,0,1,5.4,970.1(26),3,1019.6,959.3,7.6,24.3(02),13.3,0,1,7,26/19.4(17),0,12,53,0,13,0.9(30),248,107,0,0,,29.2,13,1,12,0,12.8,0,12.9,18.1,0,949.4(17),8,25934,,,
2022-12,3260B,37.6(13),14,84,,,3.1,971.5(27),1,1016.3,955.7,6.6,19.6(25),13.5,0,6,3,24/17.5(12),2,14,33,0,16,-0.2(03),182,108,1,0,,105.6,,,8,1,10.0,,10.6,14.6,0,938.6(09),12,16886,,,
2022-13,3260B,37.6(13/dic),89,,,,8.5,,,,,,,,,18,129,,8,144,68,,80,,,101,1,0,,351.7,,,11,,,,,,0,,55,,,,
2022-1,3260B,6.3(05),2,,0,3,7.7,,,,,,,,,0,19,,0,10,79,,3,,,67,0,0,,9.5,2,0,8,,,0,,,0,,2,,,,
2022-2,3260B,2.4(25),6,59,,,7.6,970.4(09),0,1025.2,964.0,3.1,21.4(22),8.0,0,0,10,30/14.2(14),0,12,72,0,5,-0.7(07),169,73,0,0,,5.6,,,8,2,12.1,,10.2,17.4,0,955.4(18),2,,,,
2022-3,3260B,21.8(03),21,72,,,3.8,966.0(01),5,1016.5,956.2,7.0,19.9(01),12.2,0,0,0,25/16.7(13),2,10,32,0,16,0.9(06),293,94,0,0,,77.0,,,12,0,10.6,,11.0,14.9,0,942.9(30),13,,,,
2022-4,3260B,29.6(19),9,60,,,8.8,965.6(29),3,1013.8,954.0,6.9,27.4(16),11.2,0,1,8,26/18.9(23),3,10,66,0,12,-0.6(03),260,94,0,0,,79.2,,,12,2,7.4,,13.1,19.3,0,937.6(22),8,,,,
2022-5,3260B,9.2(03),6,42,0,0,11.5,964.4(26),1,1014.6,956.6,13.5,36.5(19),19.4,12,0,12,16/22.8(21),0,13,80,0,1,7.7(25),250,108,0,0,,9.2,1,1,12,0,18.8,0,21.2,28.9,0,945.5(29),1,,,,
2022-6,3260B,3.0(22),3,31,0,0,11.9,961.5(05),2,1012.4,955.3,17.9,41.8(17),24.8,20,0,10,18/22.8(17),0,17,79,0,1,12.9(24),288,105,0,0,,3.0,1,2,14,0,24.5,0,25.6,33.3,0,948.0(21),1,,,,
2022-7,3260B,0.0(--),0,24,0,0,13.0,964.7(07),1,1013.1,956.9,22.0,42.5(13),25.1,31,0,25,19/22.8(30),0,6,88,0,0,15.1(01),261,104,0,0,,0.0,0,0,12,0,34.5,0,30.6,39.1,0,950.6(27),0,,,,
2022-8,3260B,0.2(26),2,29,0,0,11.7,961.5(19),2,1010.8,954.4,21.2,40.6(04),25.0,31,0,17,19/20.6(13),0,12,86,0,1,15.0(18),242,117,0,0,,0.2,1,5,11,0,30.3,0,29.0,36.8,0,948.4(15),0,78535,,,
2022-9,3260B,10.0(12),6,43,0,0,10.1,961.6(30),2,1012.9,955.0,16.2,38.1(11),23.8,16,10,8,20/23.9(13),1,16,81,0,5,8.4(30),244,120,0,0,,16.4,5,2,11,0,17.3,0,22.8,29.4,0,947.7(29),4,61192,,,
